ID_Transacao,Data_Venda,ID_Cliente,Nome_Produto,Categoria_Produto,Valor_Unitario,Quantidade,Localidade_Venda,Metodo_Pagamento,Status_Pedido
TX_10001,2025-05-06 07:37:00,CLI_242,Smartphone,Eletrônicos,2581.6,5,Bom Despacho/MG/Brasil,Cartão de Crédito,Em Processamento
TX_10002,2025-02-17 07:27:00,CLI_338,Ficção Científica,Livros,1776.16,1,São Paulo/SP/Brasil,Boleto Bancário,Concluído
TX_10003,2025-10-29 09:29:00,CLI_928,Biografia,Livros,3044.51,2,Curitiba/PR/Brasil,Boleto Bancário,Cancelado
TX_10004,2025-04-21 11:29:00,CLI_204,Cafeteira,Casa,338.22,1,Rio de Janeiro/RJ/Brasil,Pix,Concluído
TX_10005,2025-10-02 04:15:00,CLI_487,Luminária,Casa,289.62,3,Curitiba/PR/Brasil,Boleto Bancário,Em Processamento
TX_10006,2025-01-24 22:34:00,CLI_333,Jogo de Cama,Casa,2709.14,1,São Paulo/SP/Brasil,Cartão de Crédito,Concluído
TX_10007,2025-11-22 12:27:00,CLI_266,Desenvolvimento Pessoal,Livros,1305.08,2,Curitiba/PR/Brasil,Boleto Bancário,Concluído
TX_10008,2026-01-09 08:21:00,CLI_267,Notebook,Eletrônicos,1625.98,3,Salvador/BA/Brasil,Boleto Bancário,Em Processamento
TX_10009,2025-04-28 01:05:00,CLI_924,Tênis,Vestuário,1114.35,3,São Paulo/SP/Brasil,Cartão de Crédito,Concluído
TX_10010,2025-07-22 21:56:00,CLI_569,Jogo de Cama,Casa,512.91,2,Curitiba/PR/Brasil,Cartão de Crédito,Em Processamento
TX_10011,2025-07-24 12:21:00,CLI_324,Cadeira Escritório,Casa,3490.68,2,Salvador/BA/Brasil,Boleto Bancário,Cancelado
TX_10012,2025-03-20 21:25:00,CLI_263,Smartphone,Eletrônicos,2775.4,4,São Paulo/SP/Brasil,Boleto Bancário,Concluído
TX_10013,2025-08-28 18:03:00,CLI_357,História,Livros,3399.21,1,Salvador/BA/Brasil,Boleto Bancário,Concluído
TX_10014,2025-05-31 14:50:00,CLI_261,Cafeteira,Casa,1596.23,3,São Paulo/SP/Brasil,Boleto Bancário,Concluído
TX_10015,2025-11-08 06:47:00,CLI_256,Fone de Ouvido,Eletrônicos,1318.09,2,Salvador/BA/Brasil,Boleto Bancário,Em Processamento
TX_10016,2025-01-10 03:49:00,CLI_471,Fone de Ouvido,Eletrônicos,3077.35,3,Curitiba/PR/Brasil,Cartão de Crédito,Concluído
TX_10017,2026-01-10 16:35:00,CLI_935,Camiseta,Vestuário,256.21,5,São Paulo/SP/Brasil,Cartão de Crédito,Concluído
TX_10018,2025-09-28 20:42:00,CLI_533,Biografia,Livros,3375.8,5,Bom Despacho/MG/Brasil,Boleto Bancário,Concluído
TX_10019,2025-08-13 17:39:00,CLI_562,Cadeira Escritório,Casa,436.7,2,Bom Despacho/MG/Brasil,Cartão de Crédito,Concluído
TX_10020,2025-04-23 00:14:00,CLI_172,Notebook,Eletrônicos,2481.83,1,Salvador/BA/Brasil,Cartão de Crédito,Concluído
TX_10021,2025-09-21 08:07:00,CLI_385,Fone de Ouvido,Eletrônicos,2346.39,2,São Paulo/SP/Brasil,Boleto Bancário,Concluído
TX_10022,2025-07-28 06:29:00,CLI_196,Biografia,Livros,352.8,4,Curitiba/PR/Brasil,Pix,Cancelado
TX_10023,2025-12-11 22:18:00,CLI_761,História,Livros,357.99,4,São Paulo/SP/Brasil,Boleto Bancário,Concluído
TX_10024,2025-04-08 18:18:00,CLI_559,Notebook,Eletrônicos,,2,Rio de Janeiro/RJ/Brasil,Pix,Cancelado
TX_10025,2025-10-09 03:20:00,CLI_151,Camiseta,Vestuário,2287.72,5,Curitiba/PR/Brasil,Cartão de Crédito,Concluído
TX_10026,2025-09-06 16:25:00,CLI_318,Calça Jeans,Vestuário,3028.31,1,Curitiba/PR/Brasil,Cartão de Crédito,Cancelado
TX_10027,2025-08-21 09:44:00,CLI_533,Smartwatch,Eletrônicos,2442.62,5,Bom Despacho/MG/Brasil,Boleto Bancário,Cancelado
TX_10028,2025-04-22 01:59:00,CLI_693,Calça Jeans,Vestuário,2579.04,1,Bom Despacho/MG/Brasil,Boleto Bancário,Concluído
TX_10029,2025-09-02 17:09:00,CLI_973,Smartphone,Eletrônicos,1865.97,1,Salvador/BA/Brasil,Boleto Bancário,Concluído
TX_10030,2025-02-04 23:02:00,CLI_982,Camiseta,Vestuário,834.69,1,Salvador/BA/Brasil,Boleto Bancário,Concluído
TX_10031,2025-12-03 19:55:00,CLI_678,Smartphone,Eletrônicos,1836.9,3,Curitiba/PR/Brasil,Cartão de Crédito,Concluído
TX_10032,2025-03-09 22:55:00,CLI_760,Tênis,Vestuário,1060.49,3,Curitiba/PR/Brasil,Cartão de Crédito,Concluído
TX_10033,2025-10-03 07:16:00,CLI_618,Ficção Científica,Livros,939.22,3,São Paulo/SP/Brasil,Cartão de Crédito,Concluído
TX_10034,2025-08-13 18:32:00,CLI_820,Cafeteira,Casa,1069.27,5,Rio de Janeiro/RJ/Brasil,Cartão de Crédito,
TX_10035,2025-05-16 03:56:00,CLI_209,Luminária,Casa,2602.32,2,Rio de Janeiro/RJ/Brasil,Pix,Concluído
TX_10036,2025-12-18 21:38:00,CLI_973,Tênis,Vestuário,934.98,4,Rio de Janeiro/RJ/Brasil,Pix,Concluído
TX_10037,2025-01-23 00:07:00,CLI_441,Smartwatch,Eletrônicos,2702.35,3,Bom Despacho/MG/Brasil,Cartão de Crédito,Cancelado
TX_10038,2025-02-08 23:35:00,CLI_252,Ficção Científica,Livros,1916.38,3,São Paulo/SP/Brasil,Boleto Bancário,Em Processamento
TX_10039,2025-01-22 10:31:00,CLI_473,Jaqueta,Vestuário,3147.95,1,Rio de Janeiro/RJ/Brasil,Pix,Concluído
TX_10040,2026-02-04 19:06:00,CLI_995,Camiseta,Vestuário,1431.23,5,Bom Despacho/MG/Brasil,Boleto Bancário,Concluído
TX_10041,2025-07-31 00:50:00,CLI_283,Calça Jeans,Vestuário,2581.93,3,Rio de Janeiro/RJ/Brasil,Pix,Concluído
TX_10042,2025-07-15 01:19:00,CLI_979,Jogo de Cama,Casa,1655.35,2,São Paulo/SP/Brasil,Pix,Concluído
TX_10043,2025-01-13 22:31:00,CLI_297,Jogo de Cama,Casa,1403.65,3,Rio de Janeiro/RJ/Brasil,Cartão de Crédito,Concluído
TX_10044,2025-06-19 00:56:00,CLI_218,Cadeira Escritório,Casa,3071.48,3,Salvador/BA/Brasil,Cartão de Crédito,Em Processamento
TX_10045,2025-11-02 14:49:00,CLI_453,Luminária,Casa,2553.98,3,São Paulo/SP/Brasil,Pix,Em Processamento
TX_10046,2025-04-08 08:41:00,CLI_145,Smartwatch,Eletrônicos,2485.12,1,Salvador/BA/Brasil,Boleto Bancário,Em Processamento
TX_10047,2025-02-05 22:40:00,CLI_438,Tênis,Vestuário,2186.7,1,Curitiba/PR/Brasil,Boleto Bancário,Concluído
TX_10048,2025-07-26 23:47:00,CLI_402,Cadeira Escritório,Casa,1947.13,2,Bom Despacho/MG/Brasil,Pix,Cancelado
TX_10049,2025-10-08 00:00:00,CLI_411,Tênis,Vestuário,1014.89,4,Curitiba/PR/Brasil,Boleto Bancário,Em Processamento
TX_10050,2025-08-15 23:03:00,CLI_318,Cadeira Escritório,Casa,1796.44,2,Curitiba/PR/Brasil,Boleto Bancário,Concluído
TX_10051,2026-01-20 08:01:00,CLI_788,Cafeteira,Casa,1096.81,2,São Paulo/SP/Brasil,Cartão de Crédito,Concluído
TX_10052,2025-11-09 02:29:00,CLI_566,Notebook,Eletrônicos,1459.33,5,Curitiba/PR/Brasil,Cartão de Crédito,Cancelado
TX_10053,2025-03-17 22:23:00,CLI_804,História,Livros,34.32,1,Rio de Janeiro/RJ/Brasil,Pix,Concluído
TX_10054,2025-10-13 08:30:00,CLI_968,Jaqueta,Vestuário,437.93,2,São Paulo/SP/Brasil,Pix,Em Processamento
TX_10055,2026-01-04 17:13:00,CLI_536,Cadeira Escritório,Casa,2909.53,5,Salvador/BA/Brasil,Pix,Concluído
TX_10056,2026-01-20 08:26:00,CLI_960,História,Livros,2237.25,5,Bom Despacho/MG/Brasil,Pix,Concluído
TX_10057,2026-01-01 09:45:00,CLI_340,Cadeira Escritório,Casa,961.93,3,São Paulo/SP/Brasil,Boleto Bancário,Concluído
TX_10058,2025-07-16 23:41:00,CLI_256,Calça Jeans,Vestuário,2476.87,1,Rio de Janeiro/RJ/Brasil,Pix,Cancelado
TX_10059,2025-02-01 07:03:00,CLI_952,Cadeira Escritório,Casa,1479.2,5,Curitiba/PR/Brasil,Boleto Bancário,Concluído
TX_10060,2025-06-30 10:11:00,CLI_871,História,Livros,1374.1,4,São Paulo/SP/Brasil,Boleto Bancário,Em Processamento
TX_10061,2025-05-20 14:52:00,CLI_597,Jaqueta,Vestuário,116.15,3,Rio de Janeiro/RJ/Brasil,Boleto Bancário,Cancelado
TX_10062,2025-11-15 18:13:00,CLI_127,Jaqueta,Vestuário,3175.65,5,Rio de Janeiro/RJ/Brasil,Boleto Bancário,Concluído
TX_10063,2025-08-25 06:12:00,CLI_151,Smartwatch,Eletrônicos,921.64,3,Rio de Janeiro/RJ/Brasil,Cartão de Crédito,Cancelado
TX_10064,2025-05-23 14:23:00,CLI_358,Cafeteira,Casa,2924.66,4,Curitiba/PR/Brasil,Cartão de Crédito,Em Processamento
TX_10065,2025-11-29 02:20:00,CLI_899,Fone de Ouvido,Eletrônicos,3351.14,1,Rio de Janeiro/RJ/Brasil,Cartão de Crédito,Concluído
TX_10066,2025-03-20 08:08:00,CLI_229,Camiseta,Vestuário,1665.36,1,Salvador/BA/Brasil,Boleto Bancário,Concluído
TX_10067,2025-03-27 20:40:00,CLI_721,Desenvolvimento Pessoal,Livros,3373.62,1,Bom Despacho/MG/Brasil,Cartão de Crédito,Concluído
TX_10068,2025-10-22 23:07:00,CLI_484,Smartphone,Eletrônicos,1397.34,2,Bom Despacho/MG/Brasil,Cartão de Crédito,Em Processamento
TX_10069,2025-12-17 20:29:00,CLI_924,Camiseta,Vestuário,436.88,5,Bom Despacho/MG/Brasil,Cartão de Crédito,Concluído
TX_10070,2025-09-17 22:06:00,CLI_449,Desenvolvimento Pessoal,Livros,59.09,4,São Paulo/SP/Brasil,Pix,Concluído
TX_10071,2025-12-29 05:13:00,CLI_545,Desenvolvimento Pessoal,Livros,628.84,5,Curitiba/PR/Brasil,Boleto Bancário,Concluído
TX_10072,2026-01-10 20:13:00,CLI_374,História,Livros,1138.23,2,Curitiba/PR/Brasil,Cartão de Crédito,Concluído
TX_10073,2025-10-19 20:49:00,CLI_784,Biografia,Livros,1335.78,1,Curitiba/PR/Brasil,Pix,Concluído
TX_10074,2025-07-01 08:49:00,CLI_448,Jaqueta,Vestuário,989.61,5,Rio de Janeiro/RJ/Brasil,Boleto Bancário,Concluído
TX_10075,2025-05-04 13:52:00,CLI_600,Notebook,Eletrônicos,1949.79,2,São Paulo/SP/Brasil,Boleto Bancário,Cancelado
TX_10076,2025-02-17 10:02:00,CLI_326,História,Livros,1424.34,2,São Paulo/SP/Brasil,Pix,Em Processamento
TX_10077,2025-09-29 11:44:00,CLI_535,Cadeira Escritório,Casa,3488.26,5,Salvador/BA/Brasil,Pix,Concluído
TX_10078,2025-05-09 07:52:00,CLI_223,Desenvolvimento Pessoal,Livros,2528.68,3,Bom Despacho/MG/Brasil,Cartão de Crédito,Em Processamento
TX_10079,2026-01-14 16:31:00,CLI_383,Calça Jeans,Vestuário,2540.18,5,Rio de Janeiro/RJ/Brasil,Boleto Bancário,Concluído
TX_10080,2025-04-27 12:19:00,CLI_283,Notebook,Eletrônicos,,5,Bom Despacho/MG/Brasil,Cartão de Crédito,Concluído
TX_10081,2025-05-30 23:48:00,CLI_229,Smartphone,Eletrônicos,2237.98,4,Salvador/BA/Brasil,Cartão de Crédito,Concluído
TX_10082,2025-08-14 11:37:00,CLI_288,Cadeira Escritório,Casa,3379.76,3,Curitiba/PR/Brasil,Pix,Concluído
TX_10083,2025-02-07 19:41:00,CLI_744,Smartwatch,Eletrônicos,2407.28,2,Curitiba/PR/Brasil,Cartão de Crédito,Em Processamento
TX_10084,2025-03-02 19:02:00,CLI_882,Luminária,Casa,1465.37,5,Rio de Janeiro/RJ/Brasil,Boleto Bancário,Concluído
TX_10085,2025-06-02 20:05:00,CLI_539,História,Livros,1079.25,5,Curitiba/PR/Brasil,Cartão de Crédito,Em Processamento
TX_10086,2025-05-16 22:32:00,CLI_183,Notebook,Eletrônicos,562.34,2,Rio de Janeiro/RJ/Brasil,Boleto Bancário,Concluído
TX_10087,2025-08-19 23:31:00,CLI_708,Camiseta,Vestuário,1652.64,1,Curitiba/PR/Brasil,Cartão de Crédito,Concluído
TX_10088,2025-12-18 07:58:00,CLI_370,Cadeira Escritório,Casa,2760.58,5,São Paulo/SP/Brasil,Boleto Bancário,Concluído
TX_10089,2025-04-26 22:06:00,CLI_252,Ficção Científica,Livros,3180.81,2,Salvador/BA/Brasil,Cartão de Crédito,Concluído
TX_10090,2026-01-19 19:25:00,CLI_395,Tênis,Vestuário,1545.45,4,Salvador/BA/Brasil,Boleto Bancário,Concluído
TX_10091,2025-10-04 16:51:00,CLI_548,Desenvolvimento Pessoal,Livros,295.34,1,Salvador/BA/Brasil,Pix,Concluído
TX_10092,2025-04-28 23:00:00,CLI_956,Luminária,Casa,3013.9,5,São Paulo/SP/Brasil,Cartão de Crédito,Concluído
TX_10093,2025-09-23 22:14:00,CLI_552,Notebook,Eletrônicos,3207.51,2,Curitiba/PR/Brasil,Boleto Bancário,Cancelado
TX_10094,2025-06-28 13:56:00,CLI_441,Ficção Científica,Livros,1133.89,1,Curitiba/PR/Brasil,Cartão de Crédito,Concluído
TX_10095,2025-12-06 13:40:00,CLI_933,História,Livros,2665.34,1,Bom Despacho/MG/Brasil,Pix,Concluído
TX_10096,2025-03-01 13:47:00,CLI_985,Cafeteira,Casa,1808.37,1,Bom Despacho/MG/Brasil,Boleto Bancário,Em Processamento
TX_10097,2025-04-07 17:41:00,CLI_470,História,Livros,2184.88,4,São Paulo/SP/Brasil,Boleto Bancário,Cancelado
TX_10098,2025-10-09 04:28:00,CLI_394,Notebook,Eletrônicos,1541.83,4,Bom Despacho/MG/Brasil,Cartão de Crédito,Concluído
TX_10099,2025-10-10 00:28:00,CLI_665,Calça Jeans,Vestuário,1436.85,2,Bom Despacho/MG/Brasil,Cartão de Crédito,Cancelado
TX_10100,2026-01-02 09:57:00,CLI_621,Notebook,Eletrônicos,2473.36,4,Curitiba/PR/Brasil,Pix,Cancelado
TX_10101,2025-03-16 13:05:00,CLI_295,Jaqueta,Vestuário,3227.71,5,Salvador/BA/Brasil,Boleto Bancário,Concluído
TX_10102,2025-06-24 17:19:00,CLI_373,Fone de Ouvido,Eletrônicos,2874.61,3,Curitiba/PR/Brasil,Boleto Bancário,Concluído
TX_10103,2025-10-03 16:31:00,CLI_453,Biografia,Livros,1173.55,5,Curitiba/PR/Brasil,Pix,Cancelado
TX_10104,2025-10-20 13:04:00,CLI_339,Jogo de Cama,Casa,2998.21,4,Rio de Janeiro/RJ/Brasil,Cartão de Crédito,Concluído
TX_10105,2025-12-06 22:15:00,CLI_255,História,Livros,1741.22,1,Curitiba/PR/Brasil,Cartão de Crédito,Em Processamento
TX_10106,2025-02-21 17:57:00,CLI_567,Luminária,Casa,68.49,2,Curitiba/PR/Brasil,Pix,Concluído
TX_10107,2025-06-23 21:16:00,CLI_809,Smartwatch,Eletrônicos,1400.23,1,Bom Despacho/MG/Brasil,Pix,Em Processamento
TX_10108,2025-10-05 01:13:00,CLI_732,Desenvolvimento Pessoal,Livros,253.45,3,Curitiba/PR/Brasil,Cartão de Crédito,Concluído
TX_10109,2025-08-16 05:40:00,CLI_810,Ficção Científica,Livros,1058.64,1,São Paulo/SP/Brasil,Cartão de Crédito,Concluído
TX_10110,2025-07-11 14:42:00,CLI_249,Fone de Ouvido,Eletrônicos,866.03,4,Bom Despacho/MG/Brasil,Boleto Bancário,Concluído
TX_10111,2025-11-09 13:03:00,CLI_734,Calça Jeans,Vestuário,2395.72,4,São Paulo/SP/Brasil,Boleto Bancário,Concluído
TX_10112,2025-08-24 08:42:00,CLI_782,Jaqueta,Vestuário,47.75,4,Bom Despacho/MG/Brasil,Pix,Em Processamento
TX_10113,2025-06-26 20:03:00,CLI_406,Camiseta,Vestuário,2241.7,4,Curitiba/PR/Brasil,Boleto Bancário,Concluído
TX_10114,2025-07-16 16:29:00,CLI_209,Desenvolvimento Pessoal,Livros,841.66,5,Rio de Janeiro/RJ/Brasil,Pix,Em Processamento
TX_10115,2025-12-04 13:30:00,CLI_381,Cafeteira,Casa,43.22,1,São Paulo/SP/Brasil,Boleto Bancário,Cancelado
TX_10116,2025-06-30 07:28:00,CLI_751,Jogo de Cama,Casa,677.61,3,Salvador/BA/Brasil,Boleto Bancário,Concluído
TX_10117,2025-08-14 01:08:00,CLI_693,Smartphone,Eletrônicos,1286.54,2,Bom Despacho/MG/Brasil,Cartão de Crédito,Concluído
TX_10118,2025-04-13 04:30:00,CLI_905,Cadeira Escritório,Casa,1894.84,3,Rio de Janeiro/RJ/Brasil,Boleto Bancário,Em Processamento
TX_10119,2025-09-04 10:04:00,CLI_864,Jogo de Cama,Casa,3048.33,1,Bom Despacho/MG/Brasil,Pix,Concluído
TX_10120,2025-10-13 12:29:00,CLI_192,Calça Jeans,Vestuário,2770.53,1,Curitiba/PR/Brasil,Pix,Em Processamento
TX_10121,2025-12-11 22:56:00,CLI_368,Smartwatch,Eletrônicos,2052.19,3,Bom Despacho/MG/Brasil,Cartão de Crédito,Concluído
TX_10122,2025-10-15 11:11:00,CLI_724,Ficção Científica,Livros,786.46,1,Salvador/BA/Brasil,Boleto Bancário,Cancelado
TX_10123,2025-03-13 01:32:00,CLI_138,Cadeira Escritório,Casa,1075.71,4,São Paulo/SP/Brasil,Cartão de Crédito,Concluído
TX_10124,2025-08-21 12:39:00,CLI_786,Calça Jeans,Vestuário,3323.59,5,Curitiba/PR/Brasil,Pix,Em Processamento
TX_10125,2025-09-08 21:00:00,CLI_517,Jaqueta,Vestuário,3287.6,3,São Paulo/SP/Brasil,Cartão de Crédito,Concluído
TX_10126,2025-05-01 12:22:00,CLI_201,Jaqueta,Vestuário,3433.53,3,Curitiba/PR/Brasil,Boleto Bancário,Concluído
TX_10127,2025-04-08 04:10:00,CLI_968,Smartwatch,Eletrônicos,2887.31,1,Bom Despacho/MG/Brasil,Boleto Bancário,Concluído
TX_10128,2025-05-05 04:17:00,CLI_905,Smartphone,Eletrônicos,1982.55,1,Bom Despacho/MG/Brasil,Boleto Bancário,Concluído
TX_10129,2026-02-01 05:02:00,CLI_907,Calça Jeans,Vestuário,3153.35,1,Bom Despacho/MG/Brasil,Pix,Concluído
TX_10130,2025-02-26 22:33:00,CLI_987,Tênis,Vestuário,104.84,1,Rio de Janeiro/RJ/Brasil,Pix,Concluído
TX_10131,2025-05-16 01:47:00,CLI_229,Luminária,Casa,2599.89,5,Rio de Janeiro/RJ/Brasil,Cartão de Crédito,Concluído
TX_10132,2025-09-20 20:15:00,CLI_211,História,Livros,1590.24,2,Bom Despacho/MG/Brasil,Boleto Bancário,Concluído
TX_10133,2025-02-01 16:20:00,CLI_967,Cadeira Escritório,Casa,1414.64,1,São Paulo/SP/Brasil,Pix,Cancelado
TX_10134,2025-11-08 05:03:00,CLI_167,Smartphone,Eletrônicos,454.78,5,Bom Despacho/MG/Brasil,Boleto Bancário,Em Processamento
TX_10135,2025-09-29 10:03:00,CLI_564,Cadeira Escritório,Casa,1776.85,4,Salvador/BA/Brasil,Cartão de Crédito,Concluído
TX_10136,2025-04-27 14:07:00,CLI_447,Jaqueta,Vestuário,2898.56,4,Curitiba/PR/Brasil,Pix,Concluído
TX_10137,2025-12-07 08:42:00,CLI_483,Cadeira Escritório,Casa,3338.27,4,Bom Despacho/MG/Brasil,Cartão de Crédito,Concluído
TX_10138,2025-02-19 12:43:00,CLI_931,Smartphone,Eletrônicos,468.45,1,Curitiba/PR/Brasil,Boleto Bancário,Em Processamento
TX_10139,2025-07-01 22:42:00,CLI_868,Luminária,Casa,1488.93,1,Curitiba/PR/Brasil,Pix,Em Processamento
TX_10140,2025-10-23 17:19:00,CLI_317,Cafeteira,Casa,554.23,4,São Paulo/SP/Brasil,Cartão de Crédito,Concluído
TX_10141,2026-01-26 09:30:00,CLI_687,Cafeteira,Casa,803.16,4,São Paulo/SP/Brasil,Boleto Bancário,Em Processamento
TX_10142,2025-04-03 09:19:00,CLI_819,Fone de Ouvido,Eletrônicos,2672.0,3,São Paulo/SP/Brasil,Pix,Concluído
TX_10143,2025-12-03 13:40:00,CLI_171,Calça Jeans,Vestuário,509.43,1,Salvador/BA/Brasil,Cartão de Crédito,Em Processamento
TX_10144,2025-08-21 11:38:00,CLI_261,Jaqueta,Vestuário,1304.64,3,Curitiba/PR/Brasil,Boleto Bancário,Em Processamento
TX_10145,2025-03-22 21:05:00,CLI_150,Smartphone,Eletrônicos,2363.78,3,Rio de Janeiro/RJ/Brasil,Pix,Cancelado
TX_10146,2025-05-20 07:21:00,CLI_873,História,Livros,1800.53,3,Curitiba/PR/Brasil,Pix,Concluído
TX_10147,2025-12-08 10:31:00,CLI_146,Cadeira Escritório,Casa,783.51,5,Salvador/BA/Brasil,Cartão de Crédito,Concluído
TX_10148,2026-01-28 04:41:00,CLI_882,Tênis,Vestuário,905.49,3,Rio de Janeiro/RJ/Brasil,Cartão de Crédito,Concluído
TX_10149,2025-03-08 12:58:00,CLI_645,História,Livros,2467.29,5,Rio de Janeiro/RJ/Brasil,Boleto Bancário,Concluído
TX_10150,2025-08-12 00:38:00,CLI_570,Smartwatch,Eletrônicos,3225.25,3,São Paulo/SP/Brasil,Boleto Bancário,Cancelado
TX_10151,2025-02-28 13:49:00,CLI_121,História,Livros,3382.21,2,Bom Despacho/MG/Brasil,Boleto Bancário,Cancelado
TX_10152,2025-02-24 08:18:00,CLI_546,Luminária,Casa,2067.22,5,Curitiba/PR/Brasil,Cartão de Crédito,Cancelado
TX_10153,2025-06-20 05:44:00,CLI_178,Cafeteira,Casa,1794.03,1,Rio de Janeiro/RJ/Brasil,Boleto Bancário,Em Processamento
TX_10154,2026-01-08 22:01:00,CLI_934,Tênis,Vestuário,529.7,1,Bom Despacho/MG/Brasil,Cartão de Crédito,Concluído
TX_10155,2025-03-20 22:22:00,CLI_177,Calça Jeans,Vestuário,632.35,4,Salvador/BA/Brasil,Pix,Em Processamento
TX_10156,2025-03-19 15:00:00,CLI_169,Desenvolvimento Pessoal,Livros,1649.19,3,Bom Despacho/MG/Brasil,Pix,Em Processamento
TX_10157,2025-02-07 10:35:00,CLI_572,Fone de Ouvido,Eletrônicos,1589.92,1,Salvador/BA/Brasil,Pix,Concluído
TX_10158,2025-11-01 17:18:00,CLI_493,Smartphone,Eletrônicos,1627.55,5,Salvador/BA/Brasil,Boleto Bancário,Concluído
TX_10159,2025-11-06 16:14:00,CLI_613,Biografia,Livros,540.75,1,Bom Despacho/MG/Brasil,Pix,Concluído
TX_10160,2025-11-27 05:53:00,CLI_140,Luminária,Casa,878.39,4,Salvador/BA/Brasil,Pix,Em Processamento
TX_10161,2025-05-25 13:13:00,CLI_518,Tênis,Vestuário,2714.01,5,Bom Despacho/MG/Brasil,Cartão de Crédito,Concluído
TX_10162,2025-10-13 23:09:00,CLI_495,Fone de Ouvido,Eletrônicos,1005.25,5,São Paulo/SP/Brasil,Cartão de Crédito,Concluído
TX_10163,2025-06-08 22:23:00,CLI_815,Notebook,Eletrônicos,2322.54,2,Bom Despacho/MG/Brasil,Boleto Bancário,Concluído
TX_10164,2025-03-07 22:52:00,CLI_819,Cadeira Escritório,Casa,2903.92,5,Bom Despacho/MG/Brasil,Cartão de Crédito,Cancelado
TX_10165,2025-06-08 06:09:00,CLI_319,Luminária,Casa,1205.94,4,Bom Despacho/MG/Brasil,Cartão de Crédito,Concluído
TX_10166,2025-06-01 03:27:00,CLI_619,Calça Jeans,Vestuário,2701.5,5,São Paulo/SP/Brasil,Cartão de Crédito,Concluído
TX_10167,2025-03-25 06:10:00,CLI_951,Jaqueta,Vestuário,2429.57,5,Rio de Janeiro/RJ/Brasil,Cartão de Crédito,Cancelado
TX_10168,2025-12-13 08:06:00,CLI_554,Smartwatch,Eletrônicos,2142.93,4,Bom Despacho/MG/Brasil,Cartão de Crédito,Em Processamento
TX_10169,2025-04-10 12:33:00,CLI_794,Tênis,Vestuário,,4,Curitiba/PR/Brasil,Pix,Concluído
TX_10170,2025-04-13 20:38:00,CLI_241,História,Livros,3057.41,1,Rio de Janeiro/RJ/Brasil,Boleto Bancário,Cancelado
TX_10171,2025-03-05 09:43:00,CLI_185,Luminária,Casa,2674.46,3,Salvador/BA/Brasil,Pix,Em Processamento
TX_10172,2025-04-24 15:23:00,CLI_457,Jaqueta,Vestuário,3257.69,4,São Paulo/SP/Brasil,Cartão de Crédito,Cancelado
TX_10173,2025-02-11 12:47:00,CLI_329,Jogo de Cama,Casa,113.23,1,Curitiba/PR/Brasil,Boleto Bancário,Concluído
TX_10174,2025-05-27 16:07:00,CLI_812,Calça Jeans,Vestuário,2911.42,4,São Paulo/SP/Brasil,Pix,Em Processamento
TX_10175,2025-05-12 07:21:00,CLI_955,Smartphone,Eletrônicos,536.08,5,São Paulo/SP/Brasil,Boleto Bancário,Cancelado
TX_10176,2025-06-04 04:09:00,CLI_148,Fone de Ouvido,Eletrônicos,845.96,5,Rio de Janeiro/RJ/Brasil,Pix,Concluído
TX_10177,2025-10-02 00:33:00,CLI_747,Smartwatch,Eletrônicos,1811.08,2,Salvador/BA/Brasil,Boleto Bancário,Concluído
TX_10178,2025-11-11 12:02:00,CLI_346,Cadeira Escritório,Casa,2003.76,2,São Paulo/SP/Brasil,Boleto Bancário,Concluído
TX_10179,2025-10-06 17:19:00,CLI_905,Luminária,Casa,3459.34,5,Salvador/BA/Brasil,Cartão de Crédito,Cancelado
TX_10180,2025-07-11 08:39:00,CLI_865,Ficção Científica,Livros,71.6,1,Curitiba/PR/Brasil,Pix,Concluído
TX_10181,2025-01-23 12:01:00,CLI_659,Fone de Ouvido,Eletrônicos,1194.84,2,Rio de Janeiro/RJ/Brasil,Boleto Bancário,Cancelado
TX_10182,2025-02-02 15:37:00,CLI_137,Biografia,Livros,1037.65,1,Rio de Janeiro/RJ/Brasil,Cartão de Crédito,Concluído
TX_10183,2025-07-23 18:32:00,CLI_584,Cafeteira,Casa,897.8,2,Salvador/BA/Brasil,Pix,Concluído
TX_10184,2025-03-05 12:33:00,CLI_547,Fone de Ouvido,Eletrônicos,3114.86,4,Bom Despacho/MG/Brasil,Pix,Concluído
TX_10185,2025-07-08 17:43:00,CLI_373,Jaqueta,Vestuário,2807.0,4,Curitiba/PR/Brasil,Cartão de Crédito,Cancelado
TX_10186,2025-02-22 02:43:00,CLI_435,Tênis,Vestuário,2318.3,3,Bom Despacho/MG/Brasil,Pix,Em Processamento
TX_10187,2025-06-29 15:15:00,CLI_143,Biografia,Livros,2547.95,3,Curitiba/PR/Brasil,Boleto Bancário,Cancelado
TX_10188,2025-12-10 21:45:00,CLI_515,Luminária,Casa,1281.14,2,São Paulo/SP/Brasil,Cartão de Crédito,Concluído
TX_10189,2025-02-04 08:03:00,CLI_897,Ficção Científica,Livros,2263.39,3,Rio de Janeiro/RJ/Brasil,Pix,Em Processamento
TX_10190,2025-07-09 12:41:00,CLI_554,Notebook,Eletrônicos,2674.35,5,Curitiba/PR/Brasil,Cartão de Crédito,
TX_10191,2025-11-29 09:30:00,CLI_355,Cadeira Escritório,Casa,3362.41,1,Bom Despacho/MG/Brasil,Boleto Bancário,Concluído
TX_10192,2025-03-02 08:56:00,CLI_893,História,Livros,922.11,4,Salvador/BA/Brasil,Cartão de Crédito,Em Processamento
TX_10193,2025-03-04 04:37:00,CLI_973,Cadeira Escritório,Casa,273.07,2,Rio de Janeiro/RJ/Brasil,Boleto Bancário,Cancelado
TX_10194,2025-12-30 02:12:00,CLI_663,Fone de Ouvido,Eletrônicos,1904.47,3,Bom Despacho/MG/Brasil,Cartão de Crédito,Concluído
TX_10195,2025-04-13 04:44:00,CLI_342,Jogo de Cama,Casa,2769.45,1,São Paulo/SP/Brasil,Pix,Em Processamento
TX_10196,2025-03-08 20:53:00,CLI_188,Cadeira Escritório,Casa,244.13,4,Salvador/BA/Brasil,Boleto Bancário,Cancelado
TX_10197,2025-02-07 04:16:00,CLI_424,História,Livros,2253.55,4,Salvador/BA/Brasil,Pix,Em Processamento
TX_10198,2025-11-24 20:03:00,CLI_286,Jogo de Cama,Casa,2690.72,2,Salvador/BA/Brasil,Pix,Em Processamento
TX_10199,2025-03-20 10:22:00,CLI_268,Smartphone,Eletrônicos,579.45,2,Salvador/BA/Brasil,Pix,Em Processamento
TX_10200,2025-04-11 21:40:00,CLI_664,Luminária,Casa,971.46,3,Bom Despacho/MG/Brasil,Boleto Bancário,Em Processamento
TX_10201,2025-10-25 05:15:00,CLI_275,Notebook,Eletrônicos,2310.68,5,Salvador/BA/Brasil,Pix,Em Processamento
TX_10202,2025-01-24 21:53:00,CLI_889,Smartphone,Eletrônicos,2025.05,2,São Paulo/SP/Brasil,Boleto Bancário,Cancelado
TX_10203,2025-05-29 21:54:00,CLI_409,Smartwatch,Eletrônicos,1698.06,4,Salvador/BA/Brasil,Pix,Cancelado
TX_10204,2025-08-14 14:11:00,CLI_595,Smartphone,Eletrônicos,1633.58,3,Rio de Janeiro/RJ/Brasil,Boleto Bancário,Concluído
TX_10205,2025-07-24 04:27:00,CLI_878,Cafeteira,Casa,1306.33,5,Bom Despacho/MG/Brasil,Cartão de Crédito,Concluído
TX_10206,2025-05-17 15:20:00,CLI_353,Jaqueta,Vestuário,505.96,1,São Paulo/SP/Brasil,Pix,Cancelado
TX_10207,2025-06-17 19:43:00,CLI_838,Biografia,Livros,1104.81,2,Rio de Janeiro/RJ/Brasil,Pix,Em Processamento
TX_10208,2025-09-12 00:47:00,CLI_192,História,Livros,3309.14,5,Bom Despacho/MG/Brasil,Pix,Concluído
TX_10209,2025-01-26 09:36:00,CLI_606,Tênis,Vestuário,2097.35,4,São Paulo/SP/Brasil,Pix,Em Processamento
TX_10210,2025-03-10 09:01:00,CLI_844,Smartphone,Eletrônicos,1289.74,4,Curitiba/PR/Brasil,Pix,Concluído
TX_10211,2025-10-15 06:38:00,CLI_471,Ficção Científica,Livros,1942.98,1,Salvador/BA/Brasil,Pix,Em Processamento
TX_10212,2025-12-15 20:51:00,CLI_221,Desenvolvimento Pessoal,Livros,463.39,1,Salvador/BA/Brasil,Pix,Concluído
TX_10213,2025-04-12 20:33:00,CLI_621,Cafeteira,Casa,1413.83,1,Rio de Janeiro/RJ/Brasil,Cartão de Crédito,Concluído
TX_10214,2025-09-23 15:35:00,CLI_252,Tênis,Vestuário,2127.82,5,Curitiba/PR/Brasil,Cartão de Crédito,Concluído
TX_10215,2025-11-12 10:12:00,CLI_707,Jogo de Cama,Casa,1187.26,5,Curitiba/PR/Brasil,Boleto Bancário,Cancelado
TX_10216,2025-07-08 11:18:00,CLI_789,Cadeira Escritório,Casa,396.97,4,São Paulo/SP/Brasil,Boleto Bancário,Concluído
TX_10217,2025-12-02 19:44:00,CLI_691,Smartwatch,Eletrônicos,807.99,1,Bom Despacho/MG/Brasil,Boleto Bancário,Cancelado
TX_10218,2025-12-15 08:16:00,CLI_132,Jaqueta,Vestuário,2010.41,1,Rio de Janeiro/RJ/Brasil,Cartão de Crédito,Concluído
TX_10219,2025-03-19 14:05:00,CLI_807,Desenvolvimento Pessoal,Livros,725.56,5,Curitiba/PR/Brasil,Boleto Bancário,Cancelado
TX_10220,2025-04-17 19:08:00,CLI_432,Notebook,Eletrônicos,3493.46,4,Salvador/BA/Brasil,Boleto Bancário,Cancelado
TX_10221,2025-09-30 11:41:00,CLI_659,Jogo de Cama,Casa,1249.69,3,Curitiba/PR/Brasil,Boleto Bancário,Cancelado
TX_10222,2025-10-13 10:11:00,CLI_330,Calça Jeans,Vestuário,3296.08,3,Bom Despacho/MG/Brasil,Pix,Concluído
TX_10223,2025-06-28 19:07:00,CLI_914,Desenvolvimento Pessoal,Livros,2530.0,3,Curitiba/PR/Brasil,Cartão de Crédito,Em Processamento
TX_10224,2026-01-31 04:59:00,CLI_397,História,Livros,161.6,1,Bom Despacho/MG/Brasil,Pix,Cancelado
TX_10225,2025-04-14 18:23:00,CLI_377,Cadeira Escritório,Casa,3266.59,3,Rio de Janeiro/RJ/Brasil,Cartão de Crédito,Concluído
TX_10226,2025-12-09 18:07:00,CLI_331,Calça Jeans,Vestuário,2238.24,1,São Paulo/SP/Brasil,Cartão de Crédito,Cancelado
TX_10227,2025-12-15 04:41:00,CLI_105,Cadeira Escritório,Casa,3376.35,2,São Paulo/SP/Brasil,Pix,Cancelado
TX_10228,2025-06-14 09:44:00,CLI_761,Biografia,Livros,221.18,1,Bom Despacho/MG/Brasil,Boleto Bancário,Em Processamento
TX_10229,2025-08-02 06:00:00,CLI_137,Camiseta,Vestuário,3490.14,4,Rio de Janeiro/RJ/Brasil,Pix,Concluído
TX_10230,2025-06-02 19:23:00,CLI_717,Luminária,Casa,388.94,3,São Paulo/SP/Brasil,Pix,Cancelado
TX_10231,2025-08-28 09:18:00,CLI_297,Biografia,Livros,2833.72,3,Salvador/BA/Brasil,Cartão de Crédito,Cancelado
TX_10232,2026-01-13 11:30:00,CLI_909,Jogo de Cama,Casa,1043.16,2,São Paulo/SP/Brasil,Cartão de Crédito,Em Processamento
TX_10233,2025-06-17 02:57:00,CLI_510,História,Livros,2347.36,2,Salvador/BA/Brasil,Cartão de Crédito,Cancelado
TX_10234,2025-05-14 13:05:00,CLI_341,Jogo de Cama,Casa,1571.87,3,São Paulo/SP/Brasil,Pix,Concluído
TX_10235,2025-12-21 08:03:00,CLI_163,Fone de Ouvido,Eletrônicos,2342.23,4,Bom Despacho/MG/Brasil,Pix,Concluído
TX_10236,2025-11-24 10:04:00,CLI_476,Desenvolvimento Pessoal,Livros,2156.97,2,São Paulo/SP/Brasil,Cartão de Crédito,Cancelado
TX_10237,2025-07-11 14:11:00,CLI_818,Jaqueta,Vestuário,1929.08,4,Salvador/BA/Brasil,Boleto Bancário,Concluído
TX_10238,2025-08-17 18:01:00,CLI_820,Camiseta,Vestuário,1275.82,5,Salvador/BA/Brasil,Cartão de Crédito,Concluído
TX_10239,2025-06-17 17:45:00,CLI_552,Calça Jeans,Vestuário,420.1,2,Rio de Janeiro/RJ/Brasil,Boleto Bancário,Em Processamento
TX_10240,2025-08-17 01:53:00,CLI_564,Ficção Científica,Livros,474.83,4,Salvador/BA/Brasil,Pix,Em Processamento
TX_10241,2026-01-06 00:44:00,CLI_505,Smartwatch,Eletrônicos,901.78,1,Bom Despacho/MG/Brasil,Boleto Bancário,Concluído
TX_10242,2025-06-26 23:54:00,CLI_165,Smartphone,Eletrônicos,1900.95,1,Curitiba/PR/Brasil,Cartão de Crédito,Cancelado
TX_10243,2025-04-03 04:37:00,CLI_884,Fone de Ouvido,Eletrônicos,2250.71,4,Curitiba/PR/Brasil,Pix,Cancelado
TX_10244,2025-02-11 23:18:00,CLI_777,História,Livros,3062.82,2,Curitiba/PR/Brasil,Boleto Bancário,Concluído
TX_10245,2025-07-21 18:03:00,CLI_230,Notebook,Eletrônicos,2551.59,2,Salvador/BA/Brasil,Cartão de Crédito,Concluído
TX_10246,2025-08-06 18:09:00,CLI_488,Cadeira Escritório,Casa,2884.41,2,Salvador/BA/Brasil,Pix,Concluído
TX_10247,2026-01-07 03:51:00,CLI_132,Tênis,Vestuário,2836.03,4,Rio de Janeiro/RJ/Brasil,Boleto Bancário,Concluído
TX_10248,2025-02-21 20:16:00,CLI_134,Calça Jeans,Vestuário,1570.85,1,São Paulo/SP/Brasil,Cartão de Crédito,Concluído
TX_10249,2025-10-04 07:24:00,CLI_872,História,Livros,3025.1,1,Rio de Janeiro/RJ/Brasil,Cartão de Crédito,Em Processamento
TX_10250,2025-06-13 19:42:00,CLI_712,Jogo de Cama,Casa,2707.3,3,Salvador/BA/Brasil,Cartão de Crédito,Concluído
TX_10251,2025-06-03 09:23:00,CLI_162,Calça Jeans,Vestuário,1955.16,5,Curitiba/PR/Brasil,Boleto Bancário,Concluído
TX_10252,2025-06-26 21:57:00,CLI_787,História,Livros,1343.32,5,São Paulo/SP/Brasil,Pix,Cancelado
TX_10253,2025-07-12 06:16:00,CLI_872,Biografia,Livros,1889.68,2,Bom Despacho/MG/Brasil,Cartão de Crédito,Concluído
TX_10254,2025-10-15 14:05:00,CLI_526,Jaqueta,Vestuário,1957.14,2,São Paulo/SP/Brasil,Pix,Concluído
TX_10255,2025-11-28 02:41:00,CLI_560,Jogo de Cama,Casa,2967.26,1,Bom Despacho/MG/Brasil,Boleto Bancário,Concluído
TX_10256,2025-12-11 20:38:00,CLI_717,Fone de Ouvido,Eletrônicos,152.82,1,Curitiba/PR/Brasil,Cartão de Crédito,Em Processamento
TX_10257,2025-06-20 10:20:00,CLI_115,Jaqueta,Vestuário,753.15,2,Rio de Janeiro/RJ/Brasil,Boleto Bancário,Concluído
TX_10258,2025-12-27 06:58:00,CLI_506,Biografia,Livros,3204.22,5,Salvador/BA/Brasil,Pix,Concluído
TX_10259,2025-11-29 12:15:00,CLI_415,História,Livros,926.54,5,Salvador/BA/Brasil,Pix,Cancelado
TX_10260,2025-04-15 12:39:00,CLI_420,Smartwatch,Eletrônicos,1457.55,5,Bom Despacho/MG/Brasil,Cartão de Crédito,Concluído
TX_10261,2025-10-27 19:46:00,CLI_837,Fone de Ouvido,Eletrônicos,1470.26,2,Salvador/BA/Brasil,Cartão de Crédito,Concluído
TX_10262,2025-05-06 17:02:00,CLI_663,Jaqueta,Vestuário,2296.31,3,Salvador/BA/Brasil,Pix,Cancelado
TX_10263,2026-01-11 12:01:00,CLI_273,História,Livros,502.76,5,Rio de Janeiro/RJ/Brasil,Pix,Concluído
TX_10264,2025-12-09 01:39:00,CLI_882,Smartphone,Eletrônicos,37.25,2,São Paulo/SP/Brasil,Boleto Bancário,Concluído
TX_10265,2025-04-22 17:15:00,CLI_566,Notebook,Eletrônicos,1315.6,5,São Paulo/SP/Brasil,Boleto Bancário,Em Processamento
TX_10266,2025-01-04 18:09:00,CLI_664,História,Livros,1448.51,1,São Paulo/SP/Brasil,Boleto Bancário,Concluído
TX_10267,2025-12-24 23:00:00,CLI_540,Luminária,Casa,2824.49,2,Salvador/BA/Brasil,Cartão de Crédito,Concluído
TX_10268,2025-11-14 17:58:00,CLI_358,Calça Jeans,Vestuário,2856.02,3,Rio de Janeiro/RJ/Brasil,Pix,Concluído
TX_10269,2025-10-17 08:18:00,CLI_813,Cadeira Escritório,Casa,802.11,1,Curitiba/PR/Brasil,Boleto Bancário,Concluído
TX_10270,2025-07-13 18:51:00,CLI_587,Smartwatch,Eletrônicos,210.56,1,Curitiba/PR/Brasil,Boleto Bancário,Concluído
TX_10271,2025-11-27 11:18:00,CLI_679,Smartwatch,Eletrônicos,3420.99,1,Curitiba/PR/Brasil,Boleto Bancário,Concluído
TX_10272,2025-09-01 09:15:00,CLI_147,Calça Jeans,Vestuário,3235.7,3,Salvador/BA/Brasil,Boleto Bancário,Em Processamento
TX_10273,2025-01-09 07:04:00,CLI_701,Notebook,Eletrônicos,517.51,4,Bom Despacho/MG/Brasil,Cartão de Crédito,Concluído
TX_10274,2025-07-19 23:06:00,CLI_653,Calça Jeans,Vestuário,1171.08,2,Salvador/BA/Brasil,Boleto Bancário,Concluído
TX_10275,2025-08-12 07:55:00,CLI_958,Luminária,Casa,279.92,5,São Paulo/SP/Brasil,Boleto Bancário,Em Processamento
TX_10276,2025-11-21 09:19:00,CLI_902,Desenvolvimento Pessoal,Livros,3474.16,4,São Paulo/SP/Brasil,Cartão de Crédito,Concluído
TX_10277,2025-12-15 19:59:00,CLI_776,História,Livros,1339.55,5,Rio de Janeiro/RJ/Brasil,Pix,Concluído
TX_10278,2025-03-20 12:58:00,CLI_828,Smartphone,Eletrônicos,2746.86,2,Bom Despacho/MG/Brasil,Boleto Bancário,Cancelado
TX_10279,2025-02-16 00:10:00,CLI_415,Cafeteira,Casa,1564.9,3,São Paulo/SP/Brasil,Cartão de Crédito,Concluído
TX_10280,2025-08-18 19:00:00,CLI_668,Notebook,Eletrônicos,,1,Curitiba/PR/Brasil,Cartão de Crédito,Concluído
TX_10281,2025-11-03 11:04:00,CLI_984,Luminária,Casa,1357.55,3,Salvador/BA/Brasil,Pix,Cancelado
TX_10282,2025-09-24 05:47:00,CLI_801,Notebook,Eletrônicos,1341.85,2,Salvador/BA/Brasil,Pix,Concluído
TX_10283,2025-02-02 05:42:00,CLI_545,Cadeira Escritório,Casa,976.73,3,Rio de Janeiro/RJ/Brasil,Pix,Concluído
TX_10284,2026-01-05 21:20:00,CLI_607,Cafeteira,Casa,2084.42,2,Rio de Janeiro/RJ/Brasil,Pix,Concluído
TX_10285,2025-07-22 11:20:00,CLI_961,Tênis,Vestuário,2176.37,3,São Paulo/SP/Brasil,Pix,Concluído
TX_10286,2025-06-14 20:35:00,CLI_811,Biografia,Livros,714.97,3,Bom Despacho/MG/Brasil,Cartão de Crédito,Cancelado
TX_10287,2025-10-22 08:16:00,CLI_433,Cafeteira,Casa,1325.55,4,Curitiba/PR/Brasil,Pix,Concluído
TX_10288,2025-01-14 15:45:00,CLI_825,Calça Jeans,Vestuário,745.62,3,Salvador/BA/Brasil,Boleto Bancário,Concluído
TX_10289,2025-11-21 10:20:00,CLI_347,História,Livros,895.6,2,Rio de Janeiro/RJ/Brasil,Boleto Bancário,Cancelado
TX_10290,2025-11-03 16:21:00,CLI_696,Ficção Científica,Livros,1411.81,5,Curitiba/PR/Brasil,Boleto Bancário,Cancelado
TX_10291,2025-11-01 21:46:00,CLI_187,Fone de Ouvido,Eletrônicos,396.15,2,Salvador/BA/Brasil,Boleto Bancário,Concluído
TX_10292,2025-11-27 23:07:00,CLI_762,Camiseta,Vestuário,1407.67,3,Salvador/BA/Brasil,Pix,Concluído
TX_10293,2025-04-24 17:25:00,CLI_864,Smartphone,Eletrônicos,1823.01,5,Bom Despacho/MG/Brasil,Boleto Bancário,Em Processamento
TX_10294,2025-07-20 15:48:00,CLI_890,Jaqueta,Vestuário,2383.25,5,Bom Despacho/MG/Brasil,Cartão de Crédito,Concluído
TX_10295,2025-06-01 14:11:00,CLI_187,Smartwatch,Eletrônicos,419.5,2,São Paulo/SP/Brasil,Pix,Concluído
TX_10296,2025-09-24 16:29:00,CLI_456,Cadeira Escritório,Casa,1674.43,4,Rio de Janeiro/RJ/Brasil,Boleto Bancário,Cancelado
TX_10297,2025-01-23 03:55:00,CLI_123,Luminária,Casa,2974.39,1,Bom Despacho/MG/Brasil,Boleto Bancário,Concluído
TX_10298,2025-03-23 11:17:00,CLI_673,Calça Jeans,Vestuário,1500.9,4,Salvador/BA/Brasil,Cartão de Crédito,Cancelado
TX_10299,2025-07-22 00:59:00,CLI_855,Calça Jeans,Vestuário,2155.16,2,Curitiba/PR/Brasil,Pix,Em Processamento
TX_10300,2025-12-27 07:19:00,CLI_310,História,Livros,985.03,1,São Paulo/SP/Brasil,Boleto Bancário,Concluído
TX_10301,2025-04-11 15:37:00,CLI_216,Tênis,Vestuário,929.3,4,Bom Despacho/MG/Brasil,Boleto Bancário,Concluído
TX_10302,2025-02-28 11:52:00,CLI_460,História,Livros,2961.63,5,Salvador/BA/Brasil,Cartão de Crédito,Concluído
TX_10303,2025-03-02 08:08:00,CLI_412,Notebook,Eletrônicos,422.57,3,Bom Despacho/MG/Brasil,Boleto Bancário,Concluído
TX_10304,2025-03-12 19:37:00,CLI_492,História,Livros,1489.29,4,Salvador/BA/Brasil,Boleto Bancário,Em Processamento
TX_10305,2025-05-28 04:47:00,CLI_291,Calça Jeans,Vestuário,1111.31,4,Curitiba/PR/Brasil,Boleto Bancário,Concluído
TX_10306,2025-03-11 06:39:00,CLI_934,Luminária,Casa,1353.05,5,Curitiba/PR/Brasil,Boleto Bancário,Cancelado
TX_10307,2025-12-30 15:09:00,CLI_600,História,Livros,597.88,5,Curitiba/PR/Brasil,Cartão de Crédito,Concluído
TX_10308,2025-04-26 18:21:00,CLI_395,Luminária,Casa,601.21,4,Bom Despacho/MG/Brasil,Boleto Bancário,Cancelado
TX_10309,2026-02-01 18:32:00,CLI_943,Smartphone,Eletrônicos,3468.26,5,Bom Despacho/MG/Brasil,Cartão de Crédito,Cancelado
TX_10310,2026-01-12 22:18:00,CLI_869,Jaqueta,Vestuário,877.65,1,São Paulo/SP/Brasil,Pix,Concluído
TX_10311,2025-03-02 08:05:00,CLI_314,Luminária,Casa,2840.3,5,Curitiba/PR/Brasil,Boleto Bancário,Concluído
TX_10312,2025-03-13 07:03:00,CLI_933,Biografia,Livros,736.2,1,Salvador/BA/Brasil,Boleto Bancário,
TX_10313,2025-12-27 09:59:00,CLI_396,Jogo de Cama,Casa,2010.98,5,Bom Despacho/MG/Brasil,Boleto Bancário,Concluído
TX_10314,2025-05-22 22:23:00,CLI_229,Jaqueta,Vestuário,2459.47,2,São Paulo/SP/Brasil,Cartão de Crédito,Concluído
TX_10315,2025-09-08 04:51:00,CLI_691,Jogo de Cama,Casa,2218.92,4,Curitiba/PR/Brasil,Pix,Cancelado
TX_10316,2025-09-21 09:29:00,CLI_811,Smartphone,Eletrônicos,3278.13,3,Curitiba/PR/Brasil,Pix,Cancelado
TX_10317,2026-01-10 15:38:00,CLI_750,Luminária,Casa,2329.54,3,São Paulo/SP/Brasil,Cartão de Crédito,Em Processamento
TX_10318,2025-04-19 16:53:00,CLI_374,Biografia,Livros,1140.19,3,Curitiba/PR/Brasil,Pix,Em Processamento
TX_10319,2025-12-16 01:39:00,CLI_147,Jaqueta,Vestuário,362.02,4,Bom Despacho/MG/Brasil,Cartão de Crédito,
TX_10320,2025-01-01 14:36:00,CLI_307,Jaqueta,Vestuário,3484.99,2,Curitiba/PR/Brasil,Boleto Bancário,Concluído
TX_10321,2025-12-02 12:18:00,CLI_356,Tênis,Vestuário,302.24,2,São Paulo/SP/Brasil,Cartão de Crédito,Cancelado
TX_10322,2025-12-02 03:06:00,CLI_820,Jogo de Cama,Casa,346.72,2,Curitiba/PR/Brasil,Pix,Concluído
TX_10323,2025-12-15 15:11:00,CLI_109,Calça Jeans,Vestuário,43.1,3,Salvador/BA/Brasil,Cartão de Crédito,Cancelado
TX_10324,2025-04-28 13:04:00,CLI_191,Jaqueta,Vestuário,2561.71,1,São Paulo/SP/Brasil,Cartão de Crédito,Concluído
TX_10325,2025-07-15 04:32:00,CLI_756,Cafeteira,Casa,3475.4,2,Rio de Janeiro/RJ/Brasil,Cartão de Crédito,Em Processamento
TX_10326,2025-06-29 07:16:00,CLI_743,Notebook,Eletrônicos,2622.72,4,Curitiba/PR/Brasil,Boleto Bancário,Cancelado
TX_10327,2025-03-13 04:12:00,CLI_703,Camiseta,Vestuário,2559.08,3,São Paulo/SP/Brasil,Pix,Concluído
TX_10328,2025-11-27 02:52:00,CLI_354,Calça Jeans,Vestuário,1943.59,5,Bom Despacho/MG/Brasil,Boleto Bancário,Em Processamento
TX_10329,2025-04-16 17:40:00,CLI_721,Luminária,Casa,1790.69,4,Bom Despacho/MG/Brasil,Pix,Concluído
TX_10330,2025-02-27 08:13:00,CLI_611,Jaqueta,Vestuário,2238.72,1,Curitiba/PR/Brasil,Boleto Bancário,Concluído
TX_10331,2025-07-18 19:24:00,CLI_530,Cafeteira,Casa,1288.46,2,Rio de Janeiro/RJ/Brasil,Pix,Concluído
TX_10332,2025-05-15 07:21:00,CLI_140,Smartphone,Eletrônicos,3230.19,4,São Paulo/SP/Brasil,Boleto Bancário,Concluído
TX_10333,2025-02-12 21:51:00,CLI_649,História,Livros,1888.73,2,Curitiba/PR/Brasil,Pix,Concluído
TX_10334,2025-04-15 05:18:00,CLI_649,Luminária,Casa,1153.72,5,Salvador/BA/Brasil,Boleto Bancário,Concluído
TX_10335,2025-01-30 08:20:00,CLI_188,Cadeira Escritório,Casa,3237.33,1,Rio de Janeiro/RJ/Brasil,Pix,Em Processamento
TX_10336,2025-03-03 00:25:00,CLI_824,Fone de Ouvido,Eletrônicos,493.18,1,Rio de Janeiro/RJ/Brasil,Cartão de Crédito,Cancelado
TX_10337,2025-07-10 04:19:00,CLI_867,Cafeteira,Casa,2737.22,3,Rio de Janeiro/RJ/Brasil,Boleto Bancário,Concluído
TX_10338,2025-05-20 17:52:00,CLI_165,Fone de Ouvido,Eletrônicos,931.38,5,Curitiba/PR/Brasil,Boleto Bancário,Concluído
TX_10339,2025-07-04 01:53:00,CLI_611,História,Livros,3009.87,2,Salvador/BA/Brasil,Pix,Concluído
TX_10340,2025-12-12 03:56:00,CLI_333,Luminária,Casa,2596.62,1,Salvador/BA/Brasil,Cartão de Crédito,Concluído
TX_10341,2025-07-06 13:04:00,CLI_253,Camiseta,Vestuário,638.68,1,Curitiba/PR/Brasil,Boleto Bancário,Cancelado
TX_10342,2025-08-02 10:55:00,CLI_377,Tênis,Vestuário,2893.6,5,Rio de Janeiro/RJ/Brasil,Pix,Concluído
TX_10343,2025-09-22 01:34:00,CLI_510,Notebook,Eletrônicos,255.21,4,Rio de Janeiro/RJ/Brasil,Pix,Concluído
TX_10344,2025-08-22 00:16:00,CLI_477,Luminária,Casa,714.34,5,Salvador/BA/Brasil,Pix,Em Processamento
TX_10345,2025-10-30 16:50:00,CLI_891,Jaqueta,Vestuário,2718.96,5,Bom Despacho/MG/Brasil,Cartão de Crédito,Concluído
TX_10346,2025-04-30 18:29:00,CLI_454,Smartwatch,Eletrônicos,2231.26,1,São Paulo/SP/Brasil,Pix,Concluído
TX_10347,2025-04-16 18:05:00,CLI_343,Desenvolvimento Pessoal,Livros,1478.06,1,São Paulo/SP/Brasil,Cartão de Crédito,Concluído
TX_10348,2025-09-24 14:05:00,CLI_817,Smartphone,Eletrônicos,3136.09,4,Rio de Janeiro/RJ/Brasil,Boleto Bancário,Concluído
TX_10349,2025-02-08 20:12:00,CLI_681,Notebook,Eletrônicos,232.06,2,Curitiba/PR/Brasil,Cartão de Crédito,Concluído
TX_10350,2025-12-25 11:08:00,CLI_425,Cafeteira,Casa,1592.86,2,Curitiba/PR/Brasil,Cartão de Crédito,Concluído
TX_10351,2025-02-24 05:36:00,CLI_560,Camiseta,Vestuário,1639.2,4,Rio de Janeiro/RJ/Brasil,Cartão de Crédito,Em Processamento
TX_10352,2025-06-07 15:48:00,CLI_371,Jogo de Cama,Casa,2985.9,1,Curitiba/PR/Brasil,Cartão de Crédito,Concluído
TX_10353,2025-03-17 03:06:00,CLI_828,Notebook,Eletrônicos,880.04,3,Bom Despacho/MG/Brasil,Pix,Em Processamento
TX_10354,2025-03-31 01:03:00,CLI_514,Fone de Ouvido,Eletrônicos,2993.29,5,Bom Despacho/MG/Brasil,Boleto Bancário,Em Processamento
TX_10355,2025-02-22 04:46:00,CLI_224,Camiseta,Vestuário,56.67,2,Curitiba/PR/Brasil,Cartão de Crédito,Concluído
TX_10356,2025-10-26 20:00:00,CLI_365,Desenvolvimento Pessoal,Livros,3212.24,1,São Paulo/SP/Brasil,Cartão de Crédito,Concluído
TX_10357,2025-02-17 11:19:00,CLI_225,Jaqueta,Vestuário,163.8,4,Rio de Janeiro/RJ/Brasil,Cartão de Crédito,Concluído
TX_10358,2025-01-16 13:03:00,CLI_799,História,Livros,1501.92,3,Curitiba/PR/Brasil,Cartão de Crédito,Concluído
TX_10359,2025-03-18 01:10:00,CLI_728,Cafeteira,Casa,2172.83,2,Curitiba/PR/Brasil,Boleto Bancário,Concluído
TX_10360,2025-09-03 02:04:00,CLI_189,História,Livros,990.02,2,Salvador/BA/Brasil,Pix,Concluído
TX_10361,2026-02-05 12:15:00,CLI_591,Camiseta,Vestuário,1912.64,4,Curitiba/PR/Brasil,Pix,Em Processamento
TX_10362,2025-04-03 00:53:00,CLI_426,Cadeira Escritório,Casa,2095.95,1,Bom Despacho/MG/Brasil,Pix,Concluído
TX_10363,2025-04-30 05:26:00,CLI_202,Desenvolvimento Pessoal,Livros,878.78,2,Salvador/BA/Brasil,Pix,Em Processamento
TX_10364,2025-07-18 12:06:00,CLI_959,Notebook,Eletrônicos,3470.52,2,Salvador/BA/Brasil,Cartão de Crédito,Concluído
TX_10365,2025-01-15 23:54:00,CLI_460,Cafeteira,Casa,3317.24,5,Salvador/BA/Brasil,Cartão de Crédito,Em Processamento
TX_10366,2025-06-08 05:59:00,CLI_602,Jaqueta,Vestuário,147.3,1,Salvador/BA/Brasil,Cartão de Crédito,Em Processamento
TX_10367,2025-09-02 00:01:00,CLI_439,Camiseta,Vestuário,3213.87,2,Salvador/BA/Brasil,Cartão de Crédito,Concluído
TX_10368,2025-01-12 05:02:00,CLI_700,Tênis,Vestuário,2470.87,2,São Paulo/SP/Brasil,Cartão de Crédito,Em Processamento
TX_10369,2025-12-27 22:36:00,CLI_505,Luminária,Casa,2057.27,3,Bom Despacho/MG/Brasil,Pix,Concluído
TX_10370,2025-11-24 16:37:00,CLI_764,Calça Jeans,Vestuário,1120.73,5,Curitiba/PR/Brasil,Boleto Bancário,Em Processamento
TX_10371,2025-03-31 12:54:00,CLI_414,Jogo de Cama,Casa,2572.97,3,Salvador/BA/Brasil,Cartão de Crédito,Concluído
TX_10372,2025-01-17 06:12:00,CLI_716,Smartwatch,Eletrônicos,1123.99,5,Salvador/BA/Brasil,Cartão de Crédito,Em Processamento
TX_10373,2025-06-19 02:39:00,CLI_343,Smartwatch,Eletrônicos,1223.63,3,Rio de Janeiro/RJ/Brasil,Cartão de Crédito,Concluído
TX_10374,2025-05-16 07:09:00,CLI_355,Cadeira Escritório,Casa,2430.72,3,São Paulo/SP/Brasil,Pix,Concluído
TX_10375,2025-08-13 14:19:00,CLI_270,Smartphone,Eletrônicos,3097.66,4,Curitiba/PR/Brasil,Pix,Concluído
TX_10376,2025-10-23 22:13:00,CLI_876,Ficção Científica,Livros,2409.75,2,Curitiba/PR/Brasil,Pix,Concluído
TX_10377,2025-06-13 08:54:00,CLI_207,Fone de Ouvido,Eletrônicos,273.59,2,São Paulo/SP/Brasil,Pix,Concluído
TX_10378,2025-11-01 20:56:00,CLI_594,Smartphone,Eletrônicos,2470.2,4,Bom Despacho/MG/Brasil,Boleto Bancário,Concluído
TX_10379,2025-02-21 11:18:00,CLI_310,Biografia,Livros,3410.78,4,São Paulo/SP/Brasil,Boleto Bancário,Em Processamento
TX_10380,2025-05-02 03:16:00,CLI_150,Cafeteira,Casa,1384.26,5,Bom Despacho/MG/Brasil,Pix,Concluído
TX_10381,2025-08-07 02:59:00,CLI_401,Fone de Ouvido,Eletrônicos,2886.28,5,São Paulo/SP/Brasil,Pix,Concluído
TX_10382,2025-03-29 21:47:00,CLI_398,Smartphone,Eletrônicos,3420.05,4,Rio de Janeiro/RJ/Brasil,Cartão de Crédito,Concluído
TX_10383,2025-12-05 09:02:00,CLI_193,História,Livros,2251.9,4,Curitiba/PR/Brasil,Cartão de Crédito,Concluído
TX_10384,2025-08-17 01:31:00,CLI_369,Desenvolvimento Pessoal,Livros,1547.5,3,Rio de Janeiro/RJ/Brasil,Cartão de Crédito,Concluído
TX_10385,2025-02-13 22:48:00,CLI_452,Notebook,Eletrônicos,2831.51,4,São Paulo/SP/Brasil,Boleto Bancário,Concluído
TX_10386,2025-08-03 18:16:00,CLI_803,Smartwatch,Eletrônicos,3036.13,4,Salvador/BA/Brasil,Boleto Bancário,Concluído
TX_10387,2025-07-22 01:11:00,CLI_614,Desenvolvimento Pessoal,Livros,2005.7,5,São Paulo/SP/Brasil,Boleto Bancário,Em Processamento
TX_10388,2025-03-30 05:42:00,CLI_316,Camiseta,Vestuário,2832.49,2,Curitiba/PR/Brasil,Cartão de Crédito,Cancelado
TX_10389,2025-11-18 05:02:00,CLI_954,Smartwatch,Eletrônicos,2088.74,3,Rio de Janeiro/RJ/Brasil,Boleto Bancário,Concluído
TX_10390,2025-07-23 18:50:00,CLI_433,Smartwatch,Eletrônicos,3000.34,5,Salvador/BA/Brasil,Pix,Concluído
TX_10391,2025-03-18 05:03:00,CLI_680,Ficção Científica,Livros,2063.95,1,Curitiba/PR/Brasil,Cartão de Crédito,Em Processamento
TX_10392,2025-06-26 14:01:00,CLI_370,Fone de Ouvido,Eletrônicos,1349.91,4,Salvador/BA/Brasil,Boleto Bancário,Em Processamento
TX_10393,2025-05-22 13:45:00,CLI_247,Ficção Científica,Livros,2169.58,4,Rio de Janeiro/RJ/Brasil,Cartão de Crédito,Cancelado
TX_10394,2026-01-17 16:13:00,CLI_375,Jogo de Cama,Casa,3141.15,1,São Paulo/SP/Brasil,Pix,Concluído
TX_10395,2025-12-23 23:22:00,CLI_200,Cafeteira,Casa,3404.15,2,Curitiba/PR/Brasil,Cartão de Crédito,Concluído
TX_10396,2026-01-09 14:13:00,CLI_719,Desenvolvimento Pessoal,Livros,2264.76,2,Bom Despacho/MG/Brasil,Pix,Concluído
TX_10397,2025-07-11 01:55:00,CLI_627,História,Livros,2773.34,1,Salvador/BA/Brasil,Pix,Em Processamento
TX_10398,2025-10-19 00:59:00,CLI_277,Biografia,Livros,686.78,2,Salvador/BA/Brasil,Cartão de Crédito,Concluído
TX_10399,2025-07-04 06:47:00,CLI_380,Smartwatch,Eletrônicos,1298.71,4,São Paulo/SP/Brasil,Boleto Bancário,Cancelado
TX_10400,2025-07-10 16:41:00,CLI_708,Smartphone,Eletrônicos,1569.67,4,Rio de Janeiro/RJ/Brasil,Boleto Bancário,Em Processamento
TX_10401,2025-05-13 23:30:00,CLI_192,Cafeteira,Casa,1008.47,4,Rio de Janeiro/RJ/Brasil,Cartão de Crédito,Concluído
TX_10402,2025-12-13 07:03:00,CLI_375,Calça Jeans,Vestuário,2285.78,5,Rio de Janeiro/RJ/Brasil,Cartão de Crédito,Concluído
TX_10403,2025-11-04 00:17:00,CLI_329,Biografia,Livros,894.58,3,Rio de Janeiro/RJ/Brasil,Boleto Bancário,Concluído
TX_10404,2025-08-24 08:36:00,CLI_323,História,Livros,1641.44,5,Bom Despacho/MG/Brasil,Boleto Bancário,Cancelado
TX_10405,2025-12-06 12:46:00,CLI_674,Smartphone,Eletrônicos,2270.99,5,Salvador/BA/Brasil,Pix,Concluído
TX_10406,2025-06-22 09:26:00,CLI_755,Smartwatch,Eletrônicos,1148.1,3,São Paulo/SP/Brasil,Pix,Concluído
TX_10407,2026-01-27 08:12:00,CLI_158,Calça Jeans,Vestuário,2821.92,5,Salvador/BA/Brasil,Pix,Concluído
TX_10408,2025-06-01 08:51:00,CLI_528,Camiseta,Vestuário,1425.03,1,Curitiba/PR/Brasil,Boleto Bancário,Em Processamento
TX_10409,2025-12-18 18:14:00,CLI_753,Tênis,Vestuário,2750.37,3,Rio de Janeiro/RJ/Brasil,Boleto Bancário,Concluído
TX_10410,2025-02-19 16:04:00,CLI_231,Calça Jeans,Vestuário,2597.1,5,Bom Despacho/MG/Brasil,Cartão de Crédito,Concluído
TX_10411,2025-04-25 10:28:00,CLI_530,Notebook,Eletrônicos,2761.5,3,Bom Despacho/MG/Brasil,Pix,Concluído
TX_10412,2025-08-29 01:49:00,CLI_987,Cadeira Escritório,Casa,2225.87,5,São Paulo/SP/Brasil,Boleto Bancário,Concluído
TX_10413,2025-03-03 23:14:00,CLI_490,Biografia,Livros,1861.49,4,Salvador/BA/Brasil,Cartão de Crédito,Concluído
TX_10414,2025-07-29 19:26:00,CLI_568,Calça Jeans,Vestuário,514.14,2,Bom Despacho/MG/Brasil,Cartão de Crédito,Cancelado
TX_10415,2025-11-21 01:58:00,CLI_104,Jogo de Cama,Casa,1590.41,2,Bom Despacho/MG/Brasil,Cartão de Crédito,Em Processamento
TX_10416,2025-03-08 20:58:00,CLI_544,Jaqueta,Vestuário,2222.7,4,São Paulo/SP/Brasil,Pix,Cancelado
TX_10417,2025-10-01 06:48:00,CLI_848,Ficção Científica,Livros,1315.26,1,São Paulo/SP/Brasil,Pix,Em Processamento
TX_10418,2025-11-17 08:29:00,CLI_331,Camiseta,Vestuário,2431.93,3,São Paulo/SP/Brasil,Pix,Concluído
TX_10419,2025-10-29 10:26:00,CLI_271,Smartwatch,Eletrônicos,242.53,1,Salvador/BA/Brasil,Pix,Concluído
TX_10420,2025-12-18 04:34:00,CLI_450,Desenvolvimento Pessoal,Livros,3486.54,4,Curitiba/PR/Brasil,Pix,Concluído
TX_10421,2025-04-27 07:39:00,CLI_844,Jaqueta,Vestuário,3447.31,2,São Paulo/SP/Brasil,Boleto Bancário,Concluído
TX_10422,2025-12-31 22:12:00,CLI_911,Camiseta,Vestuário,145.21,3,Bom Despacho/MG/Brasil,Boleto Bancário,Em Processamento
TX_10423,2025-12-01 00:40:00,CLI_149,Smartphone,Eletrônicos,,4,São Paulo/SP/Brasil,Pix,Cancelado
TX_10424,2025-12-26 05:13:00,CLI_310,Fone de Ouvido,Eletrônicos,2437.74,1,Curitiba/PR/Brasil,Pix,Cancelado
TX_10425,2025-11-07 23:55:00,CLI_240,Fone de Ouvido,Eletrônicos,1474.61,1,Salvador/BA/Brasil,Boleto Bancário,Em Processamento
TX_10426,2025-02-24 16:59:00,CLI_303,Fone de Ouvido,Eletrônicos,2137.37,3,São Paulo/SP/Brasil,Boleto Bancário,Concluído
TX_10427,2025-03-24 01:20:00,CLI_661,Cadeira Escritório,Casa,1744.8,2,Bom Despacho/MG/Brasil,Boleto Bancário,Cancelado
TX_10428,2025-01-07 22:55:00,CLI_191,Jogo de Cama,Casa,3175.48,5,São Paulo/SP/Brasil,Boleto Bancário,Cancelado
TX_10429,2025-02-08 03:27:00,CLI_362,Camiseta,Vestuário,2260.51,4,Salvador/BA/Brasil,Pix,Concluído
TX_10430,2025-03-31 01:20:00,CLI_972,Ficção Científica,Livros,1027.63,3,São Paulo/SP/Brasil,Pix,Concluído
TX_10431,2025-03-12 22:38:00,CLI_762,Smartphone,Eletrônicos,609.24,3,São Paulo/SP/Brasil,Pix,Em Processamento
TX_10432,2025-06-25 06:14:00,CLI_216,Luminária,Casa,1411.71,4,Bom Despacho/MG/Brasil,Pix,Cancelado
TX_10433,2025-02-27 04:31:00,CLI_812,História,Livros,2546.54,2,Rio de Janeiro/RJ/Brasil,Cartão de Crédito,Cancelado
TX_10434,2025-11-09 12:57:00,CLI_897,História,Livros,1264.72,1,Rio de Janeiro/RJ/Brasil,Boleto Bancário,Concluído
TX_10435,2025-07-30 15:02:00,CLI_147,História,Livros,235.73,3,São Paulo/SP/Brasil,Cartão de Crédito,Em Processamento
TX_10436,2025-09-25 23:29:00,CLI_817,Tênis,Vestuário,2169.56,4,Salvador/BA/Brasil,Boleto Bancário,Concluído
TX_10437,2025-03-18 19:03:00,CLI_727,Desenvolvimento Pessoal,Livros,205.16,2,Curitiba/PR/Brasil,Boleto Bancário,Cancelado
TX_10438,2026-01-20 16:46:00,CLI_428,Biografia,Livros,854.51,3,São Paulo/SP/Brasil,Cartão de Crédito,Em Processamento
TX_10439,2025-05-01 02:41:00,CLI_570,Jaqueta,Vestuário,1563.0,5,Curitiba/PR/Brasil,Pix,Concluído
TX_10440,2025-03-02 16:58:00,CLI_863,História,Livros,2292.0,1,Bom Despacho/MG/Brasil,Pix,Cancelado
TX_10441,2025-11-06 21:07:00,CLI_752,Smartphone,Eletrônicos,1076.52,5,São Paulo/SP/Brasil,Boleto Bancário,Concluído
TX_10442,2025-01-28 07:36:00,CLI_964,Desenvolvimento Pessoal,Livros,1598.79,5,Bom Despacho/MG/Brasil,Boleto Bancário,Em Processamento
TX_10443,2025-02-28 03:19:00,CLI_877,Desenvolvimento Pessoal,Livros,2311.3,1,Curitiba/PR/Brasil,Pix,Concluído
TX_10444,2025-01-24 05:36:00,CLI_604,Cafeteira,Casa,504.47,4,São Paulo/SP/Brasil,Cartão de Crédito,Concluído
TX_10445,2025-07-21 07:21:00,CLI_568,Calça Jeans,Vestuário,2888.57,2,São Paulo/SP/Brasil,Boleto Bancário,Concluído
TX_10446,2025-11-21 22:56:00,CLI_702,Smartwatch,Eletrônicos,444.42,4,São Paulo/SP/Brasil,Pix,Em Processamento
TX_10447,2025-09-29 01:39:00,CLI_666,Jaqueta,Vestuário,3274.55,5,São Paulo/SP/Brasil,Pix,Em Processamento
TX_10448,2025-02-23 13:13:00,CLI_773,Calça Jeans,Vestuário,2107.9,3,Rio de Janeiro/RJ/Brasil,Boleto Bancário,Cancelado
TX_10449,2025-07-23 11:42:00,CLI_401,Biografia,Livros,1593.17,2,Bom Despacho/MG/Brasil,Cartão de Crédito,Cancelado
TX_10450,2025-11-20 07:25:00,CLI_305,Cafeteira,Casa,745.85,3,Salvador/BA/Brasil,Boleto Bancário,Concluído
TX_10451,2025-10-05 23:41:00,CLI_752,Calça Jeans,Vestuário,1138.5,1,Salvador/BA/Brasil,Pix,Em Processamento
TX_10452,2025-05-27 14:25:00,CLI_927,História,Livros,59.51,1,Salvador/BA/Brasil,Cartão de Crédito,Cancelado
TX_10453,2025-04-13 09:06:00,CLI_868,Camiseta,Vestuário,2752.58,3,São Paulo/SP/Brasil,Boleto Bancário,Concluído
TX_10454,2025-04-15 18:28:00,CLI_133,Camiseta,Vestuário,1265.01,4,Bom Despacho/MG/Brasil,Cartão de Crédito,Em Processamento
TX_10455,2025-09-19 23:45:00,CLI_394,Jaqueta,Vestuário,2429.88,1,Rio de Janeiro/RJ/Brasil,Pix,Cancelado
TX_10456,2025-01-28 00:26:00,CLI_861,Desenvolvimento Pessoal,Livros,890.92,5,Salvador/BA/Brasil,Pix,Concluído
TX_10457,2025-05-31 15:19:00,CLI_281,Jogo de Cama,Casa,3442.33,1,Rio de Janeiro/RJ/Brasil,Cartão de Crédito,Concluído
TX_10458,2025-08-08 09:31:00,CLI_669,Smartwatch,Eletrônicos,935.87,2,São Paulo/SP/Brasil,Boleto Bancário,Concluído
TX_10459,2025-12-30 05:17:00,CLI_140,Fone de Ouvido,Eletrônicos,550.66,3,Curitiba/PR/Brasil,Boleto Bancário,Concluído
TX_10460,2025-10-09 12:13:00,CLI_174,Cadeira Escritório,Casa,2747.35,3,Salvador/BA/Brasil,Boleto Bancário,Concluído
TX_10461,2025-03-23 14:11:00,CLI_656,Camiseta,Vestuário,1886.57,1,Salvador/BA/Brasil,Pix,Concluído
TX_10462,2025-07-04 10:01:00,CLI_323,Tênis,Vestuário,3326.82,5,Bom Despacho/MG/Brasil,Boleto Bancário,Cancelado
TX_10463,2025-08-17 08:12:00,CLI_757,Smartphone,Eletrônicos,2153.75,5,Bom Despacho/MG/Brasil,Cartão de Crédito,Concluído
TX_10464,2025-07-17 08:45:00,CLI_653,Cadeira Escritório,Casa,2538.05,1,São Paulo/SP/Brasil,Boleto Bancário,Concluído
TX_10465,2025-06-01 22:14:00,CLI_297,História,Livros,1131.29,1,São Paulo/SP/Brasil,Cartão de Crédito,Concluído
TX_10466,2025-12-10 21:29:00,CLI_892,Smartphone,Eletrônicos,757.92,4,Rio de Janeiro/RJ/Brasil,Cartão de Crédito,Concluído
TX_10467,2025-01-13 15:40:00,CLI_834,Ficção Científica,Livros,1171.03,1,Rio de Janeiro/RJ/Brasil,Cartão de Crédito,Concluído
TX_10468,2025-02-06 19:37:00,CLI_941,Tênis,Vestuário,808.35,3,Salvador/BA/Brasil,Pix,Cancelado
TX_10469,2025-06-11 00:34:00,CLI_498,História,Livros,2361.45,5,Curitiba/PR/Brasil,Cartão de Crédito,Em Processamento
TX_10470,2025-07-03 17:09:00,CLI_208,Smartphone,Eletrônicos,1025.08,3,São Paulo/SP/Brasil,Boleto Bancário,Concluído
TX_10471,2025-07-22 22:33:00,CLI_131,Cadeira Escritório,Casa,1666.85,5,Curitiba/PR/Brasil,Cartão de Crédito,Concluído
TX_10472,2025-06-02 23:07:00,CLI_914,Desenvolvimento Pessoal,Livros,3036.98,3,Rio de Janeiro/RJ/Brasil,Cartão de Crédito,Em Processamento
TX_10473,2025-01-03 19:32:00,CLI_710,Camiseta,Vestuário,1388.37,5,São Paulo/SP/Brasil,Cartão de Crédito,Concluído
TX_10474,2025-07-31 22:02:00,CLI_971,Tênis,Vestuário,1801.25,2,Rio de Janeiro/RJ/Brasil,Cartão de Crédito,Concluído
TX_10475,2025-04-03 22:54:00,CLI_918,Jogo de Cama,Casa,1992.01,1,São Paulo/SP/Brasil,Boleto Bancário,Cancelado
TX_10476,2025-05-09 03:21:00,CLI_302,Fone de Ouvido,Eletrônicos,2543.68,4,São Paulo/SP/Brasil,Pix,Concluído
TX_10477,2025-05-26 21:08:00,CLI_171,Calça Jeans,Vestuário,3151.91,3,São Paulo/SP/Brasil,Pix,Cancelado
TX_10478,2025-03-20 19:18:00,CLI_680,Cafeteira,Casa,1285.26,3,Salvador/BA/Brasil,Pix,Concluído
TX_10479,2025-04-24 21:52:00,CLI_546,Fone de Ouvido,Eletrônicos,979.23,3,Rio de Janeiro/RJ/Brasil,Cartão de Crédito,Concluído
TX_10480,2025-07-03 10:25:00,CLI_598,História,Livros,1937.58,2,Curitiba/PR/Brasil,Boleto Bancário,Em Processamento
TX_10481,2025-10-03 06:42:00,CLI_369,Fone de Ouvido,Eletrônicos,2571.4,1,Rio de Janeiro/RJ/Brasil,Boleto Bancário,Concluído
TX_10482,2025-10-24 13:49:00,CLI_887,Smartphone,Eletrônicos,2071.28,1,Salvador/BA/Brasil,Boleto Bancário,Concluído
TX_10483,2025-07-20 07:37:00,CLI_890,Biografia,Livros,2069.76,3,Bom Despacho/MG/Brasil,Cartão de Crédito,Cancelado
TX_10484,2025-09-15 00:21:00,CLI_778,Smartwatch,Eletrônicos,847.5,5,Bom Despacho/MG/Brasil,Boleto Bancário,Concluído
TX_10485,2025-04-02 19:19:00,CLI_679,Jaqueta,Vestuário,2313.06,2,Rio de Janeiro/RJ/Brasil,Boleto Bancário,Cancelado
TX_10486,2026-01-25 16:38:00,CLI_337,Luminária,Casa,234.07,3,Rio de Janeiro/RJ/Brasil,Cartão de Crédito,Concluído
TX_10487,2025-08-29 15:31:00,CLI_147,Tênis,Vestuário,154.07,3,Curitiba/PR/Brasil,Cartão de Crédito,Em Processamento
TX_10488,2025-10-06 19:27:00,CLI_278,Cafeteira,Casa,1327.66,4,Salvador/BA/Brasil,Pix,Em Processamento
TX_10489,2025-04-25 17:37:00,CLI_515,Fone de Ouvido,Eletrônicos,1244.85,3,Curitiba/PR/Brasil,Pix,Cancelado
TX_10490,2025-03-26 07:51:00,CLI_178,Notebook,Eletrônicos,1808.18,3,Curitiba/PR/Brasil,Cartão de Crédito,Concluído
TX_10491,2025-11-05 04:02:00,CLI_776,Calça Jeans,Vestuário,817.76,3,Bom Despacho/MG/Brasil,Boleto Bancário,Concluído
TX_10492,2025-04-18 20:09:00,CLI_265,História,Livros,2270.7,4,Curitiba/PR/Brasil,Cartão de Crédito,Concluído
TX_10493,2025-10-31 05:29:00,CLI_237,Notebook,Eletrônicos,2208.95,1,Salvador/BA/Brasil,Boleto Bancário,Concluído
TX_10494,2025-04-03 17:38:00,CLI_515,Notebook,Eletrônicos,2103.76,5,Bom Despacho/MG/Brasil,Boleto Bancário,Concluído
TX_10495,2025-08-18 20:42:00,CLI_582,Luminária,Casa,3037.55,2,Rio de Janeiro/RJ/Brasil,Cartão de Crédito,Cancelado
TX_10496,2025-12-04 17:26:00,CLI_370,Calça Jeans,Vestuário,599.51,3,Salvador/BA/Brasil,Pix,Em Processamento
TX_10497,2025-07-17 04:30:00,CLI_211,Notebook,Eletrônicos,72.72,5,Curitiba/PR/Brasil,Boleto Bancário,Cancelado
TX_10498,2025-09-01 20:59:00,CLI_714,Camiseta,Vestuário,151.04,5,Rio de Janeiro/RJ/Brasil,Boleto Bancário,Concluído
TX_10499,2025-11-05 18:24:00,CLI_947,Smartwatch,Eletrônicos,19.18,4,Rio de Janeiro/RJ/Brasil,Boleto Bancário,Cancelado
TX_10500,2025-08-08 07:49:00,CLI_921,Luminária,Casa,1695.2,4,Salvador/BA/Brasil,Pix,Em Processamento
TX_10501,2025-05-11 16:17:00,CLI_884,Smartwatch,Eletrônicos,825.31,1,Rio de Janeiro/RJ/Brasil,Pix,Em Processamento
TX_10502,2025-01-03 00:14:00,CLI_691,Desenvolvimento Pessoal,Livros,1836.05,5,Rio de Janeiro/RJ/Brasil,Cartão de Crédito,Cancelado
TX_10503,2025-07-05 03:38:00,CLI_258,Tênis,Vestuário,1499.86,5,Curitiba/PR/Brasil,Pix,Concluído
TX_10504,2025-05-22 23:13:00,CLI_506,Desenvolvimento Pessoal,Livros,2646.08,4,Salvador/BA/Brasil,Boleto Bancário,Em Processamento
TX_10505,2025-10-14 18:56:00,CLI_595,Biografia,Livros,899.42,3,Bom Despacho/MG/Brasil,Boleto Bancário,Concluído
TX_10506,2026-01-18 07:50:00,CLI_557,Biografia,Livros,2744.14,2,São Paulo/SP/Brasil,Cartão de Crédito,Concluído
TX_10507,2025-11-11 23:47:00,CLI_800,Desenvolvimento Pessoal,Livros,2478.16,2,Salvador/BA/Brasil,Pix,Concluído
TX_10508,2025-11-04 14:51:00,CLI_190,Notebook,Eletrônicos,238.32,2,Curitiba/PR/Brasil,Pix,Concluído
TX_10509,2025-11-11 22:23:00,CLI_633,Smartwatch,Eletrônicos,1013.35,5,Curitiba/PR/Brasil,Cartão de Crédito,Concluído
TX_10510,2025-04-14 22:25:00,CLI_923,História,Livros,1820.76,2,São Paulo/SP/Brasil,Cartão de Crédito,Em Processamento
TX_10511,2025-07-04 08:09:00,CLI_770,Calça Jeans,Vestuário,16.0,2,São Paulo/SP/Brasil,Cartão de Crédito,Concluído
TX_10512,2025-07-27 20:00:00,CLI_305,Desenvolvimento Pessoal,Livros,1819.33,1,Curitiba/PR/Brasil,Cartão de Crédito,Em Processamento
TX_10513,2025-05-22 07:43:00,CLI_720,Cafeteira,Casa,3371.25,4,Bom Despacho/MG/Brasil,Pix,Em Processamento
TX_10514,2025-07-28 17:16:00,CLI_209,Fone de Ouvido,Eletrônicos,1961.83,5,Rio de Janeiro/RJ/Brasil,Pix,Concluído
TX_10515,2025-10-22 08:32:00,CLI_810,Fone de Ouvido,Eletrônicos,1558.05,4,Salvador/BA/Brasil,Boleto Bancário,Cancelado
TX_10516,2025-12-15 15:43:00,CLI_700,Tênis,Vestuário,3019.15,4,Curitiba/PR/Brasil,Cartão de Crédito,Concluído
TX_10517,2025-12-13 23:56:00,CLI_335,Smartwatch,Eletrônicos,2803.56,4,Rio de Janeiro/RJ/Brasil,Pix,Em Processamento
TX_10518,2025-05-28 03:10:00,CLI_508,Fone de Ouvido,Eletrônicos,2362.84,3,Rio de Janeiro/RJ/Brasil,Cartão de Crédito,Em Processamento
TX_10519,2025-07-01 07:27:00,CLI_687,Jaqueta,Vestuário,952.73,2,Bom Despacho/MG/Brasil,Pix,Concluído
TX_10520,2025-04-16 07:49:00,CLI_307,Calça Jeans,Vestuário,2924.77,5,Bom Despacho/MG/Brasil,Pix,Concluído
TX_10521,2025-12-13 22:38:00,CLI_604,Smartphone,Eletrônicos,2154.19,5,São Paulo/SP/Brasil,Cartão de Crédito,Cancelado
TX_10522,2025-10-22 09:22:00,CLI_602,Cafeteira,Casa,652.31,5,Curitiba/PR/Brasil,Pix,Cancelado
TX_10523,2025-09-27 14:26:00,CLI_589,Calça Jeans,Vestuário,3289.7,1,São Paulo/SP/Brasil,Boleto Bancário,Concluído
TX_10524,2025-03-03 23:50:00,CLI_630,Biografia,Livros,1618.35,1,Curitiba/PR/Brasil,Cartão de Crédito,Concluído
TX_10525,2025-07-05 20:54:00,CLI_982,Ficção Científica,Livros,920.06,5,Bom Despacho/MG/Brasil,Pix,Concluído
TX_10526,2025-06-25 12:29:00,CLI_288,Cadeira Escritório,Casa,1753.21,2,Salvador/BA/Brasil,Pix,Concluído
TX_10527,2025-08-19 06:08:00,CLI_685,Cadeira Escritório,Casa,472.02,5,Bom Despacho/MG/Brasil,Boleto Bancário,Concluído
TX_10528,2025-10-12 14:45:00,CLI_976,Fone de Ouvido,Eletrônicos,1342.38,2,Rio de Janeiro/RJ/Brasil,Boleto Bancário,Concluído
TX_10529,2025-08-04 17:03:00,CLI_237,Ficção Científica,Livros,3484.53,5,Rio de Janeiro/RJ/Brasil,Boleto Bancário,Concluído
TX_10530,2025-10-15 19:22:00,CLI_148,Desenvolvimento Pessoal,Livros,1403.43,2,Bom Despacho/MG/Brasil,Cartão de Crédito,Concluído
TX_10531,2025-08-19 11:25:00,CLI_366,Cadeira Escritório,Casa,1272.95,5,São Paulo/SP/Brasil,Boleto Bancário,Concluído
TX_10532,2025-03-04 11:59:00,CLI_988,Luminária,Casa,2383.36,5,Curitiba/PR/Brasil,Cartão de Crédito,Em Processamento
TX_10533,2025-06-16 22:58:00,CLI_622,Tênis,Vestuário,1713.92,4,Bom Despacho/MG/Brasil,Cartão de Crédito,Cancelado
TX_10534,2025-03-27 21:51:00,CLI_927,Cadeira Escritório,Casa,3251.05,4,Rio de Janeiro/RJ/Brasil,Boleto Bancário,Em Processamento
TX_10535,2025-03-24 11:43:00,CLI_333,Ficção Científica,Livros,1107.48,3,São Paulo/SP/Brasil,Boleto Bancário,Concluído
TX_10536,2026-02-04 12:23:00,CLI_865,Desenvolvimento Pessoal,Livros,2060.42,4,Curitiba/PR/Brasil,Pix,Concluído
TX_10537,2026-01-08 08:00:00,CLI_777,Camiseta,Vestuário,891.99,1,Rio de Janeiro/RJ/Brasil,Cartão de Crédito,Concluído
TX_10538,2025-02-02 16:09:00,CLI_661,Ficção Científica,Livros,202.58,4,São Paulo/SP/Brasil,Boleto Bancário,Concluído
TX_10539,2025-03-21 02:52:00,CLI_770,Fone de Ouvido,Eletrônicos,3261.59,4,Salvador/BA/Brasil,Pix,Concluído
TX_10540,2025-11-17 04:18:00,CLI_234,Tênis,Vestuário,1850.7,2,Curitiba/PR/Brasil,Cartão de Crédito,Concluído
TX_10541,2025-08-28 18:27:00,CLI_378,Cafeteira,Casa,1926.68,2,Curitiba/PR/Brasil,Boleto Bancário,Em Processamento
TX_10542,2025-08-11 17:52:00,CLI_755,Jaqueta,Vestuário,2243.76,3,Salvador/BA/Brasil,Pix,Cancelado
TX_10543,2025-06-07 12:29:00,CLI_522,Camiseta,Vestuário,920.43,3,Curitiba/PR/Brasil,Cartão de Crédito,Concluído
TX_10544,2025-08-29 18:15:00,CLI_108,Tênis,Vestuário,2411.88,4,Bom Despacho/MG/Brasil,Pix,Concluído
TX_10545,2025-11-02 07:53:00,CLI_915,Smartwatch,Eletrônicos,40.15,3,Bom Despacho/MG/Brasil,Cartão de Crédito,Cancelado
TX_10546,2025-03-25 22:02:00,CLI_499,História,Livros,2902.07,2,Rio de Janeiro/RJ/Brasil,Pix,Concluído
TX_10547,2026-01-27 20:55:00,CLI_926,Biografia,Livros,2433.33,3,Salvador/BA/Brasil,Pix,Em Processamento
TX_10548,2025-02-05 06:13:00,CLI_239,Cadeira Escritório,Casa,1024.24,4,Rio de Janeiro/RJ/Brasil,Boleto Bancário,Cancelado
TX_10549,2025-06-14 00:39:00,CLI_255,Cadeira Escritório,Casa,187.97,5,Rio de Janeiro/RJ/Brasil,Cartão de Crédito,Concluído
TX_10550,2025-03-06 14:57:00,CLI_844,Fone de Ouvido,Eletrônicos,43.59,1,Bom Despacho/MG/Brasil,Cartão de Crédito,Concluído
TX_10551,2025-08-04 10:38:00,CLI_904,Biografia,Livros,2801.13,3,Bom Despacho/MG/Brasil,Pix,Concluído
TX_10552,2025-01-29 09:05:00,CLI_894,Luminária,Casa,1382.59,5,Rio de Janeiro/RJ/Brasil,Pix,Concluído
TX_10553,2025-01-07 04:09:00,CLI_886,Tênis,Vestuário,2505.67,4,Curitiba/PR/Brasil,Pix,Concluído
TX_10554,2026-01-12 03:12:00,CLI_633,Notebook,Eletrônicos,2336.04,2,Curitiba/PR/Brasil,Pix,Cancelado
TX_10555,2025-11-19 01:26:00,CLI_862,Cafeteira,Casa,3281.91,5,Rio de Janeiro/RJ/Brasil,Cartão de Crédito,Concluído
TX_10556,2025-07-04 01:46:00,CLI_984,Desenvolvimento Pessoal,Livros,2338.43,1,Rio de Janeiro/RJ/Brasil,Cartão de Crédito,Cancelado
TX_10557,2025-05-22 19:57:00,CLI_222,Luminária,Casa,1394.39,2,Rio de Janeiro/RJ/Brasil,Cartão de Crédito,Concluído
TX_10558,2026-01-30 03:03:00,CLI_354,Biografia,Livros,564.58,1,Bom Despacho/MG/Brasil,Boleto Bancário,Em Processamento
TX_10559,2025-07-02 22:00:00,CLI_257,Luminária,Casa,2459.13,1,São Paulo/SP/Brasil,Cartão de Crédito,Cancelado
TX_10560,2025-11-27 11:51:00,CLI_924,Tênis,Vestuário,3122.91,2,Salvador/BA/Brasil,Cartão de Crédito,Cancelado
TX_10561,2025-01-21 16:33:00,CLI_823,Jogo de Cama,Casa,1539.69,3,Bom Despacho/MG/Brasil,Boleto Bancário,Cancelado
TX_10562,2025-06-28 11:02:00,CLI_849,Calça Jeans,Vestuário,1647.36,5,Salvador/BA/Brasil,Boleto Bancário,Concluído
TX_10563,2025-06-01 08:59:00,CLI_654,Notebook,Eletrônicos,1294.39,1,Curitiba/PR/Brasil,Boleto Bancário,Em Processamento
TX_10564,2025-11-14 12:25:00,CLI_894,Biografia,Livros,2176.39,3,São Paulo/SP/Brasil,Boleto Bancário,Concluído
TX_10565,2025-12-16 16:58:00,CLI_884,Biografia,Livros,1936.87,5,Salvador/BA/Brasil,Pix,Concluído
TX_10566,2025-02-19 17:51:00,CLI_774,Desenvolvimento Pessoal,Livros,247.38,2,São Paulo/SP/Brasil,Cartão de Crédito,Concluído
TX_10567,2025-04-09 03:22:00,CLI_132,Camiseta,Vestuário,2004.98,4,Curitiba/PR/Brasil,Boleto Bancário,Cancelado
TX_10568,2025-04-24 20:40:00,CLI_835,Luminária,Casa,262.0,2,Bom Despacho/MG/Brasil,Boleto Bancário,Cancelado
TX_10569,2025-07-04 19:02:00,CLI_861,Smartwatch,Eletrônicos,3284.78,4,São Paulo/SP/Brasil,Pix,Concluído
TX_10570,2025-06-05 02:39:00,CLI_321,Luminária,Casa,3362.64,1,São Paulo/SP/Brasil,Cartão de Crédito,Concluído
TX_10571,2025-09-27 22:25:00,CLI_354,Biografia,Livros,2001.55,2,Rio de Janeiro/RJ/Brasil,Boleto Bancário,Em Processamento
TX_10572,2025-07-03 23:01:00,CLI_569,Ficção Científica,Livros,2463.39,4,Salvador/BA/Brasil,Cartão de Crédito,Concluído
TX_10573,2025-06-22 22:26:00,CLI_261,Jaqueta,Vestuário,1875.64,5,Salvador/BA/Brasil,Pix,Concluído
TX_10574,2025-07-31 21:36:00,CLI_540,Cafeteira,Casa,2894.15,3,Bom Despacho/MG/Brasil,Boleto Bancário,Concluído
TX_10575,2026-01-17 08:40:00,CLI_468,Jaqueta,Vestuário,3366.36,4,Salvador/BA/Brasil,Pix,Concluído
TX_10576,2025-01-09 17:40:00,CLI_238,Fone de Ouvido,Eletrônicos,3477.04,3,Salvador/BA/Brasil,Cartão de Crédito,Concluído
TX_10577,2025-01-12 23:32:00,CLI_942,Calça Jeans,Vestuário,976.71,5,Bom Despacho/MG/Brasil,Boleto Bancário,Em Processamento
TX_10578,2025-08-24 12:08:00,CLI_259,Camiseta,Vestuário,497.35,3,São Paulo/SP/Brasil,Boleto Bancário,Concluído
TX_10579,2025-02-17 19:28:00,CLI_509,Tênis,Vestuário,1998.19,2,Bom Despacho/MG/Brasil,Boleto Bancário,Concluído
TX_10580,2025-09-07 23:32:00,CLI_819,Cadeira Escritório,Casa,2023.17,1,Rio de Janeiro/RJ/Brasil,Boleto Bancário,Concluído
TX_10581,2026-02-04 01:54:00,CLI_889,Smartwatch,Eletrônicos,1180.35,4,São Paulo/SP/Brasil,Pix,Concluído
TX_10582,2025-01-28 10:24:00,CLI_636,Camiseta,Vestuário,158.52,5,Curitiba/PR/Brasil,Boleto Bancário,Concluído
TX_10583,2025-01-26 22:59:00,CLI_849,Jogo de Cama,Casa,3490.83,4,Rio de Janeiro/RJ/Brasil,Boleto Bancário,Em Processamento
TX_10584,2025-05-29 13:27:00,CLI_251,Notebook,Eletrônicos,475.68,1,Curitiba/PR/Brasil,Pix,Em Processamento
TX_10585,2025-02-13 13:36:00,CLI_613,Smartwatch,Eletrônicos,,2,Bom Despacho/MG/Brasil,Cartão de Crédito,Cancelado
TX_10586,2025-11-30 19:30:00,CLI_300,Jaqueta,Vestuário,1970.67,5,Curitiba/PR/Brasil,Cartão de Crédito,Concluído
TX_10587,2025-06-15 23:22:00,CLI_689,Fone de Ouvido,Eletrônicos,327.24,4,Curitiba/PR/Brasil,Pix,Concluído
TX_10588,2025-06-26 20:16:00,CLI_771,Jogo de Cama,Casa,99.36,3,Bom Despacho/MG/Brasil,Cartão de Crédito,Concluído
TX_10589,2025-01-23 07:58:00,CLI_304,Biografia,Livros,2403.48,2,Curitiba/PR/Brasil,Boleto Bancário,Concluído
TX_10590,2025-11-14 05:02:00,CLI_989,Smartphone,Eletrônicos,2916.07,3,Rio de Janeiro/RJ/Brasil,Cartão de Crédito,Concluído
TX_10591,2025-08-30 00:46:00,CLI_439,Fone de Ouvido,Eletrônicos,743.4,5,Curitiba/PR/Brasil,Cartão de Crédito,Concluído
TX_10592,2026-01-09 04:49:00,CLI_811,Cadeira Escritório,Casa,2450.16,1,Salvador/BA/Brasil,Pix,Em Processamento
TX_10593,2025-01-31 09:41:00,CLI_305,Fone de Ouvido,Eletrônicos,2765.32,5,Rio de Janeiro/RJ/Brasil,Pix,Concluído
TX_10594,2025-07-18 22:32:00,CLI_377,Ficção Científica,Livros,2325.49,3,São Paulo/SP/Brasil,Cartão de Crédito,Concluído
TX_10595,2025-07-14 17:21:00,CLI_826,Cadeira Escritório,Casa,362.12,3,Rio de Janeiro/RJ/Brasil,Pix,Em Processamento
TX_10596,2025-09-14 15:37:00,CLI_674,Notebook,Eletrônicos,3243.33,1,Rio de Janeiro/RJ/Brasil,Cartão de Crédito,Concluído
TX_10597,2025-07-21 05:21:00,CLI_118,Cafeteira,Casa,1223.53,3,Curitiba/PR/Brasil,Pix,Concluído
TX_10598,2025-11-17 08:47:00,CLI_999,Tênis,Vestuário,1364.29,1,São Paulo/SP/Brasil,Boleto Bancário,Concluído
TX_10599,2025-07-21 22:25:00,CLI_240,Calça Jeans,Vestuário,320.97,4,Bom Despacho/MG/Brasil,Boleto Bancário,Em Processamento
TX_10600,2025-10-21 05:12:00,CLI_536,Jaqueta,Vestuário,3397.32,5,Rio de Janeiro/RJ/Brasil,Pix,Cancelado
TX_10601,2025-10-25 18:28:00,CLI_800,Calça Jeans,Vestuário,2803.37,2,Rio de Janeiro/RJ/Brasil,Pix,Em Processamento
TX_10602,2025-12-02 19:16:00,CLI_261,Jaqueta,Vestuário,1121.47,5,Rio de Janeiro/RJ/Brasil,Boleto Bancário,Concluído
TX_10603,2026-01-08 01:00:00,CLI_883,Tênis,Vestuário,1125.63,4,Rio de Janeiro/RJ/Brasil,Pix,Concluído
TX_10604,2026-02-03 06:24:00,CLI_209,Desenvolvimento Pessoal,Livros,473.44,1,Rio de Janeiro/RJ/Brasil,Boleto Bancário,Em Processamento
TX_10605,2025-04-29 07:52:00,CLI_803,Jogo de Cama,Casa,105.9,1,Salvador/BA/Brasil,Boleto Bancário,Cancelado
TX_10606,2025-04-05 13:13:00,CLI_603,Jaqueta,Vestuário,1666.36,2,Bom Despacho/MG/Brasil,Cartão de Crédito,Concluído
TX_10607,2025-05-19 14:05:00,CLI_327,Smartwatch,Eletrônicos,2602.15,2,São Paulo/SP/Brasil,Cartão de Crédito,Concluído
TX_10608,2025-09-08 23:28:00,CLI_432,Jaqueta,Vestuário,3035.71,2,Salvador/BA/Brasil,Pix,Cancelado
TX_10609,2025-07-21 20:52:00,CLI_860,Smartwatch,Eletrônicos,2008.19,5,Bom Despacho/MG/Brasil,Boleto Bancário,Concluído
TX_10610,2025-01-22 08:23:00,CLI_631,Smartwatch,Eletrônicos,1889.47,1,Curitiba/PR/Brasil,Boleto Bancário,Cancelado
TX_10611,2025-08-14 13:35:00,CLI_411,Notebook,Eletrônicos,2711.26,3,Bom Despacho/MG/Brasil,Pix,Concluído
TX_10612,2025-01-28 23:33:00,CLI_629,Desenvolvimento Pessoal,Livros,3164.31,4,Salvador/BA/Brasil,Boleto Bancário,Cancelado
TX_10613,2026-02-03 19:58:00,CLI_812,Smartphone,Eletrônicos,1919.23,4,Rio de Janeiro/RJ/Brasil,Pix,Concluído
TX_10614,2025-08-21 20:08:00,CLI_829,Ficção Científica,Livros,3136.85,4,Rio de Janeiro/RJ/Brasil,Cartão de Crédito,Concluído
TX_10615,2025-02-16 03:53:00,CLI_823,Jogo de Cama,Casa,1581.15,3,São Paulo/SP/Brasil,Cartão de Crédito,Em Processamento
TX_10616,2025-10-09 12:59:00,CLI_144,Biografia,Livros,2692.39,3,Curitiba/PR/Brasil,Boleto Bancário,Concluído
TX_10617,2026-01-29 01:45:00,CLI_529,Calça Jeans,Vestuário,1088.6,4,Rio de Janeiro/RJ/Brasil,Pix,Concluído
TX_10618,2025-01-02 21:15:00,CLI_883,Notebook,Eletrônicos,897.09,4,Rio de Janeiro/RJ/Brasil,Pix,Cancelado
TX_10619,2025-04-22 20:05:00,CLI_775,Smartwatch,Eletrônicos,1672.86,4,Rio de Janeiro/RJ/Brasil,Pix,Concluído
TX_10620,2025-05-23 21:09:00,CLI_743,Notebook,Eletrônicos,1958.06,2,Salvador/BA/Brasil,Cartão de Crédito,Concluído
TX_10621,2025-01-19 04:57:00,CLI_974,Camiseta,Vestuário,128.03,5,Bom Despacho/MG/Brasil,Boleto Bancário,Concluído
TX_10622,2025-02-25 14:13:00,CLI_282,Luminária,Casa,577.25,3,São Paulo/SP/Brasil,Boleto Bancário,Em Processamento
TX_10623,2025-07-04 01:13:00,CLI_195,Jaqueta,Vestuário,2693.26,3,Salvador/BA/Brasil,Pix,Cancelado
TX_10624,2025-02-03 09:59:00,CLI_582,Smartwatch,Eletrônicos,483.89,3,Salvador/BA/Brasil,Pix,Em Processamento
TX_10625,2025-11-10 01:59:00,CLI_211,Biografia,Livros,,5,Rio de Janeiro/RJ/Brasil,Cartão de Crédito,Cancelado
TX_10626,2025-06-12 08:51:00,CLI_638,Cadeira Escritório,Casa,2019.37,5,Salvador/BA/Brasil,Pix,Concluído
TX_10627,2025-04-03 20:48:00,CLI_338,História,Livros,2484.43,2,Curitiba/PR/Brasil,Cartão de Crédito,Concluído
TX_10628,2026-01-13 07:04:00,CLI_918,Smartwatch,Eletrônicos,2159.35,4,São Paulo/SP/Brasil,Pix,Concluído
TX_10629,2025-11-23 07:14:00,CLI_111,Cafeteira,Casa,2247.55,3,Salvador/BA/Brasil,Pix,Concluído
TX_10630,2025-10-09 11:03:00,CLI_885,Cafeteira,Casa,36.37,3,Salvador/BA/Brasil,Pix,Cancelado
TX_10631,2025-06-19 11:32:00,CLI_788,Notebook,Eletrônicos,1684.69,4,Rio de Janeiro/RJ/Brasil,Cartão de Crédito,Concluído
TX_10632,2025-10-02 11:26:00,CLI_573,Biografia,Livros,2747.2,4,Curitiba/PR/Brasil,Boleto Bancário,Concluído
TX_10633,2025-10-02 00:38:00,CLI_313,Cafeteira,Casa,2027.23,3,Salvador/BA/Brasil,Pix,Concluído
TX_10634,2025-06-23 12:48:00,CLI_741,Tênis,Vestuário,1876.94,2,São Paulo/SP/Brasil,Boleto Bancário,Em Processamento
TX_10635,2025-03-01 10:31:00,CLI_822,Biografia,Livros,3004.5,1,Salvador/BA/Brasil,Pix,Cancelado
TX_10636,2025-07-10 15:25:00,CLI_949,Smartwatch,Eletrônicos,3328.28,2,Rio de Janeiro/RJ/Brasil,Boleto Bancário,Concluído
TX_10637,2025-01-20 06:53:00,CLI_194,Camiseta,Vestuário,1561.55,1,Bom Despacho/MG/Brasil,Pix,Em Processamento
TX_10638,2025-09-05 17:52:00,CLI_417,Calça Jeans,Vestuário,2717.73,2,Bom Despacho/MG/Brasil,Cartão de Crédito,Em Processamento
TX_10639,2025-08-24 13:13:00,CLI_830,Calça Jeans,Vestuário,3028.86,1,São Paulo/SP/Brasil,Cartão de Crédito,Concluído
TX_10640,2025-08-28 01:34:00,CLI_205,Smartphone,Eletrônicos,1829.21,3,Bom Despacho/MG/Brasil,Cartão de Crédito,Em Processamento
TX_10641,2025-04-13 06:34:00,CLI_393,Jogo de Cama,Casa,979.12,3,Bom Despacho/MG/Brasil,Pix,Concluído
TX_10642,2025-05-21 03:54:00,CLI_115,Jogo de Cama,Casa,3354.67,5,Rio de Janeiro/RJ/Brasil,Boleto Bancário,Concluído
TX_10643,2025-06-13 09:15:00,CLI_244,Tênis,Vestuário,3302.32,3,Salvador/BA/Brasil,Boleto Bancário,Concluído
TX_10644,2025-11-10 11:33:00,CLI_653,Camiseta,Vestuário,1561.11,2,Bom Despacho/MG/Brasil,Cartão de Crédito,Cancelado
TX_10645,2025-01-28 02:56:00,CLI_536,Smartphone,Eletrônicos,1380.83,5,Curitiba/PR/Brasil,Boleto Bancário,
TX_10646,2025-04-12 22:53:00,CLI_928,Cafeteira,Casa,1874.19,4,Bom Despacho/MG/Brasil,Boleto Bancário,Concluído
TX_10647,2025-08-22 10:35:00,CLI_800,Smartwatch,Eletrônicos,2260.8,4,São Paulo/SP/Brasil,Pix,
TX_10648,2025-05-13 12:24:00,CLI_501,Calça Jeans,Vestuário,653.99,3,Salvador/BA/Brasil,Pix,Cancelado
TX_10649,2025-09-01 03:51:00,CLI_459,Ficção Científica,Livros,1683.1,2,São Paulo/SP/Brasil,Pix,Concluído
TX_10650,2026-01-01 03:39:00,CLI_433,Camiseta,Vestuário,1953.18,1,Curitiba/PR/Brasil,Pix,Em Processamento
TX_10651,2025-07-31 08:08:00,CLI_735,História,Livros,864.26,2,Salvador/BA/Brasil,Pix,Cancelado
TX_10652,2025-12-22 20:10:00,CLI_541,Fone de Ouvido,Eletrônicos,2748.33,4,Rio de Janeiro/RJ/Brasil,Boleto Bancário,Concluído
TX_10653,2026-01-14 19:35:00,CLI_956,Calça Jeans,Vestuário,1710.91,5,São Paulo/SP/Brasil,Boleto Bancário,Cancelado
TX_10654,2025-04-01 10:30:00,CLI_515,Luminária,Casa,257.58,1,Curitiba/PR/Brasil,Boleto Bancário,Em Processamento
TX_10655,2025-11-27 22:32:00,CLI_162,Desenvolvimento Pessoal,Livros,,2,Curitiba/PR/Brasil,Boleto Bancário,Concluído
TX_10656,2025-09-30 09:56:00,CLI_499,Calça Jeans,Vestuário,2160.27,4,Curitiba/PR/Brasil,Cartão de Crédito,Concluído
TX_10657,2025-12-14 10:23:00,CLI_545,Cafeteira,Casa,2516.5,3,Salvador/BA/Brasil,Cartão de Crédito,Em Processamento
TX_10658,2025-05-31 02:07:00,CLI_478,Smartwatch,Eletrônicos,3155.25,1,Rio de Janeiro/RJ/Brasil,Cartão de Crédito,Em Processamento
TX_10659,2025-01-16 08:01:00,CLI_542,Luminária,Casa,2462.24,4,Bom Despacho/MG/Brasil,Boleto Bancário,Concluído
TX_10660,2025-08-11 18:36:00,CLI_316,História,Livros,2323.77,4,Curitiba/PR/Brasil,Cartão de Crédito,Concluído
TX_10661,2025-03-20 09:50:00,CLI_993,Desenvolvimento Pessoal,Livros,2350.18,2,Curitiba/PR/Brasil,Cartão de Crédito,Concluído
TX_10662,2025-12-03 14:54:00,CLI_239,Notebook,Eletrônicos,310.05,4,Curitiba/PR/Brasil,Pix,Em Processamento
TX_10663,2025-09-18 14:28:00,CLI_665,Biografia,Livros,2872.95,4,Curitiba/PR/Brasil,Pix,Concluído
TX_10664,2025-01-04 19:43:00,CLI_610,Jaqueta,Vestuário,2966.11,2,Salvador/BA/Brasil,Boleto Bancário,Em Processamento
TX_10665,2025-10-23 12:31:00,CLI_134,Cadeira Escritório,Casa,3424.14,5,Salvador/BA/Brasil,Pix,Concluído
TX_10666,2025-03-14 17:58:00,CLI_979,Smartwatch,Eletrônicos,3443.08,3,São Paulo/SP/Brasil,Pix,Em Processamento
TX_10667,2025-08-30 21:31:00,CLI_859,Smartphone,Eletrônicos,2328.12,1,Rio de Janeiro/RJ/Brasil,Boleto Bancário,Em Processamento
TX_10668,2025-10-01 00:22:00,CLI_580,Luminária,Casa,1597.31,4,Bom Despacho/MG/Brasil,Boleto Bancário,Concluído
TX_10669,2025-05-29 05:43:00,CLI_136,Desenvolvimento Pessoal,Livros,2437.25,5,Bom Despacho/MG/Brasil,Boleto Bancário,Concluído
TX_10670,2025-10-24 05:46:00,CLI_686,Luminária,Casa,194.9,3,Curitiba/PR/Brasil,Boleto Bancário,Em Processamento
TX_10671,2025-02-12 04:19:00,CLI_617,Fone de Ouvido,Eletrônicos,282.86,3,Curitiba/PR/Brasil,Pix,Concluído
TX_10672,2025-01-08 03:48:00,CLI_718,Cafeteira,Casa,623.53,5,Bom Despacho/MG/Brasil,Boleto Bancário,Concluído
TX_10673,2025-05-14 23:55:00,CLI_341,Desenvolvimento Pessoal,Livros,1704.94,5,Rio de Janeiro/RJ/Brasil,Cartão de Crédito,Concluído
TX_10674,2025-03-20 16:55:00,CLI_870,Notebook,Eletrônicos,3477.65,4,Salvador/BA/Brasil,Cartão de Crédito,Cancelado
TX_10675,2026-01-11 11:46:00,CLI_155,Calça Jeans,Vestuário,2253.28,1,Salvador/BA/Brasil,Cartão de Crédito,Concluído
TX_10676,2025-06-04 16:15:00,CLI_864,História,Livros,3319.66,5,Curitiba/PR/Brasil,Cartão de Crédito,Cancelado
TX_10677,2025-03-16 18:06:00,CLI_991,História,Livros,1530.05,3,Bom Despacho/MG/Brasil,Pix,Cancelado
TX_10678,2025-09-30 21:45:00,CLI_462,Luminária,Casa,3347.3,4,São Paulo/SP/Brasil,Boleto Bancário,Concluído
TX_10679,2025-02-20 08:42:00,CLI_770,Cafeteira,Casa,2050.86,4,Bom Despacho/MG/Brasil,Boleto Bancário,Concluído
TX_10680,2025-06-10 18:41:00,CLI_110,Tênis,Vestuário,2359.71,1,Rio de Janeiro/RJ/Brasil,Cartão de Crédito,Cancelado
TX_10681,2025-06-29 07:29:00,CLI_842,Smartphone,Eletrônicos,1002.29,2,Curitiba/PR/Brasil,Cartão de Crédito,Concluído
TX_10682,2025-12-03 07:24:00,CLI_713,Smartphone,Eletrônicos,2238.72,1,Salvador/BA/Brasil,Cartão de Crédito,Em Processamento
TX_10683,2025-04-05 03:47:00,CLI_812,Jaqueta,Vestuário,657.16,3,Salvador/BA/Brasil,Pix,Concluído
TX_10684,2025-12-21 22:47:00,CLI_888,Desenvolvimento Pessoal,Livros,2698.87,3,Curitiba/PR/Brasil,Cartão de Crédito,Concluído
TX_10685,2025-07-18 11:21:00,CLI_161,Luminária,Casa,914.96,3,Curitiba/PR/Brasil,Cartão de Crédito,Cancelado
TX_10686,2025-11-09 13:24:00,CLI_282,Smartwatch,Eletrônicos,2264.51,1,Rio de Janeiro/RJ/Brasil,Cartão de Crédito,Em Processamento
TX_10687,2025-11-26 03:37:00,CLI_552,Biografia,Livros,2508.17,1,Salvador/BA/Brasil,Cartão de Crédito,Concluído
TX_10688,2025-01-10 16:59:00,CLI_252,Fone de Ouvido,Eletrônicos,2290.24,1,Curitiba/PR/Brasil,Cartão de Crédito,Cancelado
TX_10689,2025-07-20 19:36:00,CLI_103,Jogo de Cama,Casa,1811.11,4,Bom Despacho/MG/Brasil,Pix,Cancelado
TX_10690,2025-04-26 00:06:00,CLI_493,Ficção Científica,Livros,3340.23,4,Salvador/BA/Brasil,Cartão de Crédito,Em Processamento
TX_10691,2025-07-25 01:53:00,CLI_747,Cafeteira,Casa,3489.6,1,Bom Despacho/MG/Brasil,Pix,Em Processamento
TX_10692,2026-01-25 09:53:00,CLI_763,Luminária,Casa,722.87,5,Curitiba/PR/Brasil,Cartão de Crédito,Cancelado
TX_10693,2025-02-24 21:31:00,CLI_805,Tênis,Vestuário,1267.03,1,Curitiba/PR/Brasil,Boleto Bancário,Cancelado
TX_10694,2025-04-09 00:51:00,CLI_837,Calça Jeans,Vestuário,3487.4,2,São Paulo/SP/Brasil,Pix,Cancelado
TX_10695,2025-10-01 15:20:00,CLI_116,Fone de Ouvido,Eletrônicos,144.09,1,Curitiba/PR/Brasil,Pix,Concluído
TX_10696,2025-12-01 22:46:00,CLI_635,Ficção Científica,Livros,1612.42,5,Rio de Janeiro/RJ/Brasil,Cartão de Crédito,Em Processamento
TX_10697,2026-01-12 04:49:00,CLI_600,Camiseta,Vestuário,2293.6,4,São Paulo/SP/Brasil,Boleto Bancário,Concluído
TX_10698,2025-03-30 21:35:00,CLI_151,Calça Jeans,Vestuário,3167.75,1,São Paulo/SP/Brasil,Pix,Em Processamento
TX_10699,2025-02-28 16:58:00,CLI_709,Camiseta,Vestuário,2800.13,2,São Paulo/SP/Brasil,Cartão de Crédito,Concluído
TX_10700,2025-06-16 04:07:00,CLI_800,Desenvolvimento Pessoal,Livros,2022.25,2,Curitiba/PR/Brasil,Pix,Concluído
TX_10701,2025-02-02 04:07:00,CLI_380,Notebook,Eletrônicos,507.21,4,Bom Despacho/MG/Brasil,Cartão de Crédito,Concluído
TX_10702,2025-10-25 01:23:00,CLI_236,Jaqueta,Vestuário,363.39,5,Rio de Janeiro/RJ/Brasil,Pix,Concluído
TX_10703,2025-01-04 00:14:00,CLI_283,Smartwatch,Eletrônicos,3242.59,5,São Paulo/SP/Brasil,Pix,Cancelado
TX_10704,2025-03-15 21:50:00,CLI_377,Biografia,Livros,1837.96,4,Rio de Janeiro/RJ/Brasil,Cartão de Crédito,Concluído
TX_10705,2025-11-10 03:00:00,CLI_742,Notebook,Eletrônicos,2895.3,3,Curitiba/PR/Brasil,Pix,Cancelado
TX_10706,2025-03-02 18:05:00,CLI_197,Notebook,Eletrônicos,2171.94,5,Rio de Janeiro/RJ/Brasil,Boleto Bancário,Concluído
TX_10707,2025-01-28 06:36:00,CLI_215,Biografia,Livros,2791.2,4,Bom Despacho/MG/Brasil,Pix,Concluído
TX_10708,2025-11-27 12:25:00,CLI_391,Camiseta,Vestuário,745.42,3,São Paulo/SP/Brasil,Pix,Em Processamento
TX_10709,2026-01-15 01:47:00,CLI_650,Ficção Científica,Livros,627.97,1,São Paulo/SP/Brasil,Pix,Em Processamento
TX_10710,2026-01-05 15:10:00,CLI_706,Smartphone,Eletrônicos,2035.47,4,Rio de Janeiro/RJ/Brasil,Cartão de Crédito,Concluído
TX_10711,2025-04-27 03:20:00,CLI_342,Camiseta,Vestuário,2586.05,2,Bom Despacho/MG/Brasil,Pix,Concluído
TX_10712,2025-09-06 01:51:00,CLI_546,Smartwatch,Eletrônicos,520.12,5,Salvador/BA/Brasil,Pix,Concluído
TX_10713,2025-08-23 06:37:00,CLI_747,Desenvolvimento Pessoal,Livros,1264.69,3,Rio de Janeiro/RJ/Brasil,Cartão de Crédito,Concluído
TX_10714,2025-01-31 09:34:00,CLI_239,Camiseta,Vestuário,402.22,4,Salvador/BA/Brasil,Pix,Cancelado
TX_10715,2025-06-01 20:36:00,CLI_260,Tênis,Vestuário,2766.57,5,Rio de Janeiro/RJ/Brasil,Cartão de Crédito,Em Processamento
TX_10716,2025-09-25 16:41:00,CLI_982,Camiseta,Vestuário,3484.89,5,Curitiba/PR/Brasil,Pix,Cancelado
TX_10717,2026-01-12 08:25:00,CLI_353,Luminária,Casa,1155.63,5,Curitiba/PR/Brasil,Cartão de Crédito,Em Processamento
TX_10718,2025-01-23 01:22:00,CLI_581,Camiseta,Vestuário,2571.16,5,Curitiba/PR/Brasil,Cartão de Crédito,Cancelado
TX_10719,2025-08-20 16:54:00,CLI_346,História,Livros,304.57,1,São Paulo/SP/Brasil,Boleto Bancário,Cancelado
TX_10720,2025-06-01 08:09:00,CLI_763,Calça Jeans,Vestuário,3496.35,1,Bom Despacho/MG/Brasil,Pix,Concluído
TX_10721,2026-01-18 19:55:00,CLI_124,Jaqueta,Vestuário,3417.83,4,Salvador/BA/Brasil,Cartão de Crédito,Cancelado
TX_10722,2025-12-27 21:37:00,CLI_101,Tênis,Vestuário,,1,Curitiba/PR/Brasil,Pix,Concluído
TX_10723,2026-01-21 09:12:00,CLI_814,Fone de Ouvido,Eletrônicos,3312.14,5,Curitiba/PR/Brasil,Boleto Bancário,Concluído
TX_10724,2025-09-21 23:01:00,CLI_472,Fone de Ouvido,Eletrônicos,3109.6,1,São Paulo/SP/Brasil,Pix,Concluído
TX_10725,2025-07-07 05:58:00,CLI_763,Ficção Científica,Livros,1962.38,1,Bom Despacho/MG/Brasil,Boleto Bancário,Concluído
TX_10726,2025-10-04 03:52:00,CLI_764,Tênis,Vestuário,1682.55,5,Rio de Janeiro/RJ/Brasil,Boleto Bancário,Concluído
TX_10727,2025-05-17 17:11:00,CLI_796,Tênis,Vestuário,1488.91,1,Bom Despacho/MG/Brasil,Cartão de Crédito,Concluído
TX_10728,2025-09-14 17:58:00,CLI_949,Cadeira Escritório,Casa,442.64,5,Curitiba/PR/Brasil,Boleto Bancário,Em Processamento
TX_10729,2025-07-08 22:58:00,CLI_809,Cadeira Escritório,Casa,2833.65,1,Salvador/BA/Brasil,Cartão de Crédito,Cancelado
TX_10730,2025-04-02 09:50:00,CLI_178,Smartphone,Eletrônicos,396.14,3,Curitiba/PR/Brasil,Cartão de Crédito,Concluído
TX_10731,2025-09-24 21:24:00,CLI_123,Biografia,Livros,1036.7,5,Rio de Janeiro/RJ/Brasil,Cartão de Crédito,Cancelado
TX_10732,2026-01-13 22:00:00,CLI_121,Cadeira Escritório,Casa,1030.94,1,Curitiba/PR/Brasil,Cartão de Crédito,Concluído
TX_10733,2025-06-25 22:22:00,CLI_761,Cadeira Escritório,Casa,2757.08,4,Salvador/BA/Brasil,Boleto Bancário,Em Processamento
TX_10734,2025-10-18 04:30:00,CLI_908,História,Livros,1083.14,3,Bom Despacho/MG/Brasil,Cartão de Crédito,Cancelado
TX_10735,2025-03-17 12:03:00,CLI_391,Cafeteira,Casa,1603.9,2,São Paulo/SP/Brasil,Boleto Bancário,Concluído
TX_10736,2025-12-29 23:38:00,CLI_782,Jogo de Cama,Casa,2783.68,2,Rio de Janeiro/RJ/Brasil,Cartão de Crédito,Concluído
TX_10737,2025-03-06 15:02:00,CLI_366,Fone de Ouvido,Eletrônicos,1303.31,2,Salvador/BA/Brasil,Boleto Bancário,Concluído
TX_10738,2025-07-10 15:18:00,CLI_652,Cafeteira,Casa,3414.5,5,Rio de Janeiro/RJ/Brasil,Pix,Concluído
TX_10739,2026-01-29 04:57:00,CLI_569,Smartwatch,Eletrônicos,3248.42,2,Curitiba/PR/Brasil,Cartão de Crédito,Em Processamento
TX_10740,2025-05-29 19:34:00,CLI_782,Cafeteira,Casa,527.59,5,Curitiba/PR/Brasil,Boleto Bancário,Cancelado
TX_10741,2025-01-21 04:45:00,CLI_794,Luminária,Casa,1935.1,3,Curitiba/PR/Brasil,Cartão de Crédito,Cancelado
TX_10742,2025-02-17 11:08:00,CLI_156,Jaqueta,Vestuário,2134.41,2,Bom Despacho/MG/Brasil,Boleto Bancário,Em Processamento
TX_10743,2025-01-12 02:51:00,CLI_651,Tênis,Vestuário,2975.34,1,Rio de Janeiro/RJ/Brasil,Boleto Bancário,Cancelado
TX_10744,2025-11-05 20:39:00,CLI_623,Jaqueta,Vestuário,3302.76,3,Bom Despacho/MG/Brasil,Pix,Concluído
TX_10745,2025-07-10 00:24:00,CLI_391,Desenvolvimento Pessoal,Livros,1217.05,3,Curitiba/PR/Brasil,Pix,Em Processamento
TX_10746,2026-01-15 14:11:00,CLI_922,Notebook,Eletrônicos,1557.13,2,Curitiba/PR/Brasil,Boleto Bancário,Cancelado
TX_10747,2025-11-03 02:56:00,CLI_247,Biografia,Livros,739.13,4,Salvador/BA/Brasil,Boleto Bancário,Concluído
TX_10748,2025-01-04 13:58:00,CLI_754,Smartwatch,Eletrônicos,3201.72,4,São Paulo/SP/Brasil,Cartão de Crédito,Em Processamento
TX_10749,2025-04-06 13:01:00,CLI_396,Biografia,Livros,1945.23,1,Rio de Janeiro/RJ/Brasil,Pix,Em Processamento
TX_10750,2026-01-14 15:49:00,CLI_329,Cadeira Escritório,Casa,108.54,1,Salvador/BA/Brasil,Cartão de Crédito,Concluído
TX_10751,2025-12-01 22:43:00,CLI_394,Cadeira Escritório,Casa,1468.79,4,São Paulo/SP/Brasil,Boleto Bancário,Concluído
TX_10752,2025-09-10 02:16:00,CLI_713,Smartphone,Eletrônicos,2613.3,5,Bom Despacho/MG/Brasil,Pix,Em Processamento
TX_10753,2025-12-22 04:04:00,CLI_482,Desenvolvimento Pessoal,Livros,1801.15,5,Curitiba/PR/Brasil,Cartão de Crédito,Concluído
TX_10754,2025-06-13 15:44:00,CLI_999,Camiseta,Vestuário,2431.09,3,Rio de Janeiro/RJ/Brasil,Cartão de Crédito,Concluído
TX_10755,2025-11-22 12:09:00,CLI_149,Cafeteira,Casa,1025.15,5,Curitiba/PR/Brasil,Boleto Bancário,Concluído
TX_10756,2025-11-03 05:42:00,CLI_656,Calça Jeans,Vestuário,1139.28,3,São Paulo/SP/Brasil,Boleto Bancário,Concluído
TX_10757,2025-10-01 19:47:00,CLI_460,Cafeteira,Casa,2884.25,1,São Paulo/SP/Brasil,Cartão de Crédito,Em Processamento
TX_10758,2025-07-30 11:36:00,CLI_266,Cafeteira,Casa,371.93,2,Curitiba/PR/Brasil,Boleto Bancário,Concluído
TX_10759,2025-08-24 02:36:00,CLI_219,Camiseta,Vestuário,2868.67,1,Curitiba/PR/Brasil,Pix,Concluído
TX_10760,2025-08-15 20:23:00,CLI_635,Cafeteira,Casa,2676.11,3,Rio de Janeiro/RJ/Brasil,Cartão de Crédito,Concluído
TX_10761,2025-03-07 23:41:00,CLI_245,Smartphone,Eletrônicos,2412.84,3,Rio de Janeiro/RJ/Brasil,Cartão de Crédito,Concluído
TX_10762,2025-12-20 03:48:00,CLI_179,Camiseta,Vestuário,80.54,4,Curitiba/PR/Brasil,Pix,Concluído
TX_10763,2025-12-04 17:31:00,CLI_707,Camiseta,Vestuário,221.54,1,São Paulo/SP/Brasil,Pix,Concluído
TX_10764,2026-01-22 03:17:00,CLI_901,Fone de Ouvido,Eletrônicos,446.42,5,São Paulo/SP/Brasil,Cartão de Crédito,Em Processamento
TX_10765,2025-01-15 03:05:00,CLI_249,Calça Jeans,Vestuário,2962.83,3,Bom Despacho/MG/Brasil,Boleto Bancário,Concluído
TX_10766,2026-02-04 20:55:00,CLI_347,Jogo de Cama,Casa,1774.61,1,Salvador/BA/Brasil,Cartão de Crédito,Em Processamento
TX_10767,2025-05-25 05:51:00,CLI_872,Notebook,Eletrônicos,1886.89,1,Rio de Janeiro/RJ/Brasil,Cartão de Crédito,Em Processamento
TX_10768,2025-04-05 15:00:00,CLI_789,Desenvolvimento Pessoal,Livros,3352.75,2,Salvador/BA/Brasil,Pix,Cancelado
TX_10769,2025-04-27 13:54:00,CLI_215,Biografia,Livros,2668.51,3,Salvador/BA/Brasil,Cartão de Crédito,Cancelado
TX_10770,2026-01-26 12:19:00,CLI_821,Notebook,Eletrônicos,1019.63,1,Curitiba/PR/Brasil,Cartão de Crédito,Concluído
TX_10771,2025-05-26 15:35:00,CLI_714,Ficção Científica,Livros,2580.57,4,Curitiba/PR/Brasil,Cartão de Crédito,Em Processamento
TX_10772,2025-04-07 02:22:00,CLI_961,Desenvolvimento Pessoal,Livros,2811.49,3,Curitiba/PR/Brasil,Cartão de Crédito,Concluído
TX_10773,2025-08-13 17:50:00,CLI_774,Ficção Científica,Livros,2372.67,1,Curitiba/PR/Brasil,Cartão de Crédito,Cancelado
TX_10774,2025-02-03 12:24:00,CLI_303,Ficção Científica,Livros,1195.13,5,Rio de Janeiro/RJ/Brasil,Pix,Concluído
TX_10775,2025-05-23 19:51:00,CLI_707,Jaqueta,Vestuário,966.31,4,Curitiba/PR/Brasil,Pix,Cancelado
TX_10776,2025-05-23 05:01:00,CLI_886,História,Livros,1599.4,1,Salvador/BA/Brasil,Pix,Cancelado
TX_10777,2025-01-16 03:23:00,CLI_855,Biografia,Livros,199.19,1,Rio de Janeiro/RJ/Brasil,Pix,Concluído
TX_10778,2025-12-14 11:09:00,CLI_256,Jaqueta,Vestuário,1070.09,5,Salvador/BA/Brasil,Cartão de Crédito,Concluído
TX_10779,2025-05-31 22:35:00,CLI_609,História,Livros,1723.52,3,Rio de Janeiro/RJ/Brasil,Boleto Bancário,Concluído
TX_10780,2025-03-02 13:05:00,CLI_560,Smartphone,Eletrônicos,1111.24,4,Curitiba/PR/Brasil,Pix,Cancelado
TX_10781,2025-10-13 22:30:00,CLI_981,Smartphone,Eletrônicos,2731.15,2,Rio de Janeiro/RJ/Brasil,Pix,Cancelado
TX_10782,2025-09-07 03:44:00,CLI_682,Tênis,Vestuário,2367.46,5,Curitiba/PR/Brasil,Boleto Bancário,Em Processamento
TX_10783,2025-03-22 17:17:00,CLI_157,História,Livros,1378.98,4,Salvador/BA/Brasil,Boleto Bancário,Cancelado
TX_10784,2025-02-01 00:57:00,CLI_704,Cafeteira,Casa,172.24,3,Bom Despacho/MG/Brasil,Pix,Em Processamento
TX_10785,2025-02-19 14:36:00,CLI_453,Fone de Ouvido,Eletrônicos,3471.93,4,Curitiba/PR/Brasil,Pix,Concluído
TX_10786,2025-11-28 10:39:00,CLI_706,Calça Jeans,Vestuário,311.02,1,Rio de Janeiro/RJ/Brasil,Pix,Concluído
TX_10787,2025-10-03 11:07:00,CLI_138,Jogo de Cama,Casa,1621.27,4,São Paulo/SP/Brasil,Boleto Bancário,Em Processamento
TX_10788,2025-12-23 16:01:00,CLI_702,Desenvolvimento Pessoal,Livros,92.49,3,São Paulo/SP/Brasil,Pix,Em Processamento
TX_10789,2025-02-20 16:40:00,CLI_202,Desenvolvimento Pessoal,Livros,2422.66,2,Salvador/BA/Brasil,Pix,Cancelado
TX_10790,2025-06-03 12:24:00,CLI_546,Jogo de Cama,Casa,718.13,1,Salvador/BA/Brasil,Boleto Bancário,Concluído
TX_10791,2025-06-02 19:34:00,CLI_511,Cafeteira,Casa,2819.04,5,São Paulo/SP/Brasil,Boleto Bancário,Concluído
TX_10792,2025-02-04 19:20:00,CLI_920,Fone de Ouvido,Eletrônicos,1865.76,4,Bom Despacho/MG/Brasil,Cartão de Crédito,Concluído
TX_10793,2025-06-03 14:46:00,CLI_779,Fone de Ouvido,Eletrônicos,1896.72,2,Salvador/BA/Brasil,Pix,Cancelado
TX_10794,2025-04-03 00:38:00,CLI_742,Cadeira Escritório,Casa,2466.11,2,Salvador/BA/Brasil,Boleto Bancário,Cancelado
TX_10795,2025-11-23 18:11:00,CLI_928,Jaqueta,Vestuário,2156.26,4,Bom Despacho/MG/Brasil,Boleto Bancário,Concluído
TX_10796,2025-03-17 08:12:00,CLI_254,Tênis,Vestuário,2616.32,3,Curitiba/PR/Brasil,Pix,Cancelado
TX_10797,2025-07-31 09:06:00,CLI_943,Luminária,Casa,1015.35,2,Rio de Janeiro/RJ/Brasil,Pix,Em Processamento
TX_10798,2025-02-28 05:07:00,CLI_296,Jaqueta,Vestuário,111.55,3,Rio de Janeiro/RJ/Brasil,Pix,Cancelado
TX_10799,2025-04-14 05:26:00,CLI_379,História,Livros,490.46,3,São Paulo/SP/Brasil,Pix,Em Processamento
TX_10800,2026-02-05 00:40:00,CLI_156,Camiseta,Vestuário,3010.65,1,Curitiba/PR/Brasil,Pix,Em Processamento
TX_10801,2025-07-06 22:55:00,CLI_773,Luminária,Casa,,4,Curitiba/PR/Brasil,Boleto Bancário,Concluído
TX_10802,2026-01-12 17:04:00,CLI_223,Camiseta,Vestuário,1834.02,5,Salvador/BA/Brasil,Boleto Bancário,Concluído
TX_10803,2025-11-04 04:10:00,CLI_891,Ficção Científica,Livros,2826.31,3,Rio de Janeiro/RJ/Brasil,Boleto Bancário,Cancelado
TX_10804,2025-03-15 03:38:00,CLI_279,Jaqueta,Vestuário,761.17,3,Rio de Janeiro/RJ/Brasil,Pix,Cancelado
TX_10805,2025-10-01 12:47:00,CLI_816,Luminária,Casa,3321.26,3,Curitiba/PR/Brasil,Boleto Bancário,Cancelado
TX_10806,2025-03-16 12:23:00,CLI_586,Biografia,Livros,2509.11,3,Bom Despacho/MG/Brasil,Cartão de Crédito,Em Processamento
TX_10807,2025-05-10 18:51:00,CLI_493,Smartphone,Eletrônicos,1092.8,3,Rio de Janeiro/RJ/Brasil,Boleto Bancário,Concluído
TX_10808,2025-01-05 13:24:00,CLI_361,Jaqueta,Vestuário,1063.6,2,Curitiba/PR/Brasil,Pix,Concluído
TX_10809,2026-01-28 21:59:00,CLI_516,Jaqueta,Vestuário,2765.77,3,Bom Despacho/MG/Brasil,Cartão de Crédito,Cancelado
TX_10810,2026-01-03 14:25:00,CLI_997,História,Livros,3216.13,1,Bom Despacho/MG/Brasil,Cartão de Crédito,Concluído
TX_10811,2025-11-05 18:41:00,CLI_855,Fone de Ouvido,Eletrônicos,1153.79,1,Curitiba/PR/Brasil,Cartão de Crédito,Concluído
TX_10812,2025-07-25 06:49:00,CLI_743,Biografia,Livros,1079.83,5,São Paulo/SP/Brasil,Cartão de Crédito,Concluído
TX_10813,2026-01-01 22:09:00,CLI_881,Calça Jeans,Vestuário,468.37,5,Salvador/BA/Brasil,Boleto Bancário,Cancelado
TX_10814,2026-01-12 04:33:00,CLI_366,Cadeira Escritório,Casa,619.57,5,Curitiba/PR/Brasil,Pix,Concluído
TX_10815,2025-07-08 06:12:00,CLI_502,Camiseta,Vestuário,3069.22,5,Curitiba/PR/Brasil,Cartão de Crédito,Concluído
TX_10816,2025-08-25 06:46:00,CLI_368,Notebook,Eletrônicos,2458.9,2,São Paulo/SP/Brasil,Cartão de Crédito,Cancelado
TX_10817,2025-02-15 12:33:00,CLI_274,Desenvolvimento Pessoal,Livros,3316.14,1,Rio de Janeiro/RJ/Brasil,Cartão de Crédito,Em Processamento
TX_10818,2025-03-02 07:39:00,CLI_830,História,Livros,722.96,3,Curitiba/PR/Brasil,Pix,Cancelado
TX_10819,2025-04-16 20:28:00,CLI_320,Biografia,Livros,3483.3,3,Curitiba/PR/Brasil,Boleto Bancário,Concluído
TX_10820,2025-03-16 00:58:00,CLI_397,Biografia,Livros,3416.81,2,Curitiba/PR/Brasil,Boleto Bancário,Cancelado
TX_10821,2025-12-17 22:05:00,CLI_569,Tênis,Vestuário,313.8,4,Salvador/BA/Brasil,Cartão de Crédito,Concluído
TX_10822,2025-12-29 14:26:00,CLI_853,Biografia,Livros,2096.23,1,Curitiba/PR/Brasil,Cartão de Crédito,Em Processamento
TX_10823,2025-05-01 16:04:00,CLI_462,Smartphone,Eletrônicos,3488.64,5,Bom Despacho/MG/Brasil,Boleto Bancário,Concluído
TX_10824,2025-11-14 13:00:00,CLI_409,Fone de Ouvido,Eletrônicos,3421.67,3,Salvador/BA/Brasil,Cartão de Crédito,Em Processamento
TX_10825,2025-03-28 17:11:00,CLI_604,Notebook,Eletrônicos,3257.19,4,Bom Despacho/MG/Brasil,Cartão de Crédito,Concluído
TX_10826,2025-05-14 03:59:00,CLI_420,Cadeira Escritório,Casa,168.91,2,Rio de Janeiro/RJ/Brasil,Pix,Concluído
TX_10827,2025-05-15 20:55:00,CLI_949,Cadeira Escritório,Casa,2669.05,3,Bom Despacho/MG/Brasil,Boleto Bancário,Concluído
TX_10828,2026-01-13 16:46:00,CLI_882,Biografia,Livros,3325.93,5,Bom Despacho/MG/Brasil,Boleto Bancário,Cancelado
TX_10829,2025-01-28 07:50:00,CLI_287,Notebook,Eletrônicos,139.98,3,Rio de Janeiro/RJ/Brasil,Cartão de Crédito,Cancelado
TX_10830,2025-01-21 15:04:00,CLI_465,Ficção Científica,Livros,3461.03,5,Curitiba/PR/Brasil,Pix,Cancelado
TX_10831,2025-03-05 11:55:00,CLI_195,Ficção Científica,Livros,725.01,3,Rio de Janeiro/RJ/Brasil,Cartão de Crédito,Concluído
TX_10832,2025-01-03 17:57:00,CLI_885,Jogo de Cama,Casa,2004.2,4,Salvador/BA/Brasil,Cartão de Crédito,Concluído
TX_10833,2025-01-14 09:42:00,CLI_797,Ficção Científica,Livros,3434.95,1,Bom Despacho/MG/Brasil,Pix,Concluído
TX_10834,2025-01-15 02:46:00,CLI_571,Fone de Ouvido,Eletrônicos,2909.99,4,Rio de Janeiro/RJ/Brasil,Pix,Concluído
TX_10835,2025-12-02 21:14:00,CLI_563,Fone de Ouvido,Eletrônicos,1147.33,5,São Paulo/SP/Brasil,Cartão de Crédito,Concluído
TX_10836,2025-01-29 02:24:00,CLI_660,Fone de Ouvido,Eletrônicos,3332.37,4,Bom Despacho/MG/Brasil,Cartão de Crédito,Cancelado
TX_10837,2026-01-30 13:36:00,CLI_191,Jogo de Cama,Casa,86.48,2,Rio de Janeiro/RJ/Brasil,Cartão de Crédito,Cancelado
TX_10838,2025-03-03 10:11:00,CLI_602,Desenvolvimento Pessoal,Livros,2806.83,3,Rio de Janeiro/RJ/Brasil,Boleto Bancário,Em Processamento
TX_10839,2025-07-08 17:29:00,CLI_304,Tênis,Vestuário,1721.34,4,São Paulo/SP/Brasil,Pix,Concluído
TX_10840,2025-07-08 20:57:00,CLI_290,Ficção Científica,Livros,1527.86,4,Curitiba/PR/Brasil,Cartão de Crédito,Concluído
TX_10841,2025-11-28 23:25:00,CLI_830,Cadeira Escritório,Casa,555.42,4,Rio de Janeiro/RJ/Brasil,Boleto Bancário,Em Processamento
TX_10842,2025-08-12 02:42:00,CLI_920,Fone de Ouvido,Eletrônicos,1679.48,2,Curitiba/PR/Brasil,Cartão de Crédito,Concluído
TX_10843,2025-10-19 01:37:00,CLI_664,Jaqueta,Vestuário,281.72,1,Bom Despacho/MG/Brasil,Boleto Bancário,Concluído
TX_10844,2025-08-26 22:33:00,CLI_837,História,Livros,1996.15,3,São Paulo/SP/Brasil,Pix,Concluído
TX_10845,2026-01-15 22:34:00,CLI_573,Smartphone,Eletrônicos,640.74,2,São Paulo/SP/Brasil,Pix,Concluído
TX_10846,2025-06-10 20:02:00,CLI_841,Smartwatch,Eletrônicos,1600.67,4,Bom Despacho/MG/Brasil,Boleto Bancário,Concluído
TX_10847,2025-04-05 02:40:00,CLI_864,Jogo de Cama,Casa,3437.92,3,Rio de Janeiro/RJ/Brasil,Boleto Bancário,Concluído
TX_10848,2025-07-22 03:58:00,CLI_113,Ficção Científica,Livros,613.5,4,São Paulo/SP/Brasil,Pix,Cancelado
TX_10849,2025-11-12 12:18:00,CLI_807,Desenvolvimento Pessoal,Livros,2363.2,4,Salvador/BA/Brasil,Pix,Concluído
TX_10850,2025-04-08 03:49:00,CLI_935,Calça Jeans,Vestuário,70.36,2,São Paulo/SP/Brasil,Cartão de Crédito,Concluído
TX_10851,2025-08-12 21:22:00,CLI_978,Biografia,Livros,2768.19,2,Rio de Janeiro/RJ/Brasil,Cartão de Crédito,Concluído
TX_10852,2025-08-05 00:44:00,CLI_219,Biografia,Livros,593.88,2,Curitiba/PR/Brasil,Boleto Bancário,Cancelado
TX_10853,2025-08-19 19:58:00,CLI_348,História,Livros,716.66,5,São Paulo/SP/Brasil,Pix,Concluído
TX_10854,2025-11-19 14:44:00,CLI_525,Luminária,Casa,2972.43,5,São Paulo/SP/Brasil,Boleto Bancário,Em Processamento
TX_10855,2025-07-24 16:35:00,CLI_625,Luminária,Casa,2074.77,5,Curitiba/PR/Brasil,Boleto Bancário,Cancelado
TX_10856,2025-01-10 14:24:00,CLI_690,Camiseta,Vestuário,1115.74,1,Salvador/BA/Brasil,Pix,Cancelado
TX_10857,2025-11-15 22:03:00,CLI_455,Ficção Científica,Livros,1577.41,4,Curitiba/PR/Brasil,Cartão de Crédito,Concluído
TX_10858,2025-06-26 14:57:00,CLI_337,Jogo de Cama,Casa,1784.11,5,Curitiba/PR/Brasil,Boleto Bancário,Concluído
TX_10859,2026-01-06 13:19:00,CLI_526,Biografia,Livros,2918.29,3,Bom Despacho/MG/Brasil,Pix,Concluído
TX_10860,2025-12-08 16:28:00,CLI_232,Tênis,Vestuário,618.92,2,São Paulo/SP/Brasil,Boleto Bancário,Cancelado
TX_10861,2025-06-05 08:00:00,CLI_314,Smartwatch,Eletrônicos,1955.55,1,Curitiba/PR/Brasil,Pix,Concluído
TX_10862,2025-09-15 01:05:00,CLI_926,Jogo de Cama,Casa,236.87,4,Rio de Janeiro/RJ/Brasil,Cartão de Crédito,Em Processamento
TX_10863,2025-04-25 16:36:00,CLI_364,Camiseta,Vestuário,3477.91,3,Salvador/BA/Brasil,Cartão de Crédito,Em Processamento
TX_10864,2025-11-06 22:51:00,CLI_206,Jogo de Cama,Casa,2476.82,4,Salvador/BA/Brasil,Pix,Concluído
TX_10865,2025-01-22 17:18:00,CLI_207,Smartphone,Eletrônicos,597.16,1,Salvador/BA/Brasil,Cartão de Crédito,Concluído
TX_10866,2026-01-26 17:16:00,CLI_610,Tênis,Vestuário,2567.94,1,Curitiba/PR/Brasil,Cartão de Crédito,Concluído
TX_10867,2025-04-14 14:59:00,CLI_525,Jogo de Cama,Casa,2695.73,1,São Paulo/SP/Brasil,Cartão de Crédito,
TX_10868,2025-03-29 02:54:00,CLI_372,Cafeteira,Casa,1312.94,4,Salvador/BA/Brasil,Pix,Concluído
TX_10869,2025-03-12 14:38:00,CLI_523,Jaqueta,Vestuário,3214.3,4,Rio de Janeiro/RJ/Brasil,Boleto Bancário,Concluído
TX_10870,2026-01-30 00:20:00,CLI_834,Smartwatch,Eletrônicos,2824.77,1,Rio de Janeiro/RJ/Brasil,Cartão de Crédito,Concluído
TX_10871,2025-08-11 02:05:00,CLI_502,Cadeira Escritório,Casa,2660.79,2,Rio de Janeiro/RJ/Brasil,Boleto Bancário,Concluído
TX_10872,2025-12-15 23:55:00,CLI_666,Cadeira Escritório,Casa,3059.31,3,Curitiba/PR/Brasil,Pix,Concluído
TX_10873,2025-08-17 21:58:00,CLI_310,Jogo de Cama,Casa,3108.22,5,Curitiba/PR/Brasil,Boleto Bancário,Cancelado
TX_10874,2025-06-04 02:52:00,CLI_137,Cadeira Escritório,Casa,1887.96,4,Rio de Janeiro/RJ/Brasil,Boleto Bancário,Concluído
TX_10875,2025-09-19 18:50:00,CLI_419,Jogo de Cama,Casa,1831.86,2,São Paulo/SP/Brasil,Cartão de Crédito,Concluído
TX_10876,2026-01-07 14:25:00,CLI_617,Jogo de Cama,Casa,399.89,1,Bom Despacho/MG/Brasil,Pix,Concluído
TX_10877,2026-01-23 22:13:00,CLI_227,Luminária,Casa,1578.85,5,São Paulo/SP/Brasil,Boleto Bancário,Concluído
TX_10878,2026-01-17 19:51:00,CLI_679,Desenvolvimento Pessoal,Livros,2505.55,5,Rio de Janeiro/RJ/Brasil,Boleto Bancário,Concluído
TX_10879,2025-12-08 19:33:00,CLI_788,Cafeteira,Casa,502.8,4,Bom Despacho/MG/Brasil,Boleto Bancário,Concluído
TX_10880,2025-10-26 06:34:00,CLI_942,Fone de Ouvido,Eletrônicos,2728.25,4,Salvador/BA/Brasil,Cartão de Crédito,Concluído
TX_10881,2025-02-17 02:07:00,CLI_535,História,Livros,3111.45,4,São Paulo/SP/Brasil,Cartão de Crédito,Cancelado
TX_10882,2025-07-26 20:04:00,CLI_672,Fone de Ouvido,Eletrônicos,1823.52,4,Salvador/BA/Brasil,Pix,Em Processamento
TX_10883,2025-12-19 16:42:00,CLI_849,História,Livros,3406.85,2,Curitiba/PR/Brasil,Cartão de Crédito,Em Processamento
TX_10884,2025-03-08 17:31:00,CLI_983,Jaqueta,Vestuário,1859.06,2,Curitiba/PR/Brasil,Pix,Cancelado
TX_10885,2025-07-09 04:03:00,CLI_716,Notebook,Eletrônicos,2985.33,1,Salvador/BA/Brasil,Cartão de Crédito,Concluído
TX_10886,2025-03-20 04:01:00,CLI_480,Luminária,Casa,1077.66,3,Salvador/BA/Brasil,Pix,Concluído
TX_10887,2025-03-14 20:07:00,CLI_531,Ficção Científica,Livros,184.55,3,Rio de Janeiro/RJ/Brasil,Pix,Concluído
TX_10888,2025-03-04 18:41:00,CLI_457,Jaqueta,Vestuário,250.46,1,São Paulo/SP/Brasil,Pix,Cancelado
TX_10889,2026-02-05 12:52:00,CLI_586,Cadeira Escritório,Casa,2923.09,5,Bom Despacho/MG/Brasil,Cartão de Crédito,Concluído
TX_10890,2025-03-18 11:06:00,CLI_191,História,Livros,2802.34,5,Curitiba/PR/Brasil,Pix,Cancelado
TX_10891,2025-10-04 01:33:00,CLI_786,Jaqueta,Vestuário,3116.8,3,Bom Despacho/MG/Brasil,Boleto Bancário,Concluído
TX_10892,2025-11-19 10:32:00,CLI_674,Camiseta,Vestuário,2263.38,5,Salvador/BA/Brasil,Cartão de Crédito,Concluído
TX_10893,2025-09-15 00:38:00,CLI_223,Notebook,Eletrônicos,2309.02,5,Curitiba/PR/Brasil,Cartão de Crédito,Concluído
TX_10894,2025-12-28 19:46:00,CLI_554,Jogo de Cama,Casa,310.0,5,Rio de Janeiro/RJ/Brasil,Boleto Bancário,Concluído
TX_10895,2025-01-12 11:36:00,CLI_547,Ficção Científica,Livros,644.07,1,Curitiba/PR/Brasil,Boleto Bancário,Concluído
TX_10896,2025-02-28 03:23:00,CLI_654,Desenvolvimento Pessoal,Livros,601.02,2,São Paulo/SP/Brasil,Cartão de Crédito,Concluído
TX_10897,2025-07-28 23:09:00,CLI_273,Notebook,Eletrônicos,220.31,3,Bom Despacho/MG/Brasil,Cartão de Crédito,Concluído
TX_10898,2025-02-20 10:55:00,CLI_245,Fone de Ouvido,Eletrônicos,1453.69,3,Curitiba/PR/Brasil,Pix,Cancelado
TX_10899,2025-05-03 20:22:00,CLI_700,Smartphone,Eletrônicos,839.17,5,Rio de Janeiro/RJ/Brasil,Boleto Bancário,Cancelado
TX_10900,2025-06-12 15:51:00,CLI_666,Fone de Ouvido,Eletrônicos,1433.66,4,São Paulo/SP/Brasil,Cartão de Crédito,Cancelado
TX_10901,2025-10-11 20:00:00,CLI_791,Camiseta,Vestuário,368.76,5,Bom Despacho/MG/Brasil,Boleto Bancário,Concluído
TX_10902,2025-02-12 21:42:00,CLI_612,Cadeira Escritório,Casa,724.05,2,Curitiba/PR/Brasil,Pix,Em Processamento
TX_10903,2025-08-05 18:56:00,CLI_562,Calça Jeans,Vestuário,160.65,4,Salvador/BA/Brasil,Boleto Bancário,Concluído
TX_10904,2025-09-04 09:19:00,CLI_712,Camiseta,Vestuário,889.35,4,São Paulo/SP/Brasil,Pix,Concluído
TX_10905,2026-01-14 18:13:00,CLI_676,Luminária,Casa,258.72,1,Rio de Janeiro/RJ/Brasil,Pix,Concluído
TX_10906,2025-04-18 20:50:00,CLI_616,Tênis,Vestuário,3351.6,3,Curitiba/PR/Brasil,Boleto Bancário,Concluído
TX_10907,2025-05-06 22:36:00,CLI_429,Cadeira Escritório,Casa,1205.58,4,Bom Despacho/MG/Brasil,Boleto Bancário,Concluído
TX_10908,2025-11-08 16:15:00,CLI_104,Notebook,Eletrônicos,3156.54,2,São Paulo/SP/Brasil,Pix,Em Processamento
TX_10909,2025-02-11 22:09:00,CLI_766,História,Livros,285.17,1,Salvador/BA/Brasil,Boleto Bancário,Cancelado
TX_10910,2025-11-04 12:13:00,CLI_496,Fone de Ouvido,Eletrônicos,632.5,1,Curitiba/PR/Brasil,Cartão de Crédito,Cancelado
TX_10911,2025-01-05 07:33:00,CLI_860,Jogo de Cama,Casa,83.94,3,Curitiba/PR/Brasil,Boleto Bancário,Concluído
TX_10912,2025-11-17 10:20:00,CLI_927,Camiseta,Vestuário,2516.57,2,Salvador/BA/Brasil,Pix,Concluído
TX_10913,2025-12-27 20:41:00,CLI_314,Fone de Ouvido,Eletrônicos,39.87,4,Curitiba/PR/Brasil,Cartão de Crédito,Concluído
TX_10914,2025-04-10 22:31:00,CLI_856,Biografia,Livros,1986.49,5,Salvador/BA/Brasil,Boleto Bancário,Concluído
TX_10915,2025-03-07 08:51:00,CLI_683,Notebook,Eletrônicos,2996.34,5,São Paulo/SP/Brasil,Boleto Bancário,Concluído
TX_10916,2025-11-11 08:37:00,CLI_797,Camiseta,Vestuário,1967.0,4,Salvador/BA/Brasil,Cartão de Crédito,Cancelado
TX_10917,2025-07-28 09:21:00,CLI_224,Fone de Ouvido,Eletrônicos,2385.4,4,Curitiba/PR/Brasil,Pix,Concluído
TX_10918,2025-05-23 14:20:00,CLI_645,Notebook,Eletrônicos,1579.28,1,São Paulo/SP/Brasil,Pix,Concluído
TX_10919,2025-01-13 07:42:00,CLI_806,Luminária,Casa,1492.01,1,Salvador/BA/Brasil,Cartão de Crédito,Concluído
TX_10920,2025-02-02 21:22:00,CLI_740,Tênis,Vestuário,352.09,4,Bom Despacho/MG/Brasil,Pix,Concluído
TX_10921,2025-02-25 16:09:00,CLI_344,Cafeteira,Casa,3356.43,1,Rio de Janeiro/RJ/Brasil,Pix,Em Processamento
TX_10922,2025-11-14 14:58:00,CLI_882,Camiseta,Vestuário,348.41,4,Salvador/BA/Brasil,Boleto Bancário,Concluído
TX_10923,2025-07-13 10:41:00,CLI_968,Smartphone,Eletrônicos,2431.37,2,São Paulo/SP/Brasil,Cartão de Crédito,Cancelado
TX_10924,2025-11-17 14:44:00,CLI_167,Fone de Ouvido,Eletrônicos,369.87,1,Salvador/BA/Brasil,Boleto Bancário,Concluído
TX_10925,2025-02-19 21:04:00,CLI_870,Cadeira Escritório,Casa,1447.71,5,Curitiba/PR/Brasil,Boleto Bancário,Em Processamento
TX_10926,2025-08-26 14:36:00,CLI_735,Smartwatch,Eletrônicos,2173.02,3,Curitiba/PR/Brasil,Boleto Bancário,Concluído
TX_10927,2025-04-09 03:41:00,CLI_205,Desenvolvimento Pessoal,Livros,57.83,1,Salvador/BA/Brasil,Boleto Bancário,Concluído
TX_10928,2025-08-04 16:25:00,CLI_842,Tênis,Vestuário,2178.67,2,Bom Despacho/MG/Brasil,Cartão de Crédito,Concluído
TX_10929,2025-06-09 19:57:00,CLI_546,Smartphone,Eletrônicos,1803.24,3,Rio de Janeiro/RJ/Brasil,Pix,Em Processamento
TX_10930,2025-06-08 20:35:00,CLI_451,Calça Jeans,Vestuário,1029.36,1,Curitiba/PR/Brasil,Boleto Bancário,Em Processamento
TX_10931,2025-09-17 19:05:00,CLI_979,Camiseta,Vestuário,205.31,3,Rio de Janeiro/RJ/Brasil,Cartão de Crédito,Concluído
TX_10932,2025-04-07 22:47:00,CLI_587,Camiseta,Vestuário,2436.31,4,Bom Despacho/MG/Brasil,Boleto Bancário,Concluído
TX_10933,2025-06-18 05:32:00,CLI_207,Cafeteira,Casa,1598.24,1,Curitiba/PR/Brasil,Pix,Concluído
TX_10934,2025-08-27 21:17:00,CLI_318,Notebook,Eletrônicos,847.98,3,Rio de Janeiro/RJ/Brasil,Boleto Bancário,Cancelado
TX_10935,2025-01-04 12:23:00,CLI_110,Jaqueta,Vestuário,271.95,1,Rio de Janeiro/RJ/Brasil,Boleto Bancário,Concluído
TX_10936,2025-04-10 21:32:00,CLI_699,Tênis,Vestuário,3195.79,3,Curitiba/PR/Brasil,Cartão de Crédito,Concluído
TX_10937,2025-03-31 07:28:00,CLI_368,Calça Jeans,Vestuário,2520.15,3,Bom Despacho/MG/Brasil,Boleto Bancário,
TX_10938,2025-04-01 08:56:00,CLI_203,Calça Jeans,Vestuário,88.16,2,São Paulo/SP/Brasil,Pix,Concluído
TX_10939,2025-08-22 08:11:00,CLI_478,Jogo de Cama,Casa,2836.06,2,Bom Despacho/MG/Brasil,Boleto Bancário,Em Processamento
TX_10940,2025-03-15 04:27:00,CLI_913,Ficção Científica,Livros,675.9,5,São Paulo/SP/Brasil,Pix,Concluído
TX_10941,2025-01-24 21:01:00,CLI_701,Cadeira Escritório,Casa,674.02,5,Rio de Janeiro/RJ/Brasil,Pix,Concluído
TX_10942,2025-11-19 09:33:00,CLI_993,Jogo de Cama,Casa,455.71,5,São Paulo/SP/Brasil,Boleto Bancário,Cancelado
TX_10943,2025-12-06 20:59:00,CLI_166,Camiseta,Vestuário,598.51,4,Curitiba/PR/Brasil,Boleto Bancário,Em Processamento
TX_10944,2025-08-26 06:06:00,CLI_429,Cadeira Escritório,Casa,2498.02,5,Salvador/BA/Brasil,Boleto Bancário,Cancelado
TX_10945,2025-10-25 13:41:00,CLI_753,História,Livros,3225.33,5,Bom Despacho/MG/Brasil,Boleto Bancário,Concluído
TX_10946,2025-08-20 08:00:00,CLI_505,Calça Jeans,Vestuário,776.8,4,Rio de Janeiro/RJ/Brasil,Pix,Em Processamento
TX_10947,2025-10-09 02:53:00,CLI_237,Tênis,Vestuário,2634.41,3,Bom Despacho/MG/Brasil,Pix,Em Processamento
TX_10948,2025-01-22 15:52:00,CLI_624,Jogo de Cama,Casa,2179.62,4,Salvador/BA/Brasil,Pix,Cancelado
TX_10949,2025-09-12 10:49:00,CLI_379,História,Livros,1347.56,2,Bom Despacho/MG/Brasil,Pix,Concluído
TX_10950,2025-02-12 10:03:00,CLI_962,Luminária,Casa,1763.65,5,Bom Despacho/MG/Brasil,Boleto Bancário,Concluído
TX_10951,2025-03-02 02:26:00,CLI_468,Jogo de Cama,Casa,148.41,2,São Paulo/SP/Brasil,Pix,Concluído
TX_10952,2026-01-17 23:19:00,CLI_965,Cafeteira,Casa,971.51,5,Bom Despacho/MG/Brasil,Cartão de Crédito,Em Processamento
TX_10953,2025-05-25 11:49:00,CLI_901,Luminária,Casa,,4,Bom Despacho/MG/Brasil,Boleto Bancário,Concluído
TX_10954,2025-04-27 07:44:00,CLI_840,Biografia,Livros,2625.74,4,Curitiba/PR/Brasil,Cartão de Crédito,Em Processamento
TX_10955,2025-02-13 10:41:00,CLI_966,História,Livros,669.65,4,Bom Despacho/MG/Brasil,Cartão de Crédito,Cancelado
TX_10956,2025-03-13 19:42:00,CLI_994,Ficção Científica,Livros,462.28,1,Bom Despacho/MG/Brasil,Pix,Concluído
TX_10957,2025-08-06 23:24:00,CLI_870,Jogo de Cama,Casa,1420.74,5,Curitiba/PR/Brasil,Pix,Concluído
TX_10958,2025-03-20 11:16:00,CLI_681,Smartphone,Eletrônicos,2209.99,5,Rio de Janeiro/RJ/Brasil,Boleto Bancário,Em Processamento
TX_10959,2025-07-20 02:10:00,CLI_647,História,Livros,1361.72,4,Rio de Janeiro/RJ/Brasil,Cartão de Crédito,Concluído
TX_10960,2025-03-29 03:33:00,CLI_791,Desenvolvimento Pessoal,Livros,1941.88,1,São Paulo/SP/Brasil,Boleto Bancário,Em Processamento
TX_10961,2025-04-12 02:22:00,CLI_495,Ficção Científica,Livros,1004.1,2,Rio de Janeiro/RJ/Brasil,Pix,Em Processamento
TX_10962,2025-07-08 17:41:00,CLI_111,Smartwatch,Eletrônicos,613.81,4,São Paulo/SP/Brasil,Pix,Concluído
TX_10963,2025-08-03 16:19:00,CLI_860,Notebook,Eletrônicos,254.64,2,Salvador/BA/Brasil,Cartão de Crédito,Concluído
TX_10964,2025-03-23 20:36:00,CLI_688,Cadeira Escritório,Casa,3287.95,5,Curitiba/PR/Brasil,Cartão de Crédito,Em Processamento
TX_10965,2025-01-04 04:52:00,CLI_556,Desenvolvimento Pessoal,Livros,237.94,4,Rio de Janeiro/RJ/Brasil,Boleto Bancário,Concluído
TX_10966,2025-08-25 19:39:00,CLI_140,Cadeira Escritório,Casa,2584.46,3,Curitiba/PR/Brasil,Boleto Bancário,Cancelado
TX_10967,2025-11-10 05:58:00,CLI_525,Cafeteira,Casa,883.23,5,Curitiba/PR/Brasil,Boleto Bancário,Cancelado
TX_10968,2025-12-24 19:24:00,CLI_197,História,Livros,1386.53,1,Rio de Janeiro/RJ/Brasil,Cartão de Crédito,Concluído
TX_10969,2025-12-24 07:24:00,CLI_605,Cafeteira,Casa,1448.3,5,São Paulo/SP/Brasil,Cartão de Crédito,Concluído
TX_10970,2026-01-28 11:07:00,CLI_519,Smartphone,Eletrônicos,1586.51,3,Salvador/BA/Brasil,Cartão de Crédito,Em Processamento
TX_10971,2025-02-07 21:48:00,CLI_811,Smartwatch,Eletrônicos,2369.54,4,São Paulo/SP/Brasil,Pix,Concluído
TX_10972,2025-01-20 00:21:00,CLI_356,Biografia,Livros,414.67,2,Curitiba/PR/Brasil,Pix,Cancelado
TX_10973,2025-02-12 18:43:00,CLI_772,História,Livros,859.39,4,São Paulo/SP/Brasil,Cartão de Crédito,Cancelado
TX_10974,2025-01-10 20:43:00,CLI_202,Jogo de Cama,Casa,632.67,1,Rio de Janeiro/RJ/Brasil,Boleto Bancário,Cancelado
TX_10975,2025-12-13 09:19:00,CLI_257,Camiseta,Vestuário,1550.69,2,São Paulo/SP/Brasil,Cartão de Crédito,Concluído
TX_10976,2025-11-22 17:50:00,CLI_756,Jaqueta,Vestuário,2323.95,1,São Paulo/SP/Brasil,Pix,Concluído
TX_10977,2025-01-03 01:39:00,CLI_890,Ficção Científica,Livros,1330.22,2,Salvador/BA/Brasil,Cartão de Crédito,Concluído
TX_10978,2025-01-09 14:23:00,CLI_128,Calça Jeans,Vestuário,3462.68,3,São Paulo/SP/Brasil,Cartão de Crédito,Concluído
TX_10979,2026-01-06 05:42:00,CLI_145,Camiseta,Vestuário,1463.64,1,Rio de Janeiro/RJ/Brasil,Pix,Concluído
TX_10980,2025-07-22 14:36:00,CLI_223,Calça Jeans,Vestuário,824.94,1,Salvador/BA/Brasil,Pix,Concluído
TX_10981,2025-12-01 10:47:00,CLI_112,Camiseta,Vestuário,1371.32,4,Curitiba/PR/Brasil,Cartão de Crédito,Concluído
TX_10982,2025-02-04 07:27:00,CLI_520,Cafeteira,Casa,1065.85,5,São Paulo/SP/Brasil,Pix,Concluído
TX_10983,2025-11-04 11:04:00,CLI_746,Tênis,Vestuário,2441.66,2,São Paulo/SP/Brasil,Pix,Concluído
TX_10984,2025-06-21 00:36:00,CLI_723,Cadeira Escritório,Casa,3193.68,4,São Paulo/SP/Brasil,Pix,Em Processamento
TX_10985,2025-01-11 21:02:00,CLI_877,Camiseta,Vestuário,3140.28,3,Rio de Janeiro/RJ/Brasil,Cartão de Crédito,Cancelado
TX_10986,2025-03-12 12:47:00,CLI_610,Camiseta,Vestuário,1048.7,2,São Paulo/SP/Brasil,Pix,Concluído
TX_10987,2025-08-16 11:13:00,CLI_237,Notebook,Eletrônicos,984.27,1,Salvador/BA/Brasil,Boleto Bancário,Cancelado
TX_10988,2026-01-11 11:18:00,CLI_450,Luminária,Casa,859.24,5,Rio de Janeiro/RJ/Brasil,Cartão de Crédito,Concluído
TX_10989,2025-06-14 06:15:00,CLI_552,Jaqueta,Vestuário,2209.79,1,Salvador/BA/Brasil,Pix,Concluído
TX_10990,2025-04-15 04:17:00,CLI_193,Camiseta,Vestuário,620.26,5,Rio de Janeiro/RJ/Brasil,Cartão de Crédito,Concluído
TX_10991,2025-06-09 05:36:00,CLI_838,Smartwatch,Eletrônicos,703.41,4,Curitiba/PR/Brasil,Cartão de Crédito,Em Processamento
TX_10992,2025-10-23 15:18:00,CLI_750,Tênis,Vestuário,716.88,4,Bom Despacho/MG/Brasil,Cartão de Crédito,Concluído
TX_10993,2025-08-30 15:03:00,CLI_532,História,Livros,1775.94,4,Rio de Janeiro/RJ/Brasil,Cartão de Crédito,Cancelado
TX_10994,2025-02-12 10:14:00,CLI_709,Smartwatch,Eletrônicos,1887.13,5,Curitiba/PR/Brasil,Boleto Bancário,Concluído
TX_10995,2025-06-06 15:28:00,CLI_390,Cadeira Escritório,Casa,1322.39,5,Curitiba/PR/Brasil,Pix,Concluído
TX_10996,2025-04-11 05:16:00,CLI_294,Jogo de Cama,Casa,29.57,5,Curitiba/PR/Brasil,Boleto Bancário,Concluído
TX_10997,2025-07-22 12:44:00,CLI_493,História,Livros,1721.09,5,Curitiba/PR/Brasil,Cartão de Crédito,Cancelado
TX_10998,2025-10-17 05:32:00,CLI_298,Smartphone,Eletrônicos,2673.88,3,Curitiba/PR/Brasil,Boleto Bancário,Concluído
TX_10999,2025-11-30 13:09:00,CLI_534,Desenvolvimento Pessoal,Livros,2578.79,2,São Paulo/SP/Brasil,Pix,Concluído
TX_11000,2025-05-14 20:39:00,CLI_566,Luminária,Casa,3305.76,2,Rio de Janeiro/RJ/Brasil,Pix,Concluído
TX_11001,2026-01-30 03:09:00,CLI_759,Camiseta,Vestuário,2494.96,4,São Paulo/SP/Brasil,Pix,Em Processamento
TX_11002,2025-03-26 14:34:00,CLI_358,Notebook,Eletrônicos,2426.05,5,Curitiba/PR/Brasil,Boleto Bancário,Cancelado
TX_11003,2025-02-25 21:42:00,CLI_686,Cadeira Escritório,Casa,2721.77,3,São Paulo/SP/Brasil,Cartão de Crédito,Concluído
TX_11004,2025-01-04 05:44:00,CLI_935,Jaqueta,Vestuário,1728.66,1,Bom Despacho/MG/Brasil,Cartão de Crédito,Cancelado
TX_11005,2025-03-29 06:01:00,CLI_483,Desenvolvimento Pessoal,Livros,664.6,2,Curitiba/PR/Brasil,Cartão de Crédito,Cancelado
TX_11006,2025-10-18 07:15:00,CLI_290,Camiseta,Vestuário,715.28,2,Curitiba/PR/Brasil,Cartão de Crédito,Concluído
TX_11007,2025-02-25 21:43:00,CLI_270,História,Livros,293.14,1,Salvador/BA/Brasil,Pix,Concluído
TX_11008,2025-01-16 19:59:00,CLI_340,Luminária,Casa,1680.47,1,Bom Despacho/MG/Brasil,Cartão de Crédito,Concluído
TX_11009,2025-01-22 03:18:00,CLI_316,Luminária,Casa,1835.34,1,Salvador/BA/Brasil,Pix,Em Processamento
TX_11010,2026-01-23 11:30:00,CLI_718,Cadeira Escritório,Casa,1511.65,3,Curitiba/PR/Brasil,Boleto Bancário,Concluído
TX_11011,2025-12-07 13:36:00,CLI_487,Jogo de Cama,Casa,2143.67,3,Bom Despacho/MG/Brasil,Pix,Concluído
TX_11012,2026-01-07 04:44:00,CLI_126,Smartwatch,Eletrônicos,2112.65,5,Curitiba/PR/Brasil,Pix,Concluído
TX_11013,2025-12-18 22:29:00,CLI_990,Cadeira Escritório,Casa,1671.07,4,Salvador/BA/Brasil,Boleto Bancário,Concluído
TX_11014,2025-11-21 12:17:00,CLI_994,Fone de Ouvido,Eletrônicos,174.45,3,São Paulo/SP/Brasil,Boleto Bancário,Cancelado
TX_11015,2026-01-14 20:54:00,CLI_913,Jaqueta,Vestuário,298.57,4,Curitiba/PR/Brasil,Pix,Concluído
TX_11016,2025-04-10 04:53:00,CLI_990,Desenvolvimento Pessoal,Livros,1827.39,5,Salvador/BA/Brasil,Boleto Bancário,Em Processamento
TX_11017,2025-02-14 10:17:00,CLI_952,Notebook,Eletrônicos,2360.62,5,Curitiba/PR/Brasil,Pix,Concluído
TX_11018,2025-12-06 18:27:00,CLI_346,Ficção Científica,Livros,863.1,2,Curitiba/PR/Brasil,Boleto Bancário,Concluído
TX_11019,2025-03-24 11:08:00,CLI_492,Smartwatch,Eletrônicos,2685.59,2,São Paulo/SP/Brasil,Boleto Bancário,Concluído
TX_11020,2025-10-01 21:37:00,CLI_842,Ficção Científica,Livros,1729.48,3,Rio de Janeiro/RJ/Brasil,Cartão de Crédito,Em Processamento
TX_11021,2026-01-03 13:01:00,CLI_769,Fone de Ouvido,Eletrônicos,2252.73,5,Curitiba/PR/Brasil,Pix,Concluído
TX_11022,2025-05-29 02:59:00,CLI_214,Tênis,Vestuário,325.65,5,São Paulo/SP/Brasil,Cartão de Crédito,Concluído
TX_11023,2025-07-14 19:41:00,CLI_854,Jogo de Cama,Casa,20.85,1,Bom Despacho/MG/Brasil,Boleto Bancário,Em Processamento
TX_11024,2025-06-13 12:27:00,CLI_916,Jaqueta,Vestuário,2382.37,2,Curitiba/PR/Brasil,Boleto Bancário,Em Processamento
TX_11025,2025-01-05 18:22:00,CLI_972,Camiseta,Vestuário,1620.2,2,Curitiba/PR/Brasil,Pix,Concluído
TX_11026,2025-11-04 09:40:00,CLI_249,História,Livros,2618.5,1,Rio de Janeiro/RJ/Brasil,Boleto Bancário,Concluído
TX_11027,2025-12-28 19:35:00,CLI_589,Luminária,Casa,2214.3,2,Bom Despacho/MG/Brasil,Pix,Concluído
TX_11028,2025-03-20 07:11:00,CLI_968,Ficção Científica,Livros,2568.31,2,Bom Despacho/MG/Brasil,Boleto Bancário,Concluído
TX_11029,2025-06-03 22:30:00,CLI_968,Jaqueta,Vestuário,569.79,1,Curitiba/PR/Brasil,Boleto Bancário,
TX_11030,2025-06-28 13:21:00,CLI_500,Cadeira Escritório,Casa,265.3,3,Curitiba/PR/Brasil,Pix,Concluído
TX_11031,2025-06-15 19:48:00,CLI_986,Ficção Científica,Livros,2820.68,3,Rio de Janeiro/RJ/Brasil,Pix,Concluído
TX_11032,2025-05-30 04:56:00,CLI_314,Jaqueta,Vestuário,775.21,2,Curitiba/PR/Brasil,Boleto Bancário,Concluído
TX_11033,2025-07-12 14:34:00,CLI_795,Luminária,Casa,2948.19,1,Rio de Janeiro/RJ/Brasil,Cartão de Crédito,Concluído
TX_11034,2025-03-02 17:35:00,CLI_765,Biografia,Livros,1194.62,4,São Paulo/SP/Brasil,Cartão de Crédito,Cancelado
TX_11035,2025-05-04 13:32:00,CLI_600,Camiseta,Vestuário,1069.87,5,São Paulo/SP/Brasil,Cartão de Crédito,Cancelado
TX_11036,2025-05-21 21:35:00,CLI_768,Smartwatch,Eletrônicos,1566.24,1,Curitiba/PR/Brasil,Cartão de Crédito,Concluído
TX_11037,2025-11-25 22:49:00,CLI_621,Smartphone,Eletrônicos,798.9,5,Curitiba/PR/Brasil,Boleto Bancário,Em Processamento
TX_11038,2025-10-31 06:10:00,CLI_493,Desenvolvimento Pessoal,Livros,1702.41,4,São Paulo/SP/Brasil,Pix,Em Processamento
TX_11039,2025-02-02 18:20:00,CLI_289,Camiseta,Vestuário,1427.58,1,Bom Despacho/MG/Brasil,Pix,Em Processamento
TX_11040,2025-10-27 18:23:00,CLI_830,Ficção Científica,Livros,2868.61,1,Salvador/BA/Brasil,Cartão de Crédito,Concluído
TX_11041,2025-10-12 15:15:00,CLI_919,Calça Jeans,Vestuário,1110.32,1,São Paulo/SP/Brasil,Cartão de Crédito,Em Processamento
TX_11042,2025-10-15 08:45:00,CLI_971,Calça Jeans,Vestuário,2639.44,1,São Paulo/SP/Brasil,Cartão de Crédito,Em Processamento
TX_11043,2025-03-29 14:26:00,CLI_773,Cafeteira,Casa,15.3,3,Salvador/BA/Brasil,Cartão de Crédito,Em Processamento
TX_11044,2025-10-23 16:44:00,CLI_811,Cadeira Escritório,Casa,1105.58,3,Rio de Janeiro/RJ/Brasil,Boleto Bancário,Em Processamento
TX_11045,2025-05-02 01:15:00,CLI_292,Camiseta,Vestuário,508.71,2,São Paulo/SP/Brasil,Cartão de Crédito,Em Processamento
TX_11046,2025-03-07 21:14:00,CLI_532,Tênis,Vestuário,274.14,3,Bom Despacho/MG/Brasil,Pix,Cancelado
TX_11047,2025-02-12 08:40:00,CLI_792,Jaqueta,Vestuário,1497.32,2,Curitiba/PR/Brasil,Boleto Bancário,Concluído
TX_11048,2026-01-01 12:42:00,CLI_677,Fone de Ouvido,Eletrônicos,2305.75,5,Rio de Janeiro/RJ/Brasil,Boleto Bancário,Concluído
TX_11049,2025-08-11 12:56:00,CLI_126,Biografia,Livros,3374.6,2,Bom Despacho/MG/Brasil,Cartão de Crédito,Concluído
TX_11050,2025-07-28 02:15:00,CLI_437,Smartphone,Eletrônicos,2246.02,3,Salvador/BA/Brasil,Pix,Concluído
TX_11051,2025-01-06 03:20:00,CLI_486,Calça Jeans,Vestuário,3428.51,2,Bom Despacho/MG/Brasil,Pix,Concluído
TX_11052,2026-01-08 10:27:00,CLI_702,Notebook,Eletrônicos,2877.38,4,Salvador/BA/Brasil,Cartão de Crédito,Em Processamento
TX_11053,2025-05-19 20:44:00,CLI_201,Cafeteira,Casa,3139.55,2,Salvador/BA/Brasil,Pix,Cancelado
TX_11054,2025-10-10 20:17:00,CLI_970,Tênis,Vestuário,1418.24,5,Salvador/BA/Brasil,Cartão de Crédito,Concluído
TX_11055,2025-03-15 12:55:00,CLI_681,Notebook,Eletrônicos,2577.95,1,Rio de Janeiro/RJ/Brasil,Boleto Bancário,Concluído
TX_11056,2025-04-04 14:58:00,CLI_462,Jaqueta,Vestuário,2797.66,5,Curitiba/PR/Brasil,Pix,Concluído
TX_11057,2025-11-22 02:58:00,CLI_412,Biografia,Livros,1431.7,3,Bom Despacho/MG/Brasil,Cartão de Crédito,Concluído
TX_11058,2025-03-26 19:38:00,CLI_158,Notebook,Eletrônicos,309.78,3,São Paulo/SP/Brasil,Boleto Bancário,Cancelado
TX_11059,2026-01-10 04:39:00,CLI_591,Smartwatch,Eletrônicos,1749.85,5,Salvador/BA/Brasil,Boleto Bancário,Concluído
TX_11060,2025-04-08 00:14:00,CLI_831,Ficção Científica,Livros,1496.05,5,Salvador/BA/Brasil,Boleto Bancário,Concluído
TX_11061,2025-08-18 05:45:00,CLI_790,Camiseta,Vestuário,3256.7,5,Salvador/BA/Brasil,Cartão de Crédito,Concluído
TX_11062,2025-09-21 12:03:00,CLI_152,Fone de Ouvido,Eletrônicos,1488.19,4,Rio de Janeiro/RJ/Brasil,Cartão de Crédito,Concluído
TX_11063,2025-10-04 04:01:00,CLI_397,Fone de Ouvido,Eletrônicos,1057.64,3,Rio de Janeiro/RJ/Brasil,Pix,Concluído
TX_11064,2025-06-06 21:56:00,CLI_627,Smartwatch,Eletrônicos,2892.66,1,Rio de Janeiro/RJ/Brasil,Pix,Em Processamento
TX_11065,2025-01-04 21:00:00,CLI_571,Ficção Científica,Livros,1160.0,3,Bom Despacho/MG/Brasil,Cartão de Crédito,Concluído
TX_11066,2025-07-01 00:18:00,CLI_203,Jogo de Cama,Casa,1516.35,2,Curitiba/PR/Brasil,Cartão de Crédito,Em Processamento
TX_11067,2025-09-07 00:14:00,CLI_259,Jaqueta,Vestuário,2696.52,3,São Paulo/SP/Brasil,Cartão de Crédito,Cancelado
TX_11068,2025-07-06 14:37:00,CLI_286,Desenvolvimento Pessoal,Livros,1884.45,3,Bom Despacho/MG/Brasil,Cartão de Crédito,Cancelado
TX_11069,2025-07-01 14:48:00,CLI_105,Biografia,Livros,1266.94,2,Rio de Janeiro/RJ/Brasil,Cartão de Crédito,Concluído
TX_11070,2025-07-22 14:22:00,CLI_861,Luminária,Casa,1169.28,1,Rio de Janeiro/RJ/Brasil,Cartão de Crédito,Concluído
TX_11071,2025-08-04 16:41:00,CLI_663,Desenvolvimento Pessoal,Livros,1742.05,2,São Paulo/SP/Brasil,Pix,Cancelado
TX_11072,2025-02-25 00:43:00,CLI_229,Biografia,Livros,557.06,5,São Paulo/SP/Brasil,Cartão de Crédito,Concluído
TX_11073,2025-11-02 00:16:00,CLI_544,Fone de Ouvido,Eletrônicos,1688.47,3,Curitiba/PR/Brasil,Pix,Concluído
TX_11074,2025-03-20 17:27:00,CLI_291,Biografia,Livros,884.39,1,Salvador/BA/Brasil,Pix,Concluído
TX_11075,2025-12-28 03:31:00,CLI_817,Biografia,Livros,2560.64,5,Curitiba/PR/Brasil,Cartão de Crédito,Concluído
TX_11076,2025-03-09 13:41:00,CLI_139,Calça Jeans,Vestuário,969.41,2,São Paulo/SP/Brasil,Cartão de Crédito,Cancelado
TX_11077,2025-01-27 12:58:00,CLI_517,Notebook,Eletrônicos,1844.52,2,São Paulo/SP/Brasil,Cartão de Crédito,Concluído
TX_11078,2025-09-19 14:34:00,CLI_759,História,Livros,195.02,1,São Paulo/SP/Brasil,Pix,Concluído
TX_11079,2025-05-07 10:55:00,CLI_148,Cafeteira,Casa,648.4,1,Curitiba/PR/Brasil,Cartão de Crédito,Concluído
TX_11080,2025-05-24 20:42:00,CLI_203,Tênis,Vestuário,1516.71,3,Curitiba/PR/Brasil,Pix,Concluído
TX_11081,2025-02-19 22:50:00,CLI_113,Cafeteira,Casa,2395.12,2,São Paulo/SP/Brasil,Pix,Concluído
TX_11082,2025-11-29 09:25:00,CLI_315,Cafeteira,Casa,2051.38,1,Rio de Janeiro/RJ/Brasil,Cartão de Crédito,Concluído
TX_11083,2025-12-02 06:30:00,CLI_297,Smartphone,Eletrônicos,2470.74,1,Salvador/BA/Brasil,Cartão de Crédito,Em Processamento
TX_11084,2026-01-25 06:53:00,CLI_646,Cafeteira,Casa,2526.88,1,Curitiba/PR/Brasil,Cartão de Crédito,Concluído
TX_11085,2025-06-27 12:29:00,CLI_559,Desenvolvimento Pessoal,Livros,2210.08,1,Salvador/BA/Brasil,Pix,Concluído
TX_11086,2025-09-15 00:44:00,CLI_270,História,Livros,2103.05,2,Salvador/BA/Brasil,Pix,Concluído
TX_11087,2025-09-11 23:22:00,CLI_645,Notebook,Eletrônicos,3047.84,1,Curitiba/PR/Brasil,Cartão de Crédito,Cancelado
TX_11088,2025-11-07 09:16:00,CLI_311,História,Livros,656.47,2,Curitiba/PR/Brasil,Boleto Bancário,Concluído
TX_11089,2025-12-29 17:55:00,CLI_365,Smartwatch,Eletrônicos,1072.38,2,Salvador/BA/Brasil,Pix,Concluído
TX_11090,2025-01-24 18:12:00,CLI_343,Notebook,Eletrônicos,1032.07,2,Rio de Janeiro/RJ/Brasil,Pix,Concluído
TX_11091,2025-04-18 18:14:00,CLI_218,Luminária,Casa,19.88,3,Rio de Janeiro/RJ/Brasil,Boleto Bancário,Em Processamento
TX_11092,2025-12-28 18:44:00,CLI_370,Cafeteira,Casa,2531.45,4,São Paulo/SP/Brasil,Boleto Bancário,Concluído
TX_11093,2025-07-02 07:29:00,CLI_848,Luminária,Casa,3378.82,2,São Paulo/SP/Brasil,Pix,Concluído
TX_11094,2025-11-17 21:39:00,CLI_718,Smartwatch,Eletrônicos,1934.81,4,Bom Despacho/MG/Brasil,Cartão de Crédito,Concluído
TX_11095,2025-11-19 13:29:00,CLI_259,Jogo de Cama,Casa,1569.5,4,Salvador/BA/Brasil,Pix,Concluído
TX_11096,2025-04-03 15:40:00,CLI_289,Ficção Científica,Livros,2857.36,2,Curitiba/PR/Brasil,Cartão de Crédito,Em Processamento
TX_11097,2025-01-11 10:35:00,CLI_266,Biografia,Livros,3100.11,4,Bom Despacho/MG/Brasil,Boleto Bancário,Em Processamento
TX_11098,2025-02-06 14:33:00,CLI_351,Camiseta,Vestuário,1600.76,4,Rio de Janeiro/RJ/Brasil,Cartão de Crédito,Em Processamento
TX_11099,2025-02-21 12:53:00,CLI_493,Camiseta,Vestuário,87.19,1,Salvador/BA/Brasil,Boleto Bancário,Concluído
TX_11100,2025-05-18 04:52:00,CLI_742,Calça Jeans,Vestuário,2104.74,1,São Paulo/SP/Brasil,Cartão de Crédito,Em Processamento
TX_11101,2025-03-13 16:23:00,CLI_877,Luminária,Casa,1976.54,4,Rio de Janeiro/RJ/Brasil,Cartão de Crédito,Concluído
TX_11102,2025-05-05 01:54:00,CLI_656,Cadeira Escritório,Casa,2426.76,5,Rio de Janeiro/RJ/Brasil,Cartão de Crédito,Concluído
TX_11103,2025-06-01 03:30:00,CLI_623,Smartphone,Eletrônicos,3104.3,4,Salvador/BA/Brasil,Cartão de Crédito,Concluído
TX_11104,2025-08-07 13:09:00,CLI_250,Camiseta,Vestuário,1246.29,3,Rio de Janeiro/RJ/Brasil,Cartão de Crédito,Cancelado
TX_11105,2025-02-26 07:39:00,CLI_204,Smartwatch,Eletrônicos,3348.29,3,Rio de Janeiro/RJ/Brasil,Pix,Concluído
TX_11106,2025-02-13 01:28:00,CLI_719,Luminária,Casa,541.59,4,Bom Despacho/MG/Brasil,Boleto Bancário,Concluído
TX_11107,2025-12-08 23:27:00,CLI_408,Jaqueta,Vestuário,2192.28,3,Rio de Janeiro/RJ/Brasil,Pix,Concluído
TX_11108,2025-05-16 02:36:00,CLI_907,Cadeira Escritório,Casa,22.59,2,Bom Despacho/MG/Brasil,Boleto Bancário,Concluído
TX_11109,2025-08-17 16:19:00,CLI_934,Jogo de Cama,Casa,249.59,5,Curitiba/PR/Brasil,Pix,Concluído
TX_11110,2025-03-07 06:12:00,CLI_885,Camiseta,Vestuário,1356.79,3,Bom Despacho/MG/Brasil,Pix,Cancelado
TX_11111,2025-11-22 11:22:00,CLI_241,História,Livros,2810.46,2,Salvador/BA/Brasil,Pix,Cancelado
TX_11112,2025-10-02 07:51:00,CLI_493,História,Livros,306.41,4,Salvador/BA/Brasil,Boleto Bancário,Em Processamento
TX_11113,2025-07-05 00:05:00,CLI_308,Camiseta,Vestuário,3478.76,1,Rio de Janeiro/RJ/Brasil,Pix,Em Processamento
TX_11114,2025-01-31 11:55:00,CLI_469,Biografia,Livros,2972.9,2,São Paulo/SP/Brasil,Pix,Cancelado
TX_11115,2025-04-18 07:39:00,CLI_157,Jaqueta,Vestuário,2618.28,1,Rio de Janeiro/RJ/Brasil,Boleto Bancário,Concluído
TX_11116,2025-07-10 01:50:00,CLI_818,Ficção Científica,Livros,384.44,5,Curitiba/PR/Brasil,Cartão de Crédito,Cancelado
TX_11117,2025-07-07 04:49:00,CLI_180,Camiseta,Vestuário,868.98,1,Rio de Janeiro/RJ/Brasil,Boleto Bancário,Cancelado
TX_11118,2026-01-16 04:46:00,CLI_866,Calça Jeans,Vestuário,1853.16,3,Curitiba/PR/Brasil,Pix,Cancelado
TX_11119,2025-05-27 03:47:00,CLI_259,Cadeira Escritório,Casa,224.1,1,São Paulo/SP/Brasil,Boleto Bancário,Concluído
TX_11120,2025-08-05 23:12:00,CLI_996,Camiseta,Vestuário,1598.22,3,Curitiba/PR/Brasil,Boleto Bancário,Em Processamento
TX_11121,2025-03-22 09:16:00,CLI_194,Jogo de Cama,Casa,1832.43,2,Curitiba/PR/Brasil,Boleto Bancário,Concluído
TX_11122,2025-07-20 06:16:00,CLI_942,Ficção Científica,Livros,2614.8,5,Rio de Janeiro/RJ/Brasil,Boleto Bancário,Concluído
TX_11123,2025-12-01 21:54:00,CLI_514,História,Livros,2897.98,2,Bom Despacho/MG/Brasil,Cartão de Crédito,Concluído
TX_11124,2025-02-25 03:33:00,CLI_179,Biografia,Livros,1279.02,3,Bom Despacho/MG/Brasil,Cartão de Crédito,Concluído
TX_11125,2025-02-24 02:13:00,CLI_316,Jogo de Cama,Casa,2095.93,3,Salvador/BA/Brasil,Cartão de Crédito,Em Processamento
TX_11126,2025-05-18 02:54:00,CLI_683,Camiseta,Vestuário,1983.32,5,Rio de Janeiro/RJ/Brasil,Pix,Concluído
TX_11127,2025-06-08 00:17:00,CLI_465,Fone de Ouvido,Eletrônicos,,4,São Paulo/SP/Brasil,Boleto Bancário,Concluído
TX_11128,2025-03-08 23:59:00,CLI_790,Cadeira Escritório,Casa,354.37,4,Bom Despacho/MG/Brasil,Boleto Bancário,Em Processamento
TX_11129,2025-10-28 13:02:00,CLI_588,Notebook,Eletrônicos,2058.46,1,São Paulo/SP/Brasil,Pix,Concluído
TX_11130,2025-11-17 03:11:00,CLI_835,Jaqueta,Vestuário,822.02,2,São Paulo/SP/Brasil,Boleto Bancário,Concluído
TX_11131,2025-03-09 11:34:00,CLI_397,Tênis,Vestuário,1270.7,4,Curitiba/PR/Brasil,Cartão de Crédito,Cancelado
TX_11132,2025-11-07 02:33:00,CLI_256,Calça Jeans,Vestuário,1990.65,4,Salvador/BA/Brasil,Cartão de Crédito,Concluído
TX_11133,2026-02-05 02:58:00,CLI_610,Tênis,Vestuário,342.99,3,Salvador/BA/Brasil,Cartão de Crédito,Concluído
TX_11134,2025-10-23 12:24:00,CLI_461,Camiseta,Vestuário,325.96,2,Bom Despacho/MG/Brasil,Boleto Bancário,Cancelado
TX_11135,2026-01-26 15:05:00,CLI_765,Cadeira Escritório,Casa,3235.7,1,Bom Despacho/MG/Brasil,Boleto Bancário,Cancelado
TX_11136,2025-07-25 13:57:00,CLI_977,Fone de Ouvido,Eletrônicos,2174.6,2,Bom Despacho/MG/Brasil,Pix,Concluído
TX_11137,2025-12-16 14:06:00,CLI_618,Cafeteira,Casa,1583.57,1,São Paulo/SP/Brasil,Boleto Bancário,Concluído
TX_11138,2025-02-23 09:55:00,CLI_484,Camiseta,Vestuário,566.35,4,Rio de Janeiro/RJ/Brasil,Cartão de Crédito,Concluído
TX_11139,2025-06-28 15:54:00,CLI_579,História,Livros,2254.06,4,São Paulo/SP/Brasil,Cartão de Crédito,Concluído
TX_11140,2026-01-29 14:47:00,CLI_304,Camiseta,Vestuário,1414.3,1,Curitiba/PR/Brasil,Pix,Concluído
TX_11141,2025-02-28 09:30:00,CLI_565,Biografia,Livros,148.41,2,Curitiba/PR/Brasil,Pix,Concluído
TX_11142,2025-01-17 20:31:00,CLI_892,Tênis,Vestuário,1340.29,3,Salvador/BA/Brasil,Pix,Cancelado
TX_11143,2025-01-12 23:20:00,CLI_533,Camiseta,Vestuário,955.42,2,Rio de Janeiro/RJ/Brasil,Cartão de Crédito,Concluído
TX_11144,2025-02-11 10:10:00,CLI_994,Fone de Ouvido,Eletrônicos,2497.04,4,Curitiba/PR/Brasil,Boleto Bancário,Concluído
TX_11145,2025-02-17 14:37:00,CLI_450,Jogo de Cama,Casa,3372.33,3,São Paulo/SP/Brasil,Cartão de Crédito,Concluído
TX_11146,2025-09-01 18:16:00,CLI_805,Cadeira Escritório,Casa,2746.74,4,Curitiba/PR/Brasil,Pix,Em Processamento
TX_11147,2026-02-05 20:22:00,CLI_303,Ficção Científica,Livros,286.16,5,Salvador/BA/Brasil,Boleto Bancário,Concluído
TX_11148,2025-03-19 15:39:00,CLI_251,Cafeteira,Casa,1755.57,3,São Paulo/SP/Brasil,Cartão de Crédito,Cancelado
TX_11149,2025-03-06 21:39:00,CLI_560,Luminária,Casa,2241.62,5,Curitiba/PR/Brasil,Cartão de Crédito,Concluído
TX_11150,2025-12-23 18:38:00,CLI_892,Calça Jeans,Vestuário,593.86,4,Curitiba/PR/Brasil,Cartão de Crédito,Concluído
TX_11151,2025-01-08 12:38:00,CLI_933,Calça Jeans,Vestuário,1282.82,3,Salvador/BA/Brasil,Pix,Em Processamento
TX_11152,2025-07-31 14:00:00,CLI_460,Smartwatch,Eletrônicos,1242.46,5,Curitiba/PR/Brasil,Pix,Em Processamento
TX_11153,2025-08-23 14:37:00,CLI_482,Luminária,Casa,631.48,5,Rio de Janeiro/RJ/Brasil,Cartão de Crédito,Em Processamento
TX_11154,2025-12-04 23:30:00,CLI_796,História,Livros,1539.67,3,Bom Despacho/MG/Brasil,Boleto Bancário,Em Processamento
TX_11155,2025-02-15 22:10:00,CLI_116,Smartphone,Eletrônicos,2162.67,4,São Paulo/SP/Brasil,Cartão de Crédito,Cancelado
TX_11156,2025-10-25 01:06:00,CLI_783,Smartwatch,Eletrônicos,1025.32,4,Salvador/BA/Brasil,Cartão de Crédito,Concluído
TX_11157,2025-04-11 16:01:00,CLI_227,História,Livros,1236.89,4,São Paulo/SP/Brasil,Pix,Cancelado
TX_11158,2025-09-17 09:40:00,CLI_374,Fone de Ouvido,Eletrônicos,3080.43,3,Rio de Janeiro/RJ/Brasil,Pix,Cancelado
TX_11159,2025-01-17 00:31:00,CLI_126,Camiseta,Vestuário,549.51,3,Curitiba/PR/Brasil,Boleto Bancário,Em Processamento
TX_11160,2025-10-20 14:40:00,CLI_347,Cafeteira,Casa,1951.75,4,Rio de Janeiro/RJ/Brasil,Cartão de Crédito,Em Processamento
TX_11161,2025-08-08 04:23:00,CLI_751,Ficção Científica,Livros,1375.58,2,Salvador/BA/Brasil,Pix,Concluído
TX_11162,2025-02-20 04:18:00,CLI_616,Jaqueta,Vestuário,427.53,5,Rio de Janeiro/RJ/Brasil,Pix,Concluído
TX_11163,2025-02-17 03:11:00,CLI_126,Tênis,Vestuário,1539.41,5,Rio de Janeiro/RJ/Brasil,Cartão de Crédito,Concluído
TX_11164,2026-01-16 04:27:00,CLI_564,Smartwatch,Eletrônicos,2226.1,3,São Paulo/SP/Brasil,Cartão de Crédito,Concluído
TX_11165,2025-10-02 08:22:00,CLI_843,Tênis,Vestuário,2733.4,4,Rio de Janeiro/RJ/Brasil,Pix,Concluído
TX_11166,2025-11-18 00:47:00,CLI_753,Luminária,Casa,3447.02,1,Rio de Janeiro/RJ/Brasil,Cartão de Crédito,Cancelado
TX_11167,2025-05-25 08:56:00,CLI_284,Smartphone,Eletrônicos,338.33,4,Rio de Janeiro/RJ/Brasil,Pix,Concluído
TX_11168,2025-01-12 14:07:00,CLI_175,Ficção Científica,Livros,1710.51,1,Curitiba/PR/Brasil,Cartão de Crédito,Cancelado
TX_11169,2025-03-24 06:08:00,CLI_405,Desenvolvimento Pessoal,Livros,50.34,2,Curitiba/PR/Brasil,Boleto Bancário,Em Processamento
TX_11170,2025-06-27 16:31:00,CLI_728,Smartphone,Eletrônicos,2105.98,1,Bom Despacho/MG/Brasil,Cartão de Crédito,Em Processamento
TX_11171,2025-11-07 01:00:00,CLI_648,Luminária,Casa,95.29,5,Rio de Janeiro/RJ/Brasil,Cartão de Crédito,Concluído
TX_11172,2025-01-16 11:10:00,CLI_241,Luminária,Casa,780.87,2,Rio de Janeiro/RJ/Brasil,Pix,Concluído
TX_11173,2025-06-28 18:49:00,CLI_767,Biografia,Livros,1040.71,4,São Paulo/SP/Brasil,Pix,Em Processamento
TX_11174,2025-03-30 06:45:00,CLI_803,Biografia,Livros,2963.43,3,Bom Despacho/MG/Brasil,Pix,Concluído
TX_11175,2026-01-05 16:39:00,CLI_543,Jogo de Cama,Casa,3091.76,4,Rio de Janeiro/RJ/Brasil,Boleto Bancário,Concluído
TX_11176,2025-07-16 14:39:00,CLI_304,Luminária,Casa,1991.49,3,Salvador/BA/Brasil,Boleto Bancário,Concluído
TX_11177,2025-09-19 08:38:00,CLI_700,Biografia,Livros,1443.18,5,São Paulo/SP/Brasil,Boleto Bancário,Em Processamento
TX_11178,2025-02-28 06:08:00,CLI_928,Cadeira Escritório,Casa,1139.54,2,São Paulo/SP/Brasil,Pix,Concluído
TX_11179,2025-07-10 04:57:00,CLI_898,Notebook,Eletrônicos,1110.87,1,Bom Despacho/MG/Brasil,Pix,Concluído
TX_11180,2025-10-18 10:58:00,CLI_338,Jogo de Cama,Casa,1972.32,4,Curitiba/PR/Brasil,Pix,Em Processamento
TX_11181,2025-10-15 09:29:00,CLI_833,Calça Jeans,Vestuário,2133.55,1,São Paulo/SP/Brasil,Boleto Bancário,Cancelado
TX_11182,2025-04-12 06:43:00,CLI_150,Desenvolvimento Pessoal,Livros,2812.5,4,Bom Despacho/MG/Brasil,Cartão de Crédito,Concluído
TX_11183,2025-08-20 05:50:00,CLI_715,Ficção Científica,Livros,1154.16,4,São Paulo/SP/Brasil,Cartão de Crédito,Em Processamento
TX_11184,2025-11-26 19:39:00,CLI_104,Fone de Ouvido,Eletrônicos,3192.08,3,São Paulo/SP/Brasil,Cartão de Crédito,Cancelado
TX_11185,2025-11-27 00:33:00,CLI_171,Smartphone,Eletrônicos,1652.58,4,Bom Despacho/MG/Brasil,Boleto Bancário,Concluído
TX_11186,2025-07-24 02:43:00,CLI_669,Cafeteira,Casa,2714.53,4,Bom Despacho/MG/Brasil,Boleto Bancário,Concluído
TX_11187,2025-09-10 21:52:00,CLI_224,Desenvolvimento Pessoal,Livros,2953.12,5,Curitiba/PR/Brasil,Cartão de Crédito,Concluído
TX_11188,2025-03-13 03:35:00,CLI_430,Camiseta,Vestuário,3016.94,4,São Paulo/SP/Brasil,Cartão de Crédito,Concluído
TX_11189,2025-10-03 00:10:00,CLI_804,Notebook,Eletrônicos,3040.03,3,Bom Despacho/MG/Brasil,Cartão de Crédito,Concluído
TX_11190,2025-05-16 11:14:00,CLI_804,Fone de Ouvido,Eletrônicos,2150.44,4,São Paulo/SP/Brasil,Pix,Concluído
TX_11191,2025-03-06 10:53:00,CLI_982,Jaqueta,Vestuário,530.79,5,São Paulo/SP/Brasil,Pix,Cancelado
TX_11192,2025-09-02 22:34:00,CLI_601,Notebook,Eletrônicos,3417.58,3,Salvador/BA/Brasil,Boleto Bancário,Cancelado
TX_11193,2026-01-28 10:06:00,CLI_828,Camiseta,Vestuário,303.54,5,Bom Despacho/MG/Brasil,Cartão de Crédito,Concluído
TX_11194,2025-01-31 07:15:00,CLI_113,Smartphone,Eletrônicos,2351.69,4,Curitiba/PR/Brasil,Pix,Concluído
TX_11195,2025-04-17 20:09:00,CLI_879,Ficção Científica,Livros,1853.84,3,Bom Despacho/MG/Brasil,Pix,Cancelado
TX_11196,2025-04-23 12:24:00,CLI_494,Camiseta,Vestuário,3413.1,5,Rio de Janeiro/RJ/Brasil,Boleto Bancário,Concluído
TX_11197,2025-05-23 14:26:00,CLI_268,Biografia,Livros,2406.64,5,São Paulo/SP/Brasil,Boleto Bancário,Concluído
TX_11198,2026-01-17 03:45:00,CLI_346,Jaqueta,Vestuário,72.81,4,São Paulo/SP/Brasil,Cartão de Crédito,Concluído
TX_11199,2025-08-20 12:00:00,CLI_371,Smartwatch,Eletrônicos,427.37,5,Salvador/BA/Brasil,Cartão de Crédito,Concluído
TX_11200,2025-07-23 17:08:00,CLI_541,Biografia,Livros,1785.12,1,Rio de Janeiro/RJ/Brasil,Pix,Concluído
TX_11201,2025-11-29 13:03:00,CLI_849,Luminária,Casa,3249.15,2,São Paulo/SP/Brasil,Pix,Concluído
TX_11202,2025-05-22 18:04:00,CLI_722,Biografia,Livros,1735.25,4,Salvador/BA/Brasil,Cartão de Crédito,Concluído
TX_11203,2025-02-28 01:48:00,CLI_136,Camiseta,Vestuário,2019.68,2,Rio de Janeiro/RJ/Brasil,Cartão de Crédito,Em Processamento
TX_11204,2025-11-14 23:52:00,CLI_833,Fone de Ouvido,Eletrônicos,1424.89,4,Rio de Janeiro/RJ/Brasil,Cartão de Crédito,Concluído
TX_11205,2025-03-29 06:56:00,CLI_455,Cadeira Escritório,Casa,2234.59,5,Rio de Janeiro/RJ/Brasil,Pix,Concluído
TX_11206,2025-12-25 21:14:00,CLI_588,Notebook,Eletrônicos,2590.73,2,Salvador/BA/Brasil,Cartão de Crédito,Concluído
TX_11207,2025-06-20 15:32:00,CLI_245,Notebook,Eletrônicos,3368.42,4,Rio de Janeiro/RJ/Brasil,Pix,Concluído
TX_11208,2025-02-09 05:49:00,CLI_795,Notebook,Eletrônicos,2664.51,1,Bom Despacho/MG/Brasil,Boleto Bancário,Concluído
TX_11209,2025-05-07 16:07:00,CLI_212,Ficção Científica,Livros,172.44,1,Curitiba/PR/Brasil,Boleto Bancário,Concluído
TX_11210,2026-02-01 03:12:00,CLI_202,Calça Jeans,Vestuário,1076.54,3,Rio de Janeiro/RJ/Brasil,Pix,Cancelado
TX_11211,2025-05-10 12:26:00,CLI_569,Cafeteira,Casa,62.26,3,Curitiba/PR/Brasil,Pix,Concluído
TX_11212,2025-12-18 17:43:00,CLI_845,Ficção Científica,Livros,2244.7,2,Bom Despacho/MG/Brasil,Pix,Concluído
TX_11213,2025-01-16 08:20:00,CLI_691,Tênis,Vestuário,2597.43,4,Curitiba/PR/Brasil,Pix,Concluído
TX_11214,2025-11-24 03:41:00,CLI_380,Notebook,Eletrônicos,3071.85,5,Curitiba/PR/Brasil,Pix,Em Processamento
TX_11215,2025-06-19 13:20:00,CLI_703,Tênis,Vestuário,1469.27,3,Bom Despacho/MG/Brasil,Pix,Concluído
TX_11216,2025-03-04 14:47:00,CLI_914,Fone de Ouvido,Eletrônicos,1600.77,3,Salvador/BA/Brasil,Pix,Concluído
TX_11217,2025-08-27 23:14:00,CLI_253,Smartwatch,Eletrônicos,1838.3,3,Rio de Janeiro/RJ/Brasil,Boleto Bancário,Em Processamento
TX_11218,2025-05-28 02:12:00,CLI_918,Tênis,Vestuário,1042.12,4,Curitiba/PR/Brasil,Cartão de Crédito,Concluído
TX_11219,2025-09-08 10:26:00,CLI_105,Luminária,Casa,1514.68,1,São Paulo/SP/Brasil,Cartão de Crédito,Concluído
TX_11220,2025-09-15 22:42:00,CLI_887,Tênis,Vestuário,1969.21,1,Bom Despacho/MG/Brasil,Boleto Bancário,Concluído
TX_11221,2025-10-27 02:45:00,CLI_397,Calça Jeans,Vestuário,777.72,4,Curitiba/PR/Brasil,Pix,Concluído
TX_11222,2025-02-20 08:55:00,CLI_409,História,Livros,2095.68,2,Curitiba/PR/Brasil,Boleto Bancário,Cancelado
TX_11223,2025-05-09 04:37:00,CLI_526,Jogo de Cama,Casa,1946.68,3,Rio de Janeiro/RJ/Brasil,Pix,Concluído
TX_11224,2025-04-04 12:49:00,CLI_901,Cadeira Escritório,Casa,3067.59,4,Salvador/BA/Brasil,Cartão de Crédito,Concluído
TX_11225,2025-12-17 12:12:00,CLI_579,Desenvolvimento Pessoal,Livros,1249.37,4,Salvador/BA/Brasil,Pix,Cancelado
TX_11226,2025-01-14 14:22:00,CLI_190,Ficção Científica,Livros,2649.16,5,Salvador/BA/Brasil,Pix,Concluído
TX_11227,2025-10-06 19:18:00,CLI_998,Jogo de Cama,Casa,1037.3,4,Salvador/BA/Brasil,Cartão de Crédito,Cancelado
TX_11228,2025-08-24 01:51:00,CLI_186,Smartwatch,Eletrônicos,205.6,1,Salvador/BA/Brasil,Pix,Em Processamento
TX_11229,2025-09-04 23:34:00,CLI_439,Fone de Ouvido,Eletrônicos,3027.13,1,Salvador/BA/Brasil,Boleto Bancário,Em Processamento
TX_11230,2025-03-15 19:11:00,CLI_858,Notebook,Eletrônicos,3385.97,2,Salvador/BA/Brasil,Cartão de Crédito,Concluído
TX_11231,2025-09-06 21:17:00,CLI_804,Cafeteira,Casa,714.44,1,São Paulo/SP/Brasil,Cartão de Crédito,Concluído
TX_11232,2025-04-15 03:32:00,CLI_585,Smartphone,Eletrônicos,,5,Rio de Janeiro/RJ/Brasil,Pix,Cancelado
TX_11233,2025-07-27 16:30:00,CLI_288,Smartphone,Eletrônicos,2873.64,5,Bom Despacho/MG/Brasil,Pix,Em Processamento
TX_11234,2025-03-16 21:42:00,CLI_122,Ficção Científica,Livros,659.06,2,Curitiba/PR/Brasil,Cartão de Crédito,Em Processamento
TX_11235,2025-05-29 09:52:00,CLI_783,Jaqueta,Vestuário,363.57,5,Curitiba/PR/Brasil,Pix,Concluído
TX_11236,2025-12-24 03:39:00,CLI_575,Cadeira Escritório,Casa,1467.88,4,Curitiba/PR/Brasil,Cartão de Crédito,Concluído
TX_11237,2025-10-16 13:17:00,CLI_111,Cadeira Escritório,Casa,2038.18,1,São Paulo/SP/Brasil,Boleto Bancário,Em Processamento
TX_11238,2025-03-13 15:58:00,CLI_840,Ficção Científica,Livros,1612.35,1,Bom Despacho/MG/Brasil,Cartão de Crédito,Concluído
TX_11239,2025-07-19 17:30:00,CLI_164,Tênis,Vestuário,623.12,2,Salvador/BA/Brasil,Pix,Em Processamento
TX_11240,2025-05-23 22:28:00,CLI_410,Cadeira Escritório,Casa,3233.32,1,Rio de Janeiro/RJ/Brasil,Boleto Bancário,Cancelado
TX_11241,2025-12-04 06:09:00,CLI_689,História,Livros,2484.12,5,Salvador/BA/Brasil,Boleto Bancário,Em Processamento
TX_11242,2025-10-29 19:49:00,CLI_456,Jogo de Cama,Casa,2051.96,4,Bom Despacho/MG/Brasil,Cartão de Crédito,Concluído
TX_11243,2025-02-19 22:42:00,CLI_208,Notebook,Eletrônicos,1755.53,4,Rio de Janeiro/RJ/Brasil,Pix,Concluído
TX_11244,2026-01-08 13:06:00,CLI_873,Camiseta,Vestuário,3407.02,1,Rio de Janeiro/RJ/Brasil,Cartão de Crédito,Em Processamento
TX_11245,2026-01-19 02:29:00,CLI_552,Luminária,Casa,2675.28,5,São Paulo/SP/Brasil,Boleto Bancário,Concluído
TX_11246,2025-12-24 15:20:00,CLI_486,Tênis,Vestuário,479.26,5,São Paulo/SP/Brasil,Boleto Bancário,Concluído
TX_11247,2025-08-13 23:10:00,CLI_392,Tênis,Vestuário,800.86,2,Curitiba/PR/Brasil,Pix,Em Processamento
TX_11248,2025-01-13 21:28:00,CLI_784,Camiseta,Vestuário,350.28,1,Salvador/BA/Brasil,Cartão de Crédito,Concluído
TX_11249,2025-10-07 02:27:00,CLI_448,Cadeira Escritório,Casa,660.79,5,Salvador/BA/Brasil,Pix,Concluído
TX_11250,2025-06-30 12:10:00,CLI_733,Jaqueta,Vestuário,3150.65,2,Salvador/BA/Brasil,Cartão de Crédito,Cancelado
TX_11251,2025-10-19 02:40:00,CLI_230,História,Livros,2741.62,3,São Paulo/SP/Brasil,Cartão de Crédito,Concluído
TX_11252,2025-11-04 18:27:00,CLI_438,Biografia,Livros,93.56,3,São Paulo/SP/Brasil,Pix,Cancelado
TX_11253,2025-05-28 02:33:00,CLI_647,Luminária,Casa,2020.12,5,Rio de Janeiro/RJ/Brasil,Boleto Bancário,Em Processamento
TX_11254,2025-01-30 18:38:00,CLI_814,Cadeira Escritório,Casa,3122.95,5,Salvador/BA/Brasil,Pix,Concluído
TX_11255,2025-08-04 08:54:00,CLI_305,Smartphone,Eletrônicos,1180.88,1,Bom Despacho/MG/Brasil,Cartão de Crédito,Concluído
TX_11256,2025-09-10 02:29:00,CLI_924,Luminária,Casa,3318.77,5,Rio de Janeiro/RJ/Brasil,Boleto Bancário,Concluído
TX_11257,2025-11-03 20:54:00,CLI_182,Luminária,Casa,3108.0,4,Curitiba/PR/Brasil,Cartão de Crédito,Concluído
TX_11258,2025-09-12 17:19:00,CLI_330,Smartphone,Eletrônicos,2281.42,4,São Paulo/SP/Brasil,Pix,Concluído
TX_11259,2025-01-14 06:41:00,CLI_647,Camiseta,Vestuário,2134.36,4,São Paulo/SP/Brasil,Boleto Bancário,Concluído
TX_11260,2026-01-28 12:52:00,CLI_812,Ficção Científica,Livros,451.45,4,Curitiba/PR/Brasil,Boleto Bancário,Concluído
TX_11261,2025-11-12 12:33:00,CLI_460,Smartwatch,Eletrônicos,689.86,4,São Paulo/SP/Brasil,Cartão de Crédito,Concluído
TX_11262,2025-01-06 07:45:00,CLI_522,Camiseta,Vestuário,2619.95,5,Salvador/BA/Brasil,Boleto Bancário,Concluído
TX_11263,2025-02-09 01:56:00,CLI_229,Notebook,Eletrônicos,1543.37,3,São Paulo/SP/Brasil,Cartão de Crédito,
TX_11264,2025-03-08 20:41:00,CLI_507,Jogo de Cama,Casa,1683.27,1,Bom Despacho/MG/Brasil,Boleto Bancário,Concluído
TX_11265,2025-04-16 16:53:00,CLI_822,Fone de Ouvido,Eletrônicos,2577.24,3,Salvador/BA/Brasil,Cartão de Crédito,Cancelado
TX_11266,2025-05-30 22:18:00,CLI_350,Cafeteira,Casa,1851.05,3,Salvador/BA/Brasil,Pix,Em Processamento
TX_11267,2025-07-30 21:13:00,CLI_597,Smartphone,Eletrônicos,990.05,2,Bom Despacho/MG/Brasil,Cartão de Crédito,Em Processamento
TX_11268,2025-04-18 04:11:00,CLI_481,Tênis,Vestuário,2541.31,2,Salvador/BA/Brasil,Cartão de Crédito,Concluído
TX_11269,2025-01-11 17:01:00,CLI_956,História,Livros,132.64,3,São Paulo/SP/Brasil,Boleto Bancário,Cancelado
TX_11270,2025-05-23 20:48:00,CLI_493,Luminária,Casa,1741.32,4,São Paulo/SP/Brasil,Pix,Cancelado
TX_11271,2025-07-14 06:17:00,CLI_775,Notebook,Eletrônicos,1517.33,1,Rio de Janeiro/RJ/Brasil,Boleto Bancário,Concluído
TX_11272,2025-11-08 11:28:00,CLI_948,Fone de Ouvido,Eletrônicos,3177.46,5,São Paulo/SP/Brasil,Cartão de Crédito,Concluído
TX_11273,2026-02-05 01:56:00,CLI_926,Cadeira Escritório,Casa,395.6,4,Curitiba/PR/Brasil,Boleto Bancário,Concluído
TX_11274,2026-01-04 19:23:00,CLI_887,História,Livros,1823.41,2,Salvador/BA/Brasil,Pix,Cancelado
TX_11275,2025-05-24 23:17:00,CLI_380,Calça Jeans,Vestuário,313.1,2,São Paulo/SP/Brasil,Boleto Bancário,Concluído
TX_11276,2025-11-12 09:21:00,CLI_470,Cadeira Escritório,Casa,951.58,3,São Paulo/SP/Brasil,Boleto Bancário,Em Processamento
TX_11277,2025-10-19 22:33:00,CLI_428,Smartphone,Eletrônicos,2928.46,2,Bom Despacho/MG/Brasil,Pix,Cancelado
TX_11278,2025-08-27 01:15:00,CLI_467,Smartwatch,Eletrônicos,1688.52,5,São Paulo/SP/Brasil,Cartão de Crédito,Cancelado
TX_11279,2025-11-09 18:49:00,CLI_421,Smartphone,Eletrônicos,3337.23,4,Bom Despacho/MG/Brasil,Cartão de Crédito,Concluído
TX_11280,2025-03-07 07:45:00,CLI_745,Cafeteira,Casa,623.12,5,Curitiba/PR/Brasil,Boleto Bancário,Concluído
TX_11281,2025-04-05 23:21:00,CLI_618,Camiseta,Vestuário,3014.09,5,São Paulo/SP/Brasil,Pix,Concluído
TX_11282,2025-05-12 00:33:00,CLI_794,Camiseta,Vestuário,2959.58,3,Bom Despacho/MG/Brasil,Boleto Bancário,Concluído
TX_11283,2025-02-09 17:18:00,CLI_554,Tênis,Vestuário,409.44,1,São Paulo/SP/Brasil,Cartão de Crédito,Concluído
TX_11284,2025-02-06 21:54:00,CLI_536,Cafeteira,Casa,3067.35,2,Curitiba/PR/Brasil,Cartão de Crédito,Concluído
TX_11285,2025-11-30 12:47:00,CLI_581,Cafeteira,Casa,3299.54,3,Curitiba/PR/Brasil,Boleto Bancário,Concluído
TX_11286,2025-05-29 05:07:00,CLI_705,Tênis,Vestuário,103.99,5,São Paulo/SP/Brasil,Cartão de Crédito,Concluído
TX_11287,2025-10-26 01:06:00,CLI_772,Jogo de Cama,Casa,2546.02,4,Curitiba/PR/Brasil,Boleto Bancário,Concluído
TX_11288,2025-09-15 19:36:00,CLI_745,Notebook,Eletrônicos,1925.59,4,Salvador/BA/Brasil,Boleto Bancário,Concluído
TX_11289,2025-09-24 15:03:00,CLI_424,Smartwatch,Eletrônicos,953.1,5,Salvador/BA/Brasil,Pix,Concluído
TX_11290,2025-04-29 15:33:00,CLI_422,Jogo de Cama,Casa,2622.44,1,Bom Despacho/MG/Brasil,Boleto Bancário,Concluído
TX_11291,2025-02-10 12:00:00,CLI_673,História,Livros,1777.17,3,Bom Despacho/MG/Brasil,Boleto Bancário,Cancelado
TX_11292,2025-04-28 19:26:00,CLI_947,Jaqueta,Vestuário,2896.34,2,Curitiba/PR/Brasil,Boleto Bancário,Concluído
TX_11293,2025-05-14 09:47:00,CLI_449,Biografia,Livros,1108.75,1,Salvador/BA/Brasil,Pix,Cancelado
TX_11294,2025-04-03 15:29:00,CLI_115,Jaqueta,Vestuário,596.2,4,Rio de Janeiro/RJ/Brasil,Pix,Em Processamento
TX_11295,2025-01-18 14:43:00,CLI_124,Ficção Científica,Livros,2419.81,1,Rio de Janeiro/RJ/Brasil,Cartão de Crédito,Em Processamento
TX_11296,2025-03-07 13:43:00,CLI_813,História,Livros,1955.94,3,Bom Despacho/MG/Brasil,Cartão de Crédito,Concluído
TX_11297,2025-02-07 12:06:00,CLI_559,Luminária,Casa,3188.7,4,São Paulo/SP/Brasil,Boleto Bancário,Cancelado
TX_11298,2026-01-11 06:15:00,CLI_841,Cadeira Escritório,Casa,2684.36,5,Rio de Janeiro/RJ/Brasil,Cartão de Crédito,Concluído
TX_11299,2025-07-14 10:56:00,CLI_549,Fone de Ouvido,Eletrônicos,630.88,5,Curitiba/PR/Brasil,Pix,Concluído
TX_11300,2025-06-24 01:38:00,CLI_677,Tênis,Vestuário,1819.11,5,Curitiba/PR/Brasil,Boleto Bancário,Em Processamento
TX_11301,2025-07-16 10:52:00,CLI_875,Desenvolvimento Pessoal,Livros,636.78,2,Bom Despacho/MG/Brasil,Cartão de Crédito,Concluído
TX_11302,2025-11-12 10:43:00,CLI_201,Desenvolvimento Pessoal,Livros,1225.5,2,Salvador/BA/Brasil,Cartão de Crédito,Concluído
TX_11303,2025-04-25 05:46:00,CLI_395,Cadeira Escritório,Casa,3288.13,3,Curitiba/PR/Brasil,Boleto Bancário,Concluído
TX_11304,2025-02-19 07:03:00,CLI_665,Tênis,Vestuário,2938.18,2,Rio de Janeiro/RJ/Brasil,Cartão de Crédito,Em Processamento
TX_11305,2025-09-08 00:52:00,CLI_478,Notebook,Eletrônicos,722.95,5,São Paulo/SP/Brasil,Pix,Cancelado
TX_11306,2025-02-26 04:05:00,CLI_555,Jaqueta,Vestuário,3112.75,4,Bom Despacho/MG/Brasil,Pix,Concluído
TX_11307,2025-07-01 02:41:00,CLI_862,Tênis,Vestuário,2779.72,1,São Paulo/SP/Brasil,Pix,Concluído
TX_11308,2025-11-19 17:30:00,CLI_788,Cafeteira,Casa,2723.0,3,Curitiba/PR/Brasil,Cartão de Crédito,Cancelado
TX_11309,2025-10-13 22:33:00,CLI_957,Fone de Ouvido,Eletrônicos,3073.34,1,Rio de Janeiro/RJ/Brasil,Boleto Bancário,Concluído
TX_11310,2025-07-12 07:30:00,CLI_789,Calça Jeans,Vestuário,696.94,4,Salvador/BA/Brasil,Cartão de Crédito,Cancelado
TX_11311,2025-03-09 06:46:00,CLI_750,Jaqueta,Vestuário,3067.39,5,Bom Despacho/MG/Brasil,Boleto Bancário,Concluído
TX_11312,2025-09-09 19:02:00,CLI_725,Smartwatch,Eletrônicos,741.79,2,São Paulo/SP/Brasil,Cartão de Crédito,Cancelado
TX_11313,2025-05-01 21:46:00,CLI_457,Cadeira Escritório,Casa,1702.55,2,Salvador/BA/Brasil,Pix,Concluído
TX_11314,2025-11-19 13:23:00,CLI_712,Cadeira Escritório,Casa,1259.59,4,Curitiba/PR/Brasil,Pix,Concluído
TX_11315,2025-08-03 15:15:00,CLI_433,Camiseta,Vestuário,877.18,4,Bom Despacho/MG/Brasil,Cartão de Crédito,Concluído
TX_11316,2025-06-27 23:47:00,CLI_507,Desenvolvimento Pessoal,Livros,2471.29,4,São Paulo/SP/Brasil,Pix,Em Processamento
TX_11317,2025-05-29 09:08:00,CLI_619,Biografia,Livros,764.65,4,São Paulo/SP/Brasil,Cartão de Crédito,Em Processamento
TX_11318,2025-07-30 13:21:00,CLI_928,Cafeteira,Casa,1555.2,4,Bom Despacho/MG/Brasil,Pix,Concluído
TX_11319,2025-06-23 21:43:00,CLI_938,Cadeira Escritório,Casa,174.02,4,Rio de Janeiro/RJ/Brasil,Pix,Concluído
TX_11320,2025-11-11 20:50:00,CLI_437,Calça Jeans,Vestuário,465.32,5,São Paulo/SP/Brasil,Cartão de Crédito,Concluído
TX_11321,2025-06-30 18:52:00,CLI_164,Ficção Científica,Livros,2297.44,5,Bom Despacho/MG/Brasil,Cartão de Crédito,Concluído
TX_11322,2025-07-22 07:49:00,CLI_397,Calça Jeans,Vestuário,2807.48,3,Salvador/BA/Brasil,Pix,Cancelado
TX_11323,2025-01-19 00:41:00,CLI_873,Calça Jeans,Vestuário,3292.14,1,São Paulo/SP/Brasil,Boleto Bancário,Cancelado
TX_11324,2025-05-25 10:17:00,CLI_124,Ficção Científica,Livros,816.57,2,Rio de Janeiro/RJ/Brasil,Cartão de Crédito,Concluído
TX_11325,2025-03-09 09:12:00,CLI_982,Smartwatch,Eletrônicos,310.93,1,Curitiba/PR/Brasil,Boleto Bancário,Cancelado
TX_11326,2025-11-06 05:10:00,CLI_197,Smartphone,Eletrônicos,2579.52,4,Salvador/BA/Brasil,Cartão de Crédito,Em Processamento
TX_11327,2025-09-20 00:47:00,CLI_409,Cafeteira,Casa,970.06,2,Curitiba/PR/Brasil,Cartão de Crédito,Concluído
TX_11328,2025-08-08 03:10:00,CLI_327,História,Livros,3384.6,5,Bom Despacho/MG/Brasil,Pix,Cancelado
TX_11329,2025-01-09 16:57:00,CLI_845,Jogo de Cama,Casa,1386.85,3,Curitiba/PR/Brasil,Boleto Bancário,Concluído
TX_11330,2025-01-13 13:33:00,CLI_889,Biografia,Livros,823.92,3,Salvador/BA/Brasil,Pix,Em Processamento
TX_11331,2025-03-15 21:30:00,CLI_185,Fone de Ouvido,Eletrônicos,347.43,2,Bom Despacho/MG/Brasil,Cartão de Crédito,Cancelado
TX_11332,2025-07-26 21:02:00,CLI_958,Camiseta,Vestuário,1665.2,5,Rio de Janeiro/RJ/Brasil,Cartão de Crédito,Concluído
TX_11333,2025-06-09 11:31:00,CLI_954,Desenvolvimento Pessoal,Livros,539.88,3,Curitiba/PR/Brasil,Boleto Bancário,Em Processamento
TX_11334,2025-12-20 07:08:00,CLI_873,Ficção Científica,Livros,1975.0,4,Bom Despacho/MG/Brasil,Boleto Bancário,Cancelado
TX_11335,2025-08-25 16:29:00,CLI_626,Jogo de Cama,Casa,1948.5,1,Bom Despacho/MG/Brasil,Cartão de Crédito,Cancelado
TX_11336,2026-01-23 00:27:00,CLI_265,Smartwatch,Eletrônicos,1826.99,1,Rio de Janeiro/RJ/Brasil,Cartão de Crédito,Concluído
TX_11337,2025-08-06 16:54:00,CLI_274,Ficção Científica,Livros,2197.18,5,São Paulo/SP/Brasil,Pix,Concluído
TX_11338,2025-06-01 04:00:00,CLI_545,História,Livros,3485.17,3,São Paulo/SP/Brasil,Boleto Bancário,Concluído
TX_11339,2025-05-29 17:51:00,CLI_801,Jogo de Cama,Casa,727.55,5,Rio de Janeiro/RJ/Brasil,Boleto Bancário,Concluído
TX_11340,2025-04-18 11:16:00,CLI_864,Cadeira Escritório,Casa,2524.65,2,Curitiba/PR/Brasil,Cartão de Crédito,Em Processamento
TX_11341,2025-08-02 06:07:00,CLI_253,Ficção Científica,Livros,1654.67,1,Bom Despacho/MG/Brasil,Pix,Concluído
TX_11342,2025-08-23 11:17:00,CLI_196,Camiseta,Vestuário,227.96,4,Salvador/BA/Brasil,Boleto Bancário,Concluído
TX_11343,2025-04-26 11:46:00,CLI_743,Fone de Ouvido,Eletrônicos,64.24,2,Salvador/BA/Brasil,Pix,Concluído
TX_11344,2025-11-16 13:45:00,CLI_360,Desenvolvimento Pessoal,Livros,1970.48,2,Bom Despacho/MG/Brasil,Cartão de Crédito,Em Processamento
TX_11345,2025-05-24 06:05:00,CLI_369,Camiseta,Vestuário,,2,Rio de Janeiro/RJ/Brasil,Boleto Bancário,Em Processamento
TX_11346,2026-01-31 20:12:00,CLI_719,Desenvolvimento Pessoal,Livros,981.17,5,Salvador/BA/Brasil,Boleto Bancário,Cancelado
TX_11347,2025-04-29 07:23:00,CLI_193,Calça Jeans,Vestuário,3254.47,5,São Paulo/SP/Brasil,Cartão de Crédito,Concluído
TX_11348,2025-06-15 02:39:00,CLI_153,Jaqueta,Vestuário,492.36,4,São Paulo/SP/Brasil,Pix,Cancelado
TX_11349,2026-01-25 04:00:00,CLI_346,Cafeteira,Casa,1967.11,4,Salvador/BA/Brasil,Pix,Cancelado
TX_11350,2025-06-12 18:06:00,CLI_180,Cafeteira,Casa,3093.25,2,Salvador/BA/Brasil,Cartão de Crédito,Concluído
TX_11351,2025-08-15 16:43:00,CLI_811,Jaqueta,Vestuário,2764.54,1,Salvador/BA/Brasil,Boleto Bancário,Cancelado
TX_11352,2025-07-07 15:54:00,CLI_889,Jogo de Cama,Casa,2350.09,4,São Paulo/SP/Brasil,Cartão de Crédito,Em Processamento
TX_11353,2025-04-02 00:21:00,CLI_300,Jaqueta,Vestuário,1555.65,5,Bom Despacho/MG/Brasil,Cartão de Crédito,Concluído
TX_11354,2025-07-08 08:39:00,CLI_614,Cafeteira,Casa,3226.65,5,São Paulo/SP/Brasil,Pix,Concluído
TX_11355,2025-01-23 23:44:00,CLI_821,Cadeira Escritório,Casa,896.84,1,Curitiba/PR/Brasil,Boleto Bancário,Concluído
TX_11356,2025-03-30 16:09:00,CLI_867,História,Livros,3064.15,5,Curitiba/PR/Brasil,Cartão de Crédito,Concluído
TX_11357,2026-01-01 05:13:00,CLI_822,Luminária,Casa,2580.64,2,Salvador/BA/Brasil,Cartão de Crédito,Cancelado
TX_11358,2025-11-23 02:07:00,CLI_421,Smartphone,Eletrônicos,354.7,5,Curitiba/PR/Brasil,Pix,Concluído
TX_11359,2025-12-30 05:46:00,CLI_700,Fone de Ouvido,Eletrônicos,2531.64,3,Bom Despacho/MG/Brasil,Boleto Bancário,Concluído
TX_11360,2025-02-03 06:35:00,CLI_944,História,Livros,2668.11,2,São Paulo/SP/Brasil,Boleto Bancário,Concluído
TX_11361,2025-01-23 09:24:00,CLI_723,Notebook,Eletrônicos,707.41,5,Curitiba/PR/Brasil,Pix,Concluído
TX_11362,2025-10-15 11:58:00,CLI_220,Fone de Ouvido,Eletrônicos,1204.96,5,Bom Despacho/MG/Brasil,Boleto Bancário,Concluído
TX_11363,2025-02-16 06:13:00,CLI_847,Ficção Científica,Livros,316.17,3,São Paulo/SP/Brasil,Boleto Bancário,Concluído
TX_11364,2025-11-23 12:47:00,CLI_571,Camiseta,Vestuário,298.24,2,Rio de Janeiro/RJ/Brasil,Pix,Concluído
TX_11365,2025-07-14 09:47:00,CLI_282,Tênis,Vestuário,987.19,5,São Paulo/SP/Brasil,Pix,Cancelado
TX_11366,2025-04-13 06:02:00,CLI_402,Calça Jeans,Vestuário,918.85,4,Bom Despacho/MG/Brasil,Pix,Concluído
TX_11367,2025-07-06 11:54:00,CLI_890,Desenvolvimento Pessoal,Livros,2251.76,4,Salvador/BA/Brasil,Boleto Bancário,Concluído
TX_11368,2025-10-03 19:24:00,CLI_315,Smartwatch,Eletrônicos,3478.24,4,Rio de Janeiro/RJ/Brasil,Pix,Concluído
TX_11369,2025-10-10 09:10:00,CLI_192,Tênis,Vestuário,1803.75,2,Salvador/BA/Brasil,Pix,Concluído
TX_11370,2025-03-01 17:38:00,CLI_774,Desenvolvimento Pessoal,Livros,2214.43,4,São Paulo/SP/Brasil,Cartão de Crédito,Cancelado
TX_11371,2025-07-13 22:28:00,CLI_702,Cafeteira,Casa,3155.94,3,Salvador/BA/Brasil,Boleto Bancário,Concluído
TX_11372,2025-08-04 16:13:00,CLI_442,Luminária,Casa,1188.3,1,Rio de Janeiro/RJ/Brasil,Cartão de Crédito,Concluído
TX_11373,2025-10-07 06:21:00,CLI_870,Jogo de Cama,Casa,90.8,5,Curitiba/PR/Brasil,Pix,Em Processamento
TX_11374,2025-05-05 08:37:00,CLI_840,História,Livros,1315.65,3,Curitiba/PR/Brasil,Pix,Cancelado
TX_11375,2026-01-26 17:18:00,CLI_210,Luminária,Casa,1482.14,3,Rio de Janeiro/RJ/Brasil,Boleto Bancário,Cancelado
TX_11376,2025-03-27 10:15:00,CLI_711,Notebook,Eletrônicos,3378.85,5,Salvador/BA/Brasil,Cartão de Crédito,Em Processamento
TX_11377,2025-01-28 03:05:00,CLI_416,Calça Jeans,Vestuário,2778.13,2,Bom Despacho/MG/Brasil,Pix,Cancelado
TX_11378,2025-01-01 22:28:00,CLI_251,Biografia,Livros,713.42,2,Curitiba/PR/Brasil,Pix,Concluído
TX_11379,2025-04-15 14:54:00,CLI_192,Notebook,Eletrônicos,2538.61,2,Rio de Janeiro/RJ/Brasil,Boleto Bancário,Em Processamento
TX_11380,2025-03-23 11:45:00,CLI_202,Luminária,Casa,1655.74,4,Curitiba/PR/Brasil,Boleto Bancário,Concluído
TX_11381,2025-12-28 08:17:00,CLI_881,História,Livros,3210.57,4,Curitiba/PR/Brasil,Cartão de Crédito,Concluído
TX_11382,2025-05-25 23:01:00,CLI_847,Jaqueta,Vestuário,3056.3,5,Bom Despacho/MG/Brasil,Pix,Em Processamento
TX_11383,2025-12-09 20:01:00,CLI_127,Fone de Ouvido,Eletrônicos,787.6,5,Curitiba/PR/Brasil,Cartão de Crédito,Concluído
TX_11384,2025-09-14 00:03:00,CLI_725,Cafeteira,Casa,2103.11,4,Bom Despacho/MG/Brasil,Cartão de Crédito,Concluído
TX_11385,2025-01-23 07:12:00,CLI_409,Jaqueta,Vestuário,1532.37,3,Rio de Janeiro/RJ/Brasil,Pix,Concluído
TX_11386,2025-06-09 13:12:00,CLI_791,Biografia,Livros,2877.14,1,Bom Despacho/MG/Brasil,Pix,Cancelado
TX_11387,2025-12-16 17:39:00,CLI_954,Calça Jeans,Vestuário,385.91,1,Curitiba/PR/Brasil,Pix,Concluído
TX_11388,2025-06-13 04:23:00,CLI_688,Ficção Científica,Livros,1781.79,4,Rio de Janeiro/RJ/Brasil,Cartão de Crédito,Cancelado
TX_11389,2025-06-05 14:30:00,CLI_364,História,Livros,2601.1,1,São Paulo/SP/Brasil,Boleto Bancário,Cancelado
TX_11390,2025-10-01 12:27:00,CLI_214,Cadeira Escritório,Casa,2752.45,4,Bom Despacho/MG/Brasil,Boleto Bancário,Cancelado
TX_11391,2025-06-22 20:08:00,CLI_364,Notebook,Eletrônicos,703.68,5,São Paulo/SP/Brasil,Boleto Bancário,Cancelado
TX_11392,2025-05-25 01:21:00,CLI_224,Ficção Científica,Livros,3039.62,4,Curitiba/PR/Brasil,Pix,Concluído
TX_11393,2025-06-22 23:02:00,CLI_403,Cafeteira,Casa,2687.42,1,Curitiba/PR/Brasil,Boleto Bancário,Concluído
TX_11394,2025-08-02 00:35:00,CLI_557,Tênis,Vestuário,1146.34,1,Bom Despacho/MG/Brasil,Boleto Bancário,Concluído
TX_11395,2026-01-14 13:31:00,CLI_354,Luminária,Casa,625.69,5,Salvador/BA/Brasil,Cartão de Crédito,Concluído
TX_11396,2025-05-21 11:47:00,CLI_569,Jaqueta,Vestuário,2416.14,2,Curitiba/PR/Brasil,Boleto Bancário,Em Processamento
TX_11397,2025-06-17 12:43:00,CLI_139,Ficção Científica,Livros,526.43,1,São Paulo/SP/Brasil,Pix,Em Processamento
TX_11398,2025-08-05 13:40:00,CLI_122,Fone de Ouvido,Eletrônicos,656.0,3,Bom Despacho/MG/Brasil,Boleto Bancário,Concluído
TX_11399,2025-10-20 08:54:00,CLI_410,Ficção Científica,Livros,2160.3,5,Rio de Janeiro/RJ/Brasil,Cartão de Crédito,Concluído
TX_11400,2026-01-25 14:54:00,CLI_381,Cadeira Escritório,Casa,2617.84,2,Rio de Janeiro/RJ/Brasil,Pix,Em Processamento
TX_11401,2025-12-14 09:43:00,CLI_379,Smartwatch,Eletrônicos,32.6,2,Rio de Janeiro/RJ/Brasil,Cartão de Crédito,Cancelado
TX_11402,2025-08-25 20:26:00,CLI_909,Tênis,Vestuário,3416.0,3,Bom Despacho/MG/Brasil,Cartão de Crédito,Concluído
TX_11403,2025-04-24 02:10:00,CLI_726,Camiseta,Vestuário,1018.09,5,Bom Despacho/MG/Brasil,Pix,Em Processamento
TX_11404,2025-07-19 16:14:00,CLI_671,Desenvolvimento Pessoal,Livros,58.8,3,Salvador/BA/Brasil,Pix,Concluído
TX_11405,2026-01-16 17:01:00,CLI_315,Biografia,Livros,1869.86,2,Curitiba/PR/Brasil,Boleto Bancário,Cancelado
TX_11406,2025-12-05 19:30:00,CLI_180,Cadeira Escritório,Casa,2215.37,5,São Paulo/SP/Brasil,Pix,Concluído
TX_11407,2025-05-30 10:45:00,CLI_562,Tênis,Vestuário,2365.64,1,Bom Despacho/MG/Brasil,Cartão de Crédito,Em Processamento
TX_11408,2025-08-09 14:10:00,CLI_883,Tênis,Vestuário,96.58,3,Salvador/BA/Brasil,Boleto Bancário,Cancelado
TX_11409,2025-03-09 12:55:00,CLI_721,Jaqueta,Vestuário,3321.63,1,Salvador/BA/Brasil,Cartão de Crédito,Cancelado
TX_11410,2025-10-20 09:52:00,CLI_282,Calça Jeans,Vestuário,3029.15,4,São Paulo/SP/Brasil,Boleto Bancário,Cancelado
TX_11411,2025-11-03 09:31:00,CLI_427,Jogo de Cama,Casa,2700.19,1,Curitiba/PR/Brasil,Boleto Bancário,Concluído
TX_11412,2025-09-11 15:50:00,CLI_393,Biografia,Livros,2894.09,4,Curitiba/PR/Brasil,Cartão de Crédito,Concluído
TX_11413,2025-09-30 11:24:00,CLI_881,Desenvolvimento Pessoal,Livros,1632.11,2,São Paulo/SP/Brasil,Boleto Bancário,Concluído
TX_11414,2025-07-30 06:26:00,CLI_751,História,Livros,116.21,2,Curitiba/PR/Brasil,Cartão de Crédito,Em Processamento
TX_11415,2025-06-16 20:48:00,CLI_355,Smartwatch,Eletrônicos,595.11,4,São Paulo/SP/Brasil,Boleto Bancário,Concluído
TX_11416,2025-12-01 13:17:00,CLI_665,Luminária,Casa,1797.0,2,Salvador/BA/Brasil,Cartão de Crédito,Cancelado
TX_11417,2025-08-30 06:49:00,CLI_430,Jogo de Cama,Casa,477.29,1,Rio de Janeiro/RJ/Brasil,Cartão de Crédito,Concluído
TX_11418,2025-12-17 20:35:00,CLI_554,História,Livros,3464.15,2,Rio de Janeiro/RJ/Brasil,Pix,Em Processamento
TX_11419,2025-05-06 15:46:00,CLI_839,Fone de Ouvido,Eletrônicos,3369.22,1,Rio de Janeiro/RJ/Brasil,Boleto Bancário,Concluído
TX_11420,2025-02-06 14:14:00,CLI_366,História,Livros,3093.5,5,Curitiba/PR/Brasil,Cartão de Crédito,Em Processamento
TX_11421,2026-01-07 02:02:00,CLI_399,Smartwatch,Eletrônicos,2843.64,1,Curitiba/PR/Brasil,Pix,Cancelado
TX_11422,2025-02-23 04:58:00,CLI_967,História,Livros,929.81,5,São Paulo/SP/Brasil,Cartão de Crédito,Concluído
TX_11423,2025-03-14 08:17:00,CLI_914,Cadeira Escritório,Casa,1696.83,3,Bom Despacho/MG/Brasil,Cartão de Crédito,Concluído
TX_11424,2026-01-21 08:21:00,CLI_875,Smartwatch,Eletrônicos,921.1,3,Curitiba/PR/Brasil,Boleto Bancário,Cancelado
TX_11425,2025-10-18 09:23:00,CLI_708,Cadeira Escritório,Casa,139.57,2,Bom Despacho/MG/Brasil,Cartão de Crédito,Em Processamento
TX_11426,2025-07-09 19:14:00,CLI_471,Luminária,Casa,2502.6,3,Rio de Janeiro/RJ/Brasil,Boleto Bancário,Concluído
TX_11427,2025-12-11 10:03:00,CLI_258,Cadeira Escritório,Casa,2606.91,2,Curitiba/PR/Brasil,Cartão de Crédito,Em Processamento
TX_11428,2025-11-23 07:46:00,CLI_128,Cadeira Escritório,Casa,2980.45,5,Bom Despacho/MG/Brasil,Pix,Concluído
TX_11429,2026-01-05 17:21:00,CLI_863,Fone de Ouvido,Eletrônicos,3047.76,5,Bom Despacho/MG/Brasil,Pix,Cancelado
TX_11430,2025-10-28 17:06:00,CLI_421,Tênis,Vestuário,1838.83,4,Rio de Janeiro/RJ/Brasil,Pix,Concluído
TX_11431,2025-07-14 00:29:00,CLI_784,Biografia,Livros,3315.11,3,Curitiba/PR/Brasil,Cartão de Crédito,Concluído
TX_11432,2025-05-23 20:46:00,CLI_896,Calça Jeans,Vestuário,2554.73,1,Rio de Janeiro/RJ/Brasil,Boleto Bancário,Concluído
TX_11433,2025-10-19 21:47:00,CLI_112,Cadeira Escritório,Casa,2942.32,5,Curitiba/PR/Brasil,Cartão de Crédito,Concluído
TX_11434,2025-11-17 03:22:00,CLI_437,Luminária,Casa,1783.35,3,Curitiba/PR/Brasil,Boleto Bancário,Em Processamento
TX_11435,2025-10-18 17:50:00,CLI_353,Smartphone,Eletrônicos,867.75,2,Curitiba/PR/Brasil,Boleto Bancário,Concluído
TX_11436,2025-01-21 20:47:00,CLI_372,Jaqueta,Vestuário,1938.64,1,Rio de Janeiro/RJ/Brasil,Boleto Bancário,Concluído
TX_11437,2025-06-05 02:04:00,CLI_312,Notebook,Eletrônicos,808.14,5,Salvador/BA/Brasil,Boleto Bancário,Cancelado
TX_11438,2026-02-05 01:44:00,CLI_426,Ficção Científica,Livros,2768.21,1,Salvador/BA/Brasil,Cartão de Crédito,Cancelado
TX_11439,2025-09-01 06:44:00,CLI_202,Smartwatch,Eletrônicos,1905.16,2,São Paulo/SP/Brasil,Boleto Bancário,Cancelado
TX_11440,2025-08-09 03:48:00,CLI_837,Luminária,Casa,3104.51,2,Salvador/BA/Brasil,Boleto Bancário,Em Processamento
TX_11441,2026-01-22 13:53:00,CLI_715,Ficção Científica,Livros,958.54,2,Bom Despacho/MG/Brasil,Pix,Em Processamento
TX_11442,2025-05-16 18:09:00,CLI_354,Desenvolvimento Pessoal,Livros,1203.88,5,Bom Despacho/MG/Brasil,Boleto Bancário,Concluído
TX_11443,2025-09-07 00:13:00,CLI_426,Ficção Científica,Livros,3128.38,5,Rio de Janeiro/RJ/Brasil,Pix,Cancelado
TX_11444,2026-01-25 14:44:00,CLI_789,Calça Jeans,Vestuário,1076.67,4,São Paulo/SP/Brasil,Pix,Em Processamento
TX_11445,2026-01-26 07:54:00,CLI_318,Calça Jeans,Vestuário,1085.59,3,São Paulo/SP/Brasil,Pix,Em Processamento
TX_11446,2025-11-09 07:10:00,CLI_684,Ficção Científica,Livros,2356.53,3,Bom Despacho/MG/Brasil,Cartão de Crédito,Concluído
TX_11447,2025-11-09 22:36:00,CLI_260,Biografia,Livros,1150.0,5,Rio de Janeiro/RJ/Brasil,Pix,Em Processamento
TX_11448,2025-05-15 16:06:00,CLI_976,Desenvolvimento Pessoal,Livros,2923.02,3,Rio de Janeiro/RJ/Brasil,Cartão de Crédito,Concluído
TX_11449,2025-08-19 10:30:00,CLI_535,Cafeteira,Casa,1978.05,4,Bom Despacho/MG/Brasil,Cartão de Crédito,Cancelado
TX_11450,2025-11-27 04:46:00,CLI_567,Smartwatch,Eletrônicos,2688.16,1,Bom Despacho/MG/Brasil,Boleto Bancário,Concluído
TX_11451,2025-07-11 00:48:00,CLI_429,Tênis,Vestuário,1504.83,4,Bom Despacho/MG/Brasil,Pix,Em Processamento
TX_11452,2025-09-15 15:01:00,CLI_976,Calça Jeans,Vestuário,969.76,1,Salvador/BA/Brasil,Cartão de Crédito,Concluído
TX_11453,2025-08-29 01:34:00,CLI_899,Cadeira Escritório,Casa,2313.07,4,Salvador/BA/Brasil,Cartão de Crédito,Concluído
TX_11454,2025-01-29 21:49:00,CLI_450,Ficção Científica,Livros,977.02,3,São Paulo/SP/Brasil,Pix,Concluído
TX_11455,2026-01-19 02:31:00,CLI_432,Smartwatch,Eletrônicos,3420.47,4,Rio de Janeiro/RJ/Brasil,Cartão de Crédito,Concluído
TX_11456,2025-02-15 14:57:00,CLI_351,Jogo de Cama,Casa,1157.53,5,Salvador/BA/Brasil,Boleto Bancário,Concluído
TX_11457,2026-01-31 02:19:00,CLI_991,Luminária,Casa,2753.86,3,Rio de Janeiro/RJ/Brasil,Pix,Cancelado
TX_11458,2025-08-28 07:46:00,CLI_571,Calça Jeans,Vestuário,1277.28,2,Bom Despacho/MG/Brasil,Boleto Bancário,Concluído
TX_11459,2025-03-03 21:55:00,CLI_520,Luminária,Casa,1504.25,4,Rio de Janeiro/RJ/Brasil,Cartão de Crédito,Em Processamento
TX_11460,2025-10-17 14:55:00,CLI_132,Fone de Ouvido,Eletrônicos,3359.86,3,São Paulo/SP/Brasil,Boleto Bancário,Cancelado
TX_11461,2026-01-12 02:34:00,CLI_678,Cafeteira,Casa,336.12,5,São Paulo/SP/Brasil,Cartão de Crédito,Em Processamento
TX_11462,2025-08-28 20:49:00,CLI_765,Camiseta,Vestuário,3475.43,1,Salvador/BA/Brasil,Boleto Bancário,Cancelado
TX_11463,2026-01-14 05:11:00,CLI_766,Cadeira Escritório,Casa,1166.55,2,Curitiba/PR/Brasil,Boleto Bancário,Em Processamento
TX_11464,2026-02-04 23:38:00,CLI_857,Cadeira Escritório,Casa,2873.43,4,Salvador/BA/Brasil,Cartão de Crédito,Cancelado
TX_11465,2025-07-19 00:38:00,CLI_108,Luminária,Casa,799.93,4,Salvador/BA/Brasil,Cartão de Crédito,Concluído
TX_11466,2025-08-23 22:18:00,CLI_781,Tênis,Vestuário,713.16,5,Salvador/BA/Brasil,Pix,Em Processamento
TX_11467,2025-04-16 10:31:00,CLI_285,Calça Jeans,Vestuário,366.62,5,Rio de Janeiro/RJ/Brasil,Boleto Bancário,Concluído
TX_11468,2025-06-17 10:45:00,CLI_335,Tênis,Vestuário,2308.71,2,São Paulo/SP/Brasil,Pix,Concluído
TX_11469,2025-04-22 12:07:00,CLI_127,Desenvolvimento Pessoal,Livros,493.53,4,Rio de Janeiro/RJ/Brasil,Cartão de Crédito,Cancelado
TX_11470,2025-07-14 01:40:00,CLI_557,Smartwatch,Eletrônicos,1543.34,2,Rio de Janeiro/RJ/Brasil,Cartão de Crédito,Cancelado
TX_11471,2025-09-17 19:44:00,CLI_841,Smartphone,Eletrônicos,1814.99,2,Rio de Janeiro/RJ/Brasil,Cartão de Crédito,Concluído
TX_11472,2025-08-01 06:31:00,CLI_315,Desenvolvimento Pessoal,Livros,3448.26,5,Bom Despacho/MG/Brasil,Pix,Cancelado
TX_11473,2025-01-09 00:14:00,CLI_489,Luminária,Casa,2814.89,4,Curitiba/PR/Brasil,Cartão de Crédito,Concluído
TX_11474,2025-08-11 22:15:00,CLI_407,Cafeteira,Casa,814.32,1,São Paulo/SP/Brasil,Boleto Bancário,Cancelado
TX_11475,2026-01-09 22:05:00,CLI_431,Ficção Científica,Livros,173.11,2,Bom Despacho/MG/Brasil,Cartão de Crédito,Em Processamento
TX_11476,2025-03-21 04:47:00,CLI_811,Notebook,Eletrônicos,1652.3,1,Salvador/BA/Brasil,Cartão de Crédito,Em Processamento
TX_11477,2025-11-13 14:09:00,CLI_943,Tênis,Vestuário,563.83,2,Bom Despacho/MG/Brasil,Cartão de Crédito,Em Processamento
TX_11478,2025-02-26 05:32:00,CLI_130,Calça Jeans,Vestuário,1748.98,3,Bom Despacho/MG/Brasil,Pix,Concluído
TX_11479,2025-01-14 11:19:00,CLI_129,Cafeteira,Casa,3112.54,1,São Paulo/SP/Brasil,Boleto Bancário,Concluído
TX_11480,2025-07-13 20:25:00,CLI_839,Ficção Científica,Livros,1845.34,2,Salvador/BA/Brasil,Cartão de Crédito,Concluído
TX_11481,2025-08-03 02:15:00,CLI_215,Jogo de Cama,Casa,3391.03,4,São Paulo/SP/Brasil,Pix,Em Processamento
TX_11482,2025-11-23 00:01:00,CLI_418,Biografia,Livros,1674.71,3,Salvador/BA/Brasil,Cartão de Crédito,Concluído
TX_11483,2025-09-10 19:29:00,CLI_300,Luminária,Casa,453.53,5,Curitiba/PR/Brasil,Cartão de Crédito,Concluído
TX_11484,2026-01-03 13:47:00,CLI_389,Camiseta,Vestuário,,1,São Paulo/SP/Brasil,Cartão de Crédito,Concluído
TX_11485,2025-06-18 15:46:00,CLI_784,Jogo de Cama,Casa,2073.88,5,Bom Despacho/MG/Brasil,Boleto Bancário,Concluído
TX_11486,2025-07-11 22:34:00,CLI_248,Tênis,Vestuário,2034.1,1,Curitiba/PR/Brasil,Boleto Bancário,Cancelado
TX_11487,2025-01-08 04:52:00,CLI_749,Notebook,Eletrônicos,133.89,2,Rio de Janeiro/RJ/Brasil,Cartão de Crédito,Cancelado
TX_11488,2025-09-04 16:30:00,CLI_978,Luminária,Casa,1213.5,5,Salvador/BA/Brasil,Pix,Cancelado
TX_11489,2025-05-15 18:37:00,CLI_550,Jaqueta,Vestuário,425.6,3,Salvador/BA/Brasil,Boleto Bancário,Em Processamento
TX_11490,2025-05-11 11:38:00,CLI_926,Cafeteira,Casa,3053.82,5,Rio de Janeiro/RJ/Brasil,Pix,Concluído
TX_11491,2026-02-05 12:28:00,CLI_536,Cafeteira,Casa,2253.39,5,São Paulo/SP/Brasil,Cartão de Crédito,Concluído
TX_11492,2025-03-03 18:47:00,CLI_829,Jaqueta,Vestuário,1045.56,3,São Paulo/SP/Brasil,Pix,Cancelado
TX_11493,2025-04-04 13:34:00,CLI_939,Ficção Científica,Livros,3295.26,5,Salvador/BA/Brasil,Cartão de Crédito,Concluído
TX_11494,2026-01-11 12:04:00,CLI_638,Camiseta,Vestuário,2109.26,2,Rio de Janeiro/RJ/Brasil,Boleto Bancário,Em Processamento
TX_11495,2025-04-28 23:40:00,CLI_643,Fone de Ouvido,Eletrônicos,596.14,2,Salvador/BA/Brasil,Cartão de Crédito,Concluído
TX_11496,2025-11-09 14:28:00,CLI_978,Calça Jeans,Vestuário,719.65,1,Salvador/BA/Brasil,Pix,Concluído
TX_11497,2025-08-28 10:59:00,CLI_239,História,Livros,2529.59,3,Curitiba/PR/Brasil,Cartão de Crédito,Concluído
TX_11498,2026-01-11 20:55:00,CLI_708,Cafeteira,Casa,3358.08,1,Rio de Janeiro/RJ/Brasil,Pix,Concluído
TX_11499,2026-01-27 08:16:00,CLI_500,Jaqueta,Vestuário,2755.3,4,Rio de Janeiro/RJ/Brasil,Pix,Em Processamento
TX_11500,2025-02-06 07:43:00,CLI_382,Calça Jeans,Vestuário,504.43,4,Bom Despacho/MG/Brasil,Cartão de Crédito,Em Processamento
TX_11501,2025-03-14 22:56:00,CLI_382,Calça Jeans,Vestuário,2665.64,1,Curitiba/PR/Brasil,Boleto Bancário,Concluído
TX_11502,2025-08-30 07:55:00,CLI_776,Luminária,Casa,1542.38,1,Salvador/BA/Brasil,Boleto Bancário,Em Processamento
TX_11503,2026-01-22 11:39:00,CLI_996,Biografia,Livros,963.28,1,São Paulo/SP/Brasil,Pix,Concluído
TX_11504,2025-10-27 05:44:00,CLI_997,Smartwatch,Eletrônicos,2488.52,4,Curitiba/PR/Brasil,Pix,Concluído
TX_11505,2025-11-03 12:22:00,CLI_347,Smartphone,Eletrônicos,3044.72,4,Salvador/BA/Brasil,Boleto Bancário,Cancelado
TX_11506,2026-01-30 09:33:00,CLI_962,Ficção Científica,Livros,2538.32,3,São Paulo/SP/Brasil,Pix,Em Processamento
TX_11507,2025-07-02 02:50:00,CLI_113,Cadeira Escritório,Casa,367.44,4,Bom Despacho/MG/Brasil,Cartão de Crédito,Em Processamento
TX_11508,2025-08-11 22:43:00,CLI_372,Biografia,Livros,377.32,4,Salvador/BA/Brasil,Boleto Bancário,Em Processamento
TX_11509,2025-11-05 03:40:00,CLI_704,História,Livros,2936.15,1,São Paulo/SP/Brasil,Boleto Bancário,Concluído
TX_11510,2025-10-25 22:57:00,CLI_826,Notebook,Eletrônicos,3164.71,4,Bom Despacho/MG/Brasil,Pix,Concluído
TX_11511,2025-10-21 17:50:00,CLI_138,Cadeira Escritório,Casa,3291.59,4,Curitiba/PR/Brasil,Boleto Bancário,Concluído
TX_11512,2025-11-19 11:13:00,CLI_201,Calça Jeans,Vestuário,1033.58,4,São Paulo/SP/Brasil,Cartão de Crédito,Cancelado
TX_11513,2025-06-30 08:29:00,CLI_383,Cafeteira,Casa,1569.33,1,Bom Despacho/MG/Brasil,Pix,Cancelado
TX_11514,2025-10-13 18:40:00,CLI_763,Jogo de Cama,Casa,1136.76,4,Rio de Janeiro/RJ/Brasil,Pix,Concluído
TX_11515,2025-06-30 21:02:00,CLI_651,Ficção Científica,Livros,2593.41,2,Bom Despacho/MG/Brasil,Pix,Concluído
TX_11516,2025-06-10 21:13:00,CLI_609,Smartphone,Eletrônicos,2243.57,4,Curitiba/PR/Brasil,Cartão de Crédito,Concluído
TX_11517,2025-08-13 12:20:00,CLI_872,Desenvolvimento Pessoal,Livros,569.87,2,Bom Despacho/MG/Brasil,Pix,Concluído
TX_11518,2025-06-08 17:16:00,CLI_817,Notebook,Eletrônicos,2253.44,3,Salvador/BA/Brasil,Boleto Bancário,Em Processamento
TX_11519,2025-12-23 02:35:00,CLI_303,Jaqueta,Vestuário,340.37,5,Salvador/BA/Brasil,Boleto Bancário,Cancelado
TX_11520,2025-09-30 12:04:00,CLI_506,Jogo de Cama,Casa,478.62,4,Bom Despacho/MG/Brasil,Cartão de Crédito,Concluído
TX_11521,2025-08-15 01:23:00,CLI_351,Fone de Ouvido,Eletrônicos,1924.74,3,Rio de Janeiro/RJ/Brasil,Cartão de Crédito,Cancelado
TX_11522,2025-04-26 15:01:00,CLI_763,Calça Jeans,Vestuário,2843.17,2,Rio de Janeiro/RJ/Brasil,Cartão de Crédito,Concluído
TX_11523,2025-09-05 14:58:00,CLI_524,Camiseta,Vestuário,1953.78,5,Salvador/BA/Brasil,Cartão de Crédito,Cancelado
TX_11524,2025-07-18 08:55:00,CLI_823,Jaqueta,Vestuário,2791.84,3,Salvador/BA/Brasil,Pix,Cancelado
TX_11525,2025-06-13 18:26:00,CLI_465,Cafeteira,Casa,283.49,2,Rio de Janeiro/RJ/Brasil,Pix,Concluído
TX_11526,2025-12-29 16:14:00,CLI_648,Camiseta,Vestuário,1107.49,5,Salvador/BA/Brasil,Cartão de Crédito,Concluído
TX_11527,2025-10-22 01:48:00,CLI_571,Jaqueta,Vestuário,2171.54,4,Bom Despacho/MG/Brasil,Boleto Bancário,Cancelado
TX_11528,2025-10-14 15:18:00,CLI_672,Notebook,Eletrônicos,2281.22,3,São Paulo/SP/Brasil,Pix,Concluído
TX_11529,2026-01-04 09:25:00,CLI_683,Fone de Ouvido,Eletrônicos,893.26,1,São Paulo/SP/Brasil,Boleto Bancário,Em Processamento
TX_11530,2025-07-22 07:20:00,CLI_777,História,Livros,1590.61,5,Rio de Janeiro/RJ/Brasil,Boleto Bancário,Concluído
TX_11531,2025-09-18 13:53:00,CLI_247,Jogo de Cama,Casa,2685.56,5,Salvador/BA/Brasil,Pix,Concluído
TX_11532,2025-03-03 02:25:00,CLI_728,Fone de Ouvido,Eletrônicos,236.75,4,Salvador/BA/Brasil,Boleto Bancário,Concluído
TX_11533,2026-02-01 06:07:00,CLI_955,Calça Jeans,Vestuário,646.61,4,Salvador/BA/Brasil,Boleto Bancário,Concluído
TX_11534,2025-07-26 19:35:00,CLI_817,Luminária,Casa,3322.37,4,São Paulo/SP/Brasil,Pix,Cancelado
TX_11535,2025-04-04 03:16:00,CLI_418,Biografia,Livros,1252.72,4,Bom Despacho/MG/Brasil,Pix,Cancelado
TX_11536,2025-07-25 06:50:00,CLI_332,Notebook,Eletrônicos,1238.93,1,Bom Despacho/MG/Brasil,Pix,Cancelado
TX_11537,2025-11-07 02:04:00,CLI_670,Fone de Ouvido,Eletrônicos,221.12,3,São Paulo/SP/Brasil,Cartão de Crédito,Concluído
TX_11538,2025-06-17 13:07:00,CLI_413,Smartphone,Eletrônicos,111.37,5,São Paulo/SP/Brasil,Boleto Bancário,Concluído
TX_11539,2025-11-22 21:11:00,CLI_610,Notebook,Eletrônicos,648.53,2,Rio de Janeiro/RJ/Brasil,Pix,Concluído
TX_11540,2025-04-01 15:02:00,CLI_823,Tênis,Vestuário,2963.22,2,Salvador/BA/Brasil,Boleto Bancário,Concluído
TX_11541,2025-01-20 18:20:00,CLI_912,Ficção Científica,Livros,3293.35,3,Salvador/BA/Brasil,Pix,Concluído
TX_11542,2025-09-23 05:42:00,CLI_202,Jogo de Cama,Casa,1749.31,5,Salvador/BA/Brasil,Cartão de Crédito,Em Processamento
TX_11543,2025-07-19 15:17:00,CLI_219,Cadeira Escritório,Casa,2345.44,1,Salvador/BA/Brasil,Pix,Concluído
TX_11544,2025-09-09 06:25:00,CLI_913,Jogo de Cama,Casa,1423.93,3,Rio de Janeiro/RJ/Brasil,Cartão de Crédito,Cancelado
TX_11545,2025-09-27 19:13:00,CLI_688,Smartphone,Eletrônicos,2462.19,5,Bom Despacho/MG/Brasil,Pix,Em Processamento
TX_11546,2025-03-11 15:17:00,CLI_881,Tênis,Vestuário,705.17,4,Bom Despacho/MG/Brasil,Pix,Cancelado
TX_11547,2025-01-13 16:46:00,CLI_206,Ficção Científica,Livros,1135.48,4,Curitiba/PR/Brasil,Boleto Bancário,Cancelado
TX_11548,2026-01-30 23:20:00,CLI_815,Cadeira Escritório,Casa,207.08,1,Bom Despacho/MG/Brasil,Cartão de Crédito,Concluído
TX_11549,2026-01-14 01:38:00,CLI_647,Jogo de Cama,Casa,112.45,3,Bom Despacho/MG/Brasil,Pix,Concluído
TX_11550,2026-01-14 17:21:00,CLI_636,Luminária,Casa,2974.53,5,Curitiba/PR/Brasil,Pix,Concluído
TX_11551,2025-04-06 07:33:00,CLI_829,Camiseta,Vestuário,1131.28,2,Curitiba/PR/Brasil,Pix,Concluído
TX_11552,2025-04-16 23:31:00,CLI_219,Smartphone,Eletrônicos,3236.23,1,Curitiba/PR/Brasil,Cartão de Crédito,Concluído
TX_11553,2025-07-10 13:43:00,CLI_145,Jaqueta,Vestuário,558.41,5,Rio de Janeiro/RJ/Brasil,Cartão de Crédito,Em Processamento
TX_11554,2025-12-30 21:22:00,CLI_417,Cadeira Escritório,Casa,728.99,3,Salvador/BA/Brasil,Pix,Concluído
TX_11555,2025-05-23 06:28:00,CLI_936,História,Livros,2730.6,3,Curitiba/PR/Brasil,Boleto Bancário,Concluído
TX_11556,2025-03-07 22:37:00,CLI_806,Ficção Científica,Livros,792.07,1,Curitiba/PR/Brasil,Cartão de Crédito,Concluído
TX_11557,2025-10-02 11:10:00,CLI_271,Ficção Científica,Livros,3303.11,3,Rio de Janeiro/RJ/Brasil,Boleto Bancário,Cancelado
TX_11558,2025-10-19 08:55:00,CLI_211,Cafeteira,Casa,2667.05,4,Bom Despacho/MG/Brasil,Cartão de Crédito,Concluído
TX_11559,2025-09-23 01:13:00,CLI_580,Biografia,Livros,1683.69,1,Rio de Janeiro/RJ/Brasil,Cartão de Crédito,Concluído
TX_11560,2026-01-26 23:40:00,CLI_925,Biografia,Livros,249.89,4,São Paulo/SP/Brasil,Boleto Bancário,Concluído
TX_11561,2025-11-02 01:24:00,CLI_778,Biografia,Livros,3268.65,2,Curitiba/PR/Brasil,Cartão de Crédito,Concluído
TX_11562,2025-06-24 08:33:00,CLI_279,Smartphone,Eletrônicos,1235.16,2,Rio de Janeiro/RJ/Brasil,Boleto Bancário,Concluído
TX_11563,2025-05-30 17:15:00,CLI_165,História,Livros,799.95,2,Rio de Janeiro/RJ/Brasil,Pix,Cancelado
TX_11564,2025-05-06 20:32:00,CLI_641,Smartwatch,Eletrônicos,1018.01,2,São Paulo/SP/Brasil,Cartão de Crédito,Em Processamento
TX_11565,2025-12-17 02:13:00,CLI_519,Luminária,Casa,1820.39,1,São Paulo/SP/Brasil,Boleto Bancário,Concluído
TX_11566,2025-03-15 03:32:00,CLI_800,Cafeteira,Casa,829.31,4,São Paulo/SP/Brasil,Cartão de Crédito,Em Processamento
TX_11567,2025-03-03 07:39:00,CLI_880,Smartwatch,Eletrônicos,2204.58,5,Salvador/BA/Brasil,Boleto Bancário,Concluído
TX_11568,2025-11-27 13:10:00,CLI_389,Smartwatch,Eletrônicos,2404.35,4,Salvador/BA/Brasil,Pix,Concluído
TX_11569,2025-11-22 15:31:00,CLI_590,Desenvolvimento Pessoal,Livros,3219.2,2,Bom Despacho/MG/Brasil,Pix,Em Processamento
TX_11570,2025-05-27 21:44:00,CLI_848,Jogo de Cama,Casa,622.62,4,Rio de Janeiro/RJ/Brasil,Pix,Concluído
TX_11571,2025-06-03 04:54:00,CLI_143,Luminária,Casa,1617.86,5,Curitiba/PR/Brasil,Cartão de Crédito,Cancelado
TX_11572,2025-07-27 14:22:00,CLI_527,Tênis,Vestuário,1620.13,4,Rio de Janeiro/RJ/Brasil,Pix,Cancelado
TX_11573,2025-06-16 22:42:00,CLI_508,Desenvolvimento Pessoal,Livros,478.9,5,Bom Despacho/MG/Brasil,Cartão de Crédito,Concluído
TX_11574,2025-04-10 22:30:00,CLI_902,Calça Jeans,Vestuário,2171.78,4,Salvador/BA/Brasil,Boleto Bancário,Cancelado
TX_11575,2025-07-21 04:49:00,CLI_581,Cafeteira,Casa,393.65,4,Rio de Janeiro/RJ/Brasil,Pix,Em Processamento
TX_11576,2025-04-22 11:31:00,CLI_664,Ficção Científica,Livros,3116.39,4,Rio de Janeiro/RJ/Brasil,Boleto Bancário,Cancelado
TX_11577,2025-12-22 07:02:00,CLI_495,Jaqueta,Vestuário,1992.36,2,São Paulo/SP/Brasil,Pix,Em Processamento
TX_11578,2026-02-05 06:45:00,CLI_254,Jaqueta,Vestuário,1448.34,4,Salvador/BA/Brasil,Cartão de Crédito,Concluído
TX_11579,2026-01-26 20:54:00,CLI_643,Desenvolvimento Pessoal,Livros,2577.58,1,Salvador/BA/Brasil,Boleto Bancário,Concluído
TX_11580,2025-01-05 01:48:00,CLI_439,Smartphone,Eletrônicos,2986.31,3,São Paulo/SP/Brasil,Pix,Concluído
TX_11581,2025-02-03 12:23:00,CLI_738,Calça Jeans,Vestuário,3183.72,5,Bom Despacho/MG/Brasil,Pix,Cancelado
TX_11582,2025-06-05 03:27:00,CLI_921,Jogo de Cama,Casa,1973.18,2,Bom Despacho/MG/Brasil,Cartão de Crédito,Cancelado
TX_11583,2025-10-15 18:51:00,CLI_743,Smartwatch,Eletrônicos,1651.44,3,Rio de Janeiro/RJ/Brasil,Boleto Bancário,Concluído
TX_11584,2025-02-19 01:20:00,CLI_238,Notebook,Eletrônicos,3082.61,4,Curitiba/PR/Brasil,Pix,Cancelado
TX_11585,2025-12-19 12:22:00,CLI_551,Camiseta,Vestuário,2053.35,2,Salvador/BA/Brasil,Pix,Concluído
TX_11586,2025-02-13 12:37:00,CLI_170,Desenvolvimento Pessoal,Livros,632.67,5,Bom Despacho/MG/Brasil,Pix,Cancelado
TX_11587,2025-11-21 10:56:00,CLI_399,Camiseta,Vestuário,2494.26,1,Rio de Janeiro/RJ/Brasil,Pix,Em Processamento
TX_11588,2025-10-30 14:15:00,CLI_273,Ficção Científica,Livros,1287.78,3,Salvador/BA/Brasil,Cartão de Crédito,Em Processamento
TX_11589,2025-06-13 05:41:00,CLI_153,Luminária,Casa,2278.18,3,Curitiba/PR/Brasil,Pix,Cancelado
TX_11590,2025-05-20 22:24:00,CLI_569,Desenvolvimento Pessoal,Livros,2313.05,3,São Paulo/SP/Brasil,Boleto Bancário,Concluído
TX_11591,2025-01-10 10:19:00,CLI_489,Camiseta,Vestuário,710.75,4,Salvador/BA/Brasil,Pix,Cancelado
TX_11592,2025-06-21 12:31:00,CLI_922,Fone de Ouvido,Eletrônicos,1801.36,4,Curitiba/PR/Brasil,Pix,Concluído
TX_11593,2025-10-10 06:35:00,CLI_600,Tênis,Vestuário,,1,Bom Despacho/MG/Brasil,Pix,Concluído
TX_11594,2025-03-07 03:39:00,CLI_348,Luminária,Casa,274.33,3,São Paulo/SP/Brasil,Cartão de Crédito,Concluído
TX_11595,2025-01-05 00:27:00,CLI_854,Camiseta,Vestuário,2827.35,5,São Paulo/SP/Brasil,Cartão de Crédito,Concluído
TX_11596,2025-11-10 04:09:00,CLI_157,Desenvolvimento Pessoal,Livros,,2,São Paulo/SP/Brasil,Boleto Bancário,Concluído
TX_11597,2025-01-02 14:46:00,CLI_910,Camiseta,Vestuário,2404.32,2,São Paulo/SP/Brasil,Cartão de Crédito,Concluído
TX_11598,2025-04-09 16:14:00,CLI_937,Desenvolvimento Pessoal,Livros,702.59,4,Salvador/BA/Brasil,Boleto Bancário,Concluído
TX_11599,2025-02-01 15:06:00,CLI_289,Desenvolvimento Pessoal,Livros,1783.93,1,Salvador/BA/Brasil,Cartão de Crédito,Concluído
TX_11600,2025-10-22 06:27:00,CLI_816,Jogo de Cama,Casa,447.18,1,Salvador/BA/Brasil,Cartão de Crédito,Concluído
TX_11601,2025-07-22 21:41:00,CLI_956,Jogo de Cama,Casa,2079.19,5,Rio de Janeiro/RJ/Brasil,Pix,Em Processamento
TX_11602,2025-05-09 11:46:00,CLI_853,Jogo de Cama,Casa,854.09,1,Curitiba/PR/Brasil,Boleto Bancário,Concluído
TX_11603,2025-02-01 02:08:00,CLI_605,Jogo de Cama,Casa,1214.62,1,São Paulo/SP/Brasil,Boleto Bancário,Cancelado
TX_11604,2026-01-17 23:01:00,CLI_190,Smartwatch,Eletrônicos,1124.62,3,São Paulo/SP/Brasil,Boleto Bancário,Em Processamento
TX_11605,2025-08-19 12:13:00,CLI_860,Fone de Ouvido,Eletrônicos,2841.21,3,Bom Despacho/MG/Brasil,Pix,Concluído
TX_11606,2026-01-17 06:29:00,CLI_333,Desenvolvimento Pessoal,Livros,2061.49,1,Salvador/BA/Brasil,Boleto Bancário,Concluído
TX_11607,2025-06-16 13:45:00,CLI_574,História,Livros,3042.36,4,Curitiba/PR/Brasil,Pix,Concluído
TX_11608,2025-01-13 04:45:00,CLI_907,Jaqueta,Vestuário,1118.78,2,Curitiba/PR/Brasil,Pix,Concluído
TX_11609,2025-03-19 20:14:00,CLI_288,Smartwatch,Eletrônicos,771.22,1,Rio de Janeiro/RJ/Brasil,Pix,Cancelado
TX_11610,2025-04-12 00:44:00,CLI_609,Tênis,Vestuário,1381.93,3,Bom Despacho/MG/Brasil,Boleto Bancário,Concluído
TX_11611,2025-11-07 17:02:00,CLI_543,Calça Jeans,Vestuário,1531.35,2,Curitiba/PR/Brasil,Pix,Concluído
TX_11612,2025-06-15 16:16:00,CLI_722,Luminária,Casa,1023.29,2,São Paulo/SP/Brasil,Boleto Bancário,Cancelado
TX_11613,2025-01-07 10:30:00,CLI_746,Jaqueta,Vestuário,567.73,3,Curitiba/PR/Brasil,Boleto Bancário,Em Processamento
TX_11614,2025-03-08 18:04:00,CLI_388,Ficção Científica,Livros,1203.72,3,Salvador/BA/Brasil,Boleto Bancário,Concluído
TX_11615,2025-01-10 15:15:00,CLI_478,Cadeira Escritório,Casa,1468.25,2,São Paulo/SP/Brasil,Pix,Concluído
TX_11616,2025-10-12 11:37:00,CLI_691,Cadeira Escritório,Casa,2781.46,2,Bom Despacho/MG/Brasil,Cartão de Crédito,Concluído
TX_11617,2025-09-08 19:13:00,CLI_581,Calça Jeans,Vestuário,3118.59,3,Rio de Janeiro/RJ/Brasil,Boleto Bancário,Concluído
TX_11618,2025-06-14 02:46:00,CLI_641,Biografia,Livros,1725.93,5,Salvador/BA/Brasil,Boleto Bancário,Concluído
TX_11619,2026-02-03 06:35:00,CLI_910,Smartwatch,Eletrônicos,2698.26,2,Curitiba/PR/Brasil,Pix,Concluído
TX_11620,2025-11-21 00:06:00,CLI_435,Biografia,Livros,1256.25,5,Rio de Janeiro/RJ/Brasil,Pix,Em Processamento
TX_11621,2025-09-06 10:43:00,CLI_719,Tênis,Vestuário,3093.0,2,Bom Despacho/MG/Brasil,Boleto Bancário,Concluído
TX_11622,2026-01-12 06:39:00,CLI_636,Fone de Ouvido,Eletrônicos,2798.99,3,São Paulo/SP/Brasil,Cartão de Crédito,Cancelado
TX_11623,2025-05-14 06:58:00,CLI_247,Ficção Científica,Livros,1046.92,1,Bom Despacho/MG/Brasil,Boleto Bancário,Cancelado
TX_11624,2026-02-02 05:02:00,CLI_557,Fone de Ouvido,Eletrônicos,2196.23,5,Curitiba/PR/Brasil,Cartão de Crédito,Em Processamento
TX_11625,2025-05-21 15:33:00,CLI_382,Desenvolvimento Pessoal,Livros,704.27,5,São Paulo/SP/Brasil,Pix,Concluído
TX_11626,2025-01-09 04:13:00,CLI_153,Calça Jeans,Vestuário,3039.07,5,Bom Despacho/MG/Brasil,Pix,Concluído
TX_11627,2025-10-09 00:52:00,CLI_743,Tênis,Vestuário,1528.39,3,Curitiba/PR/Brasil,Pix,Concluído
TX_11628,2025-06-15 19:18:00,CLI_874,Luminária,Casa,1996.33,5,Bom Despacho/MG/Brasil,Cartão de Crédito,Concluído
TX_11629,2025-03-13 05:10:00,CLI_204,Ficção Científica,Livros,1836.89,2,São Paulo/SP/Brasil,Cartão de Crédito,Concluído
TX_11630,2025-07-31 11:43:00,CLI_868,Cafeteira,Casa,257.47,4,São Paulo/SP/Brasil,Boleto Bancário,Concluído
TX_11631,2025-10-08 03:03:00,CLI_933,História,Livros,737.28,2,Rio de Janeiro/RJ/Brasil,Cartão de Crédito,Concluído
TX_11632,2025-11-27 23:19:00,CLI_671,Calça Jeans,Vestuário,99.42,2,São Paulo/SP/Brasil,Pix,Concluído
TX_11633,2025-03-20 04:41:00,CLI_612,Notebook,Eletrônicos,1128.31,4,Rio de Janeiro/RJ/Brasil,Boleto Bancário,Cancelado
TX_11634,2025-01-13 22:51:00,CLI_831,Fone de Ouvido,Eletrônicos,2444.48,5,Curitiba/PR/Brasil,Cartão de Crédito,Concluído
TX_11635,2025-04-28 19:53:00,CLI_603,Camiseta,Vestuário,39.93,1,Rio de Janeiro/RJ/Brasil,Boleto Bancário,Concluído
TX_11636,2025-03-19 18:18:00,CLI_107,Jaqueta,Vestuário,3204.47,5,Rio de Janeiro/RJ/Brasil,Pix,Concluído
TX_11637,2025-04-14 20:44:00,CLI_362,Cadeira Escritório,Casa,1180.68,3,Rio de Janeiro/RJ/Brasil,Pix,Cancelado
TX_11638,2025-01-15 15:12:00,CLI_717,Fone de Ouvido,Eletrônicos,3387.56,5,Curitiba/PR/Brasil,Pix,Concluído
TX_11639,2025-07-18 03:38:00,CLI_860,Camiseta,Vestuário,3266.8,2,São Paulo/SP/Brasil,Cartão de Crédito,Em Processamento
TX_11640,2025-06-05 12:19:00,CLI_574,Jogo de Cama,Casa,204.47,2,Salvador/BA/Brasil,Boleto Bancário,Concluído
TX_11641,2025-01-07 07:23:00,CLI_949,Camiseta,Vestuário,645.5,3,Bom Despacho/MG/Brasil,Cartão de Crédito,Cancelado
TX_11642,2025-07-20 20:32:00,CLI_871,Desenvolvimento Pessoal,Livros,590.92,4,Curitiba/PR/Brasil,Pix,Em Processamento
TX_11643,2025-11-12 03:39:00,CLI_100,Jogo de Cama,Casa,2986.59,5,São Paulo/SP/Brasil,Cartão de Crédito,Concluído
TX_11644,2025-08-16 13:01:00,CLI_846,Luminária,Casa,1994.87,2,Bom Despacho/MG/Brasil,Cartão de Crédito,Concluído
TX_11645,2025-08-05 12:43:00,CLI_177,Jogo de Cama,Casa,990.73,1,Rio de Janeiro/RJ/Brasil,Pix,Concluído
TX_11646,2025-05-15 15:35:00,CLI_919,Fone de Ouvido,Eletrônicos,3202.26,1,Rio de Janeiro/RJ/Brasil,Boleto Bancário,Concluído
TX_11647,2025-02-27 02:56:00,CLI_842,Biografia,Livros,833.29,5,São Paulo/SP/Brasil,Boleto Bancário,Em Processamento
TX_11648,2025-12-26 19:13:00,CLI_591,Cafeteira,Casa,235.54,2,São Paulo/SP/Brasil,Cartão de Crédito,Concluído
TX_11649,2025-01-20 16:58:00,CLI_542,História,Livros,2909.12,4,São Paulo/SP/Brasil,Cartão de Crédito,Concluído
TX_11650,2025-12-30 09:36:00,CLI_836,Smartphone,Eletrônicos,1684.91,3,Bom Despacho/MG/Brasil,Cartão de Crédito,Concluído
TX_11651,2025-01-01 22:11:00,CLI_145,Calça Jeans,Vestuário,3059.22,4,Curitiba/PR/Brasil,Boleto Bancário,Cancelado
TX_11652,2025-07-06 03:01:00,CLI_712,Camiseta,Vestuário,1295.03,4,Bom Despacho/MG/Brasil,Boleto Bancário,Concluído
TX_11653,2025-10-04 04:58:00,CLI_428,Cafeteira,Casa,2577.15,3,Salvador/BA/Brasil,Pix,Concluído
TX_11654,2025-06-27 09:58:00,CLI_251,Desenvolvimento Pessoal,Livros,2852.58,4,Curitiba/PR/Brasil,Boleto Bancário,Em Processamento
TX_11655,2025-02-14 20:33:00,CLI_359,Desenvolvimento Pessoal,Livros,3098.43,3,Curitiba/PR/Brasil,Pix,Cancelado
TX_11656,2025-06-25 17:17:00,CLI_980,Biografia,Livros,3439.76,2,São Paulo/SP/Brasil,Boleto Bancário,Concluído
TX_11657,2025-12-21 13:31:00,CLI_183,Calça Jeans,Vestuário,2884.7,1,Rio de Janeiro/RJ/Brasil,Boleto Bancário,Em Processamento
TX_11658,2025-01-03 08:41:00,CLI_663,Smartphone,Eletrônicos,2331.26,2,Salvador/BA/Brasil,Boleto Bancário,Concluído
TX_11659,2025-06-16 12:44:00,CLI_661,Cadeira Escritório,Casa,3280.19,5,São Paulo/SP/Brasil,Boleto Bancário,Cancelado
TX_11660,2025-12-19 03:37:00,CLI_331,Tênis,Vestuário,2247.04,4,Curitiba/PR/Brasil,Cartão de Crédito,Concluído
TX_11661,2025-03-15 02:27:00,CLI_811,Smartphone,Eletrônicos,3326.14,2,Curitiba/PR/Brasil,Pix,Concluído
TX_11662,2025-01-13 00:33:00,CLI_131,Camiseta,Vestuário,1045.81,2,Rio de Janeiro/RJ/Brasil,Cartão de Crédito,Concluído
TX_11663,2025-03-02 14:24:00,CLI_466,Fone de Ouvido,Eletrônicos,2320.62,1,Curitiba/PR/Brasil,Boleto Bancário,Em Processamento
TX_11664,2025-07-11 07:06:00,CLI_411,Cafeteira,Casa,1508.41,5,Curitiba/PR/Brasil,Pix,Em Processamento
TX_11665,2025-09-13 10:54:00,CLI_459,Smartwatch,Eletrônicos,123.18,4,São Paulo/SP/Brasil,Pix,Em Processamento
TX_11666,2025-11-14 11:58:00,CLI_801,Smartwatch,Eletrônicos,1723.72,1,Salvador/BA/Brasil,Pix,Concluído
TX_11667,2025-05-10 18:33:00,CLI_194,Ficção Científica,Livros,304.13,1,Curitiba/PR/Brasil,Pix,Cancelado
TX_11668,2025-08-29 01:10:00,CLI_430,Jogo de Cama,Casa,1094.7,4,Salvador/BA/Brasil,Cartão de Crédito,Em Processamento
TX_11669,2025-12-17 04:22:00,CLI_707,Ficção Científica,Livros,3021.57,1,São Paulo/SP/Brasil,Boleto Bancário,Cancelado
TX_11670,2025-05-21 23:47:00,CLI_678,Notebook,Eletrônicos,1367.8,5,Curitiba/PR/Brasil,Boleto Bancário,Concluído
TX_11671,2025-09-09 05:56:00,CLI_562,Luminária,Casa,1037.46,2,Salvador/BA/Brasil,Cartão de Crédito,Concluído
TX_11672,2025-12-18 05:17:00,CLI_957,Cadeira Escritório,Casa,282.72,4,São Paulo/SP/Brasil,Pix,Concluído
TX_11673,2026-01-31 12:51:00,CLI_144,Smartwatch,Eletrônicos,1068.43,2,Rio de Janeiro/RJ/Brasil,Pix,Em Processamento
TX_11674,2025-12-25 03:57:00,CLI_203,Biografia,Livros,588.05,2,Curitiba/PR/Brasil,Boleto Bancário,Em Processamento
TX_11675,2025-07-07 23:51:00,CLI_540,Smartwatch,Eletrônicos,86.57,5,Curitiba/PR/Brasil,Boleto Bancário,Concluído
TX_11676,2025-01-18 09:31:00,CLI_546,Smartwatch,Eletrônicos,1957.13,4,Curitiba/PR/Brasil,Cartão de Crédito,Concluído
TX_11677,2025-09-01 13:41:00,CLI_619,Fone de Ouvido,Eletrônicos,3218.67,2,Bom Despacho/MG/Brasil,Cartão de Crédito,Concluído
TX_11678,2025-04-06 22:41:00,CLI_301,Camiseta,Vestuário,1569.67,5,Salvador/BA/Brasil,Pix,Em Processamento
TX_11679,2025-12-03 06:19:00,CLI_696,Cadeira Escritório,Casa,1455.2,5,São Paulo/SP/Brasil,Cartão de Crédito,Concluído
TX_11680,2025-03-10 23:56:00,CLI_500,Calça Jeans,Vestuário,54.01,1,Bom Despacho/MG/Brasil,Boleto Bancário,Concluído
TX_11681,2025-09-29 00:18:00,CLI_410,Fone de Ouvido,Eletrônicos,3083.14,2,Salvador/BA/Brasil,Pix,Concluído
TX_11682,2025-12-06 16:12:00,CLI_589,Biografia,Livros,1683.39,1,Rio de Janeiro/RJ/Brasil,Cartão de Crédito,Cancelado
TX_11683,2025-09-19 04:57:00,CLI_981,Notebook,Eletrônicos,2665.41,4,Rio de Janeiro/RJ/Brasil,Boleto Bancário,Concluído
TX_11684,2025-11-17 12:20:00,CLI_330,Calça Jeans,Vestuário,2900.5,4,Curitiba/PR/Brasil,Cartão de Crédito,Cancelado
TX_11685,2025-01-15 06:34:00,CLI_787,Fone de Ouvido,Eletrônicos,2546.84,3,Curitiba/PR/Brasil,Pix,Cancelado
TX_11686,2025-11-11 17:23:00,CLI_516,Calça Jeans,Vestuário,2266.45,2,Curitiba/PR/Brasil,Cartão de Crédito,Em Processamento
TX_11687,2025-08-10 20:28:00,CLI_131,Cadeira Escritório,Casa,1469.35,5,São Paulo/SP/Brasil,Cartão de Crédito,Concluído
TX_11688,2025-07-21 09:35:00,CLI_575,Fone de Ouvido,Eletrônicos,2280.83,3,Bom Despacho/MG/Brasil,Pix,Em Processamento
TX_11689,2025-09-19 16:38:00,CLI_495,Cafeteira,Casa,2654.6,5,Curitiba/PR/Brasil,Boleto Bancário,Em Processamento
TX_11690,2025-02-16 23:36:00,CLI_601,Jaqueta,Vestuário,3413.66,5,Bom Despacho/MG/Brasil,Boleto Bancário,Em Processamento
TX_11691,2025-05-19 09:51:00,CLI_708,Fone de Ouvido,Eletrônicos,1804.61,3,Bom Despacho/MG/Brasil,Pix,Concluído
TX_11692,2025-04-09 11:26:00,CLI_630,Tênis,Vestuário,2371.21,3,Bom Despacho/MG/Brasil,Pix,Em Processamento
TX_11693,2025-03-13 23:29:00,CLI_402,Biografia,Livros,677.03,3,Salvador/BA/Brasil,Boleto Bancário,Em Processamento
TX_11694,2025-10-25 17:45:00,CLI_277,Jogo de Cama,Casa,423.48,3,Curitiba/PR/Brasil,Boleto Bancário,Concluído
TX_11695,2025-11-28 16:57:00,CLI_483,Tênis,Vestuário,871.03,4,Rio de Janeiro/RJ/Brasil,Boleto Bancário,Concluído
TX_11696,2025-05-11 20:41:00,CLI_173,Desenvolvimento Pessoal,Livros,895.09,4,Rio de Janeiro/RJ/Brasil,Boleto Bancário,Cancelado
TX_11697,2025-05-11 16:53:00,CLI_565,Smartphone,Eletrônicos,3272.61,5,Rio de Janeiro/RJ/Brasil,Boleto Bancário,Concluído
TX_11698,2025-01-27 14:35:00,CLI_743,Biografia,Livros,3436.21,5,Bom Despacho/MG/Brasil,Cartão de Crédito,Cancelado
TX_11699,2025-03-03 04:46:00,CLI_285,História,Livros,443.36,1,Bom Despacho/MG/Brasil,Cartão de Crédito,Concluído
TX_11700,2025-10-02 09:09:00,CLI_230,Luminária,Casa,2746.79,4,Salvador/BA/Brasil,Cartão de Crédito,Concluído
TX_11701,2025-06-22 21:18:00,CLI_836,Smartphone,Eletrônicos,980.95,4,São Paulo/SP/Brasil,Cartão de Crédito,Concluído
TX_11702,2025-07-01 08:04:00,CLI_255,Tênis,Vestuário,94.99,5,Salvador/BA/Brasil,Pix,Concluído
TX_11703,2025-10-05 21:02:00,CLI_117,Jaqueta,Vestuário,3341.34,1,Rio de Janeiro/RJ/Brasil,Boleto Bancário,Em Processamento
TX_11704,2025-02-18 08:24:00,CLI_965,Cadeira Escritório,Casa,1431.31,2,São Paulo/SP/Brasil,Pix,Em Processamento
TX_11705,2025-05-24 03:39:00,CLI_103,Calça Jeans,Vestuário,847.12,3,Rio de Janeiro/RJ/Brasil,Pix,Em Processamento
TX_11706,2025-04-29 03:25:00,CLI_967,História,Livros,300.76,4,Rio de Janeiro/RJ/Brasil,Pix,Concluído
TX_11707,2025-10-05 09:16:00,CLI_310,História,Livros,3088.09,4,São Paulo/SP/Brasil,Pix,Em Processamento
TX_11708,2025-09-13 17:19:00,CLI_730,Cafeteira,Casa,1366.83,4,São Paulo/SP/Brasil,Boleto Bancário,Concluído
TX_11709,2025-11-04 23:51:00,CLI_799,Jogo de Cama,Casa,1331.16,4,São Paulo/SP/Brasil,Cartão de Crédito,Concluído
TX_11710,2025-05-21 08:29:00,CLI_832,Cafeteira,Casa,1028.02,2,Curitiba/PR/Brasil,Pix,Em Processamento
TX_11711,2025-05-05 22:01:00,CLI_814,Ficção Científica,Livros,240.46,1,Salvador/BA/Brasil,Pix,Em Processamento
TX_11712,2025-01-11 16:45:00,CLI_546,Cafeteira,Casa,2538.76,4,Curitiba/PR/Brasil,Cartão de Crédito,Cancelado
TX_11713,2025-05-18 12:30:00,CLI_366,Cafeteira,Casa,1682.68,2,Rio de Janeiro/RJ/Brasil,Cartão de Crédito,Em Processamento
TX_11714,2025-07-06 01:38:00,CLI_878,Camiseta,Vestuário,811.6,2,Curitiba/PR/Brasil,Cartão de Crédito,Em Processamento
TX_11715,2025-09-26 08:42:00,CLI_563,Fone de Ouvido,Eletrônicos,534.37,2,São Paulo/SP/Brasil,Pix,Concluído
TX_11716,2025-06-09 05:41:00,CLI_633,Calça Jeans,Vestuário,247.72,1,Curitiba/PR/Brasil,Boleto Bancário,Concluído
TX_11717,2025-08-29 14:26:00,CLI_271,Tênis,Vestuário,838.31,2,Salvador/BA/Brasil,Boleto Bancário,Concluído
TX_11718,2026-02-05 06:06:00,CLI_646,Smartphone,Eletrônicos,447.62,4,Bom Despacho/MG/Brasil,Boleto Bancário,Concluído
TX_11719,2025-04-06 08:23:00,CLI_905,Calça Jeans,Vestuário,45.48,2,Salvador/BA/Brasil,Pix,Em Processamento
TX_11720,2025-03-11 05:42:00,CLI_149,Smartphone,Eletrônicos,1649.7,2,Curitiba/PR/Brasil,Cartão de Crédito,Em Processamento
TX_11721,2025-05-06 15:31:00,CLI_279,Cafeteira,Casa,2490.08,2,Curitiba/PR/Brasil,Cartão de Crédito,Em Processamento
TX_11722,2025-03-11 00:01:00,CLI_394,Smartphone,Eletrônicos,1620.79,4,Curitiba/PR/Brasil,Boleto Bancário,Cancelado
TX_11723,2025-07-01 20:40:00,CLI_691,História,Livros,2518.47,4,Salvador/BA/Brasil,Pix,Em Processamento
TX_11724,2025-09-13 04:18:00,CLI_924,Biografia,Livros,141.91,1,Salvador/BA/Brasil,Boleto Bancário,Concluído
TX_11725,2025-07-31 13:03:00,CLI_484,Luminária,Casa,1058.82,1,Salvador/BA/Brasil,Pix,Cancelado
TX_11726,2025-08-11 21:47:00,CLI_868,Camiseta,Vestuário,527.89,5,Rio de Janeiro/RJ/Brasil,Boleto Bancário,Concluído
TX_11727,2025-03-14 00:33:00,CLI_332,Cadeira Escritório,Casa,3164.27,3,Rio de Janeiro/RJ/Brasil,Pix,Cancelado
TX_11728,2025-04-15 15:48:00,CLI_233,História,Livros,1464.06,1,Bom Despacho/MG/Brasil,Cartão de Crédito,Concluído
TX_11729,2025-01-28 11:57:00,CLI_576,Fone de Ouvido,Eletrônicos,3184.23,4,Bom Despacho/MG/Brasil,Cartão de Crédito,Em Processamento
TX_11730,2025-10-10 16:17:00,CLI_141,Cafeteira,Casa,3269.91,4,Salvador/BA/Brasil,Cartão de Crédito,Concluído
TX_11731,2025-09-17 05:39:00,CLI_111,Jogo de Cama,Casa,3472.47,2,Bom Despacho/MG/Brasil,Boleto Bancário,Em Processamento
TX_11732,2025-09-18 07:27:00,CLI_745,Luminária,Casa,1831.0,1,São Paulo/SP/Brasil,Pix,Cancelado
TX_11733,2025-11-15 11:08:00,CLI_391,Cadeira Escritório,Casa,1297.37,5,Bom Despacho/MG/Brasil,Boleto Bancário,Concluído
TX_11734,2026-01-26 17:32:00,CLI_137,História,Livros,2337.13,5,Curitiba/PR/Brasil,Boleto Bancário,Em Processamento
TX_11735,2025-06-19 22:32:00,CLI_831,Notebook,Eletrônicos,1547.92,3,Curitiba/PR/Brasil,Cartão de Crédito,Concluído
TX_11736,2025-07-16 09:24:00,CLI_503,Camiseta,Vestuário,782.53,1,Salvador/BA/Brasil,Pix,Concluído
TX_11737,2025-10-19 06:36:00,CLI_527,Calça Jeans,Vestuário,,2,Curitiba/PR/Brasil,Pix,Em Processamento
TX_11738,2025-02-03 05:34:00,CLI_979,Jogo de Cama,Casa,145.55,4,São Paulo/SP/Brasil,Cartão de Crédito,Concluído
TX_11739,2025-02-28 02:43:00,CLI_785,Biografia,Livros,1616.73,3,Curitiba/PR/Brasil,Boleto Bancário,Concluído
TX_11740,2025-10-13 18:42:00,CLI_933,Desenvolvimento Pessoal,Livros,2601.26,3,Salvador/BA/Brasil,Boleto Bancário,Concluído
TX_11741,2025-01-12 14:48:00,CLI_594,Jogo de Cama,Casa,963.58,5,Rio de Janeiro/RJ/Brasil,Pix,Cancelado
TX_11742,2025-06-03 08:47:00,CLI_209,Ficção Científica,Livros,2886.88,5,Salvador/BA/Brasil,Cartão de Crédito,Concluído
TX_11743,2025-02-20 23:48:00,CLI_655,Jaqueta,Vestuário,1777.87,4,Rio de Janeiro/RJ/Brasil,Boleto Bancário,Cancelado
TX_11744,2025-02-11 08:16:00,CLI_266,Desenvolvimento Pessoal,Livros,2186.36,1,Bom Despacho/MG/Brasil,Pix,Concluído
TX_11745,2025-03-20 14:08:00,CLI_584,História,Livros,3424.58,3,Curitiba/PR/Brasil,Pix,Concluído
TX_11746,2025-09-09 13:31:00,CLI_702,Jogo de Cama,Casa,760.89,4,Curitiba/PR/Brasil,Cartão de Crédito,Concluído
TX_11747,2025-03-23 20:24:00,CLI_434,Calça Jeans,Vestuário,2083.16,1,Bom Despacho/MG/Brasil,Cartão de Crédito,Concluído
TX_11748,2025-10-04 14:37:00,CLI_604,Smartphone,Eletrônicos,3139.59,2,Rio de Janeiro/RJ/Brasil,Cartão de Crédito,Concluído
TX_11749,2025-03-10 09:56:00,CLI_963,Biografia,Livros,1293.18,3,São Paulo/SP/Brasil,Boleto Bancário,Em Processamento
TX_11750,2025-06-08 11:16:00,CLI_202,Smartphone,Eletrônicos,150.71,5,Rio de Janeiro/RJ/Brasil,Cartão de Crédito,Concluído
TX_11751,2025-07-20 16:44:00,CLI_210,Notebook,Eletrônicos,946.65,3,Rio de Janeiro/RJ/Brasil,Boleto Bancário,Em Processamento
TX_11752,2025-02-03 15:46:00,CLI_720,Fone de Ouvido,Eletrônicos,2985.6,2,Rio de Janeiro/RJ/Brasil,Boleto Bancário,Em Processamento
TX_11753,2025-04-25 23:31:00,CLI_390,Smartwatch,Eletrônicos,126.64,3,Salvador/BA/Brasil,Boleto Bancário,Concluído
TX_11754,2025-09-18 10:27:00,CLI_400,História,Livros,2292.41,4,Bom Despacho/MG/Brasil,Pix,Concluído
TX_11755,2025-05-04 15:44:00,CLI_252,Cafeteira,Casa,2465.77,1,Rio de Janeiro/RJ/Brasil,Cartão de Crédito,Concluído
TX_11756,2025-08-18 04:18:00,CLI_252,Notebook,Eletrônicos,2533.85,3,São Paulo/SP/Brasil,Pix,Concluído
TX_11757,2025-07-29 04:11:00,CLI_759,Jaqueta,Vestuário,2343.92,5,Curitiba/PR/Brasil,Boleto Bancário,Em Processamento
TX_11758,2025-12-02 01:09:00,CLI_472,Jogo de Cama,Casa,560.51,2,Curitiba/PR/Brasil,Pix,Concluído
TX_11759,2025-07-19 06:22:00,CLI_932,Smartphone,Eletrônicos,1749.19,4,Bom Despacho/MG/Brasil,Boleto Bancário,Concluído
TX_11760,2026-01-17 14:24:00,CLI_774,Biografia,Livros,1112.04,5,Bom Despacho/MG/Brasil,Boleto Bancário,Concluído
TX_11761,2025-08-01 03:10:00,CLI_598,Notebook,Eletrônicos,3066.19,3,Bom Despacho/MG/Brasil,Cartão de Crédito,Concluído
TX_11762,2025-11-06 16:54:00,CLI_384,Calça Jeans,Vestuário,3176.96,2,Salvador/BA/Brasil,Pix,Concluído
TX_11763,2025-11-11 12:43:00,CLI_445,Fone de Ouvido,Eletrônicos,24.54,4,Bom Despacho/MG/Brasil,Boleto Bancário,Concluído
TX_11764,2025-12-15 22:28:00,CLI_978,Calça Jeans,Vestuário,2581.86,5,Bom Despacho/MG/Brasil,Pix,Em Processamento
TX_11765,2026-01-30 01:20:00,CLI_565,Biografia,Livros,3375.04,5,Curitiba/PR/Brasil,Boleto Bancário,Concluído
TX_11766,2025-06-20 00:36:00,CLI_517,Ficção Científica,Livros,2068.78,1,Bom Despacho/MG/Brasil,Pix,Cancelado
TX_11767,2025-10-30 07:36:00,CLI_560,Biografia,Livros,937.48,1,Bom Despacho/MG/Brasil,Cartão de Crédito,Em Processamento
TX_11768,2025-01-03 18:06:00,CLI_334,Cadeira Escritório,Casa,156.3,4,Bom Despacho/MG/Brasil,Cartão de Crédito,Cancelado
TX_11769,2025-02-08 09:20:00,CLI_648,Smartwatch,Eletrônicos,2853.27,5,São Paulo/SP/Brasil,Pix,Concluído
TX_11770,2025-10-25 07:17:00,CLI_646,Luminária,Casa,2319.59,3,Curitiba/PR/Brasil,Cartão de Crédito,Concluído
TX_11771,2025-10-07 22:23:00,CLI_305,Desenvolvimento Pessoal,Livros,64.53,4,Rio de Janeiro/RJ/Brasil,Cartão de Crédito,Concluído
TX_11772,2025-02-20 04:25:00,CLI_867,Jaqueta,Vestuário,2562.59,2,São Paulo/SP/Brasil,Boleto Bancário,Concluído
TX_11773,2025-08-07 06:57:00,CLI_846,Cadeira Escritório,Casa,586.22,1,Rio de Janeiro/RJ/Brasil,Pix,Concluído
TX_11774,2025-03-04 00:06:00,CLI_345,Smartphone,Eletrônicos,244.95,3,Rio de Janeiro/RJ/Brasil,Cartão de Crédito,Concluído
TX_11775,2025-09-14 18:14:00,CLI_576,Desenvolvimento Pessoal,Livros,1795.07,4,São Paulo/SP/Brasil,Boleto Bancário,Em Processamento
TX_11776,2025-02-17 12:03:00,CLI_280,Luminária,Casa,1366.76,2,Bom Despacho/MG/Brasil,Boleto Bancário,Concluído
TX_11777,2025-03-25 04:58:00,CLI_450,Smartphone,Eletrônicos,573.78,5,São Paulo/SP/Brasil,Cartão de Crédito,Cancelado
TX_11778,2025-07-19 14:45:00,CLI_206,Luminária,Casa,2828.35,4,Bom Despacho/MG/Brasil,Cartão de Crédito,Concluído
TX_11779,2026-01-18 23:48:00,CLI_168,Jaqueta,Vestuário,3416.84,2,Salvador/BA/Brasil,Boleto Bancário,Cancelado
TX_11780,2025-11-25 12:35:00,CLI_303,História,Livros,3151.4,1,Bom Despacho/MG/Brasil,Pix,Concluído
TX_11781,2025-12-07 12:42:00,CLI_764,Fone de Ouvido,Eletrônicos,1195.46,1,São Paulo/SP/Brasil,Pix,Cancelado
TX_11782,2025-11-01 17:46:00,CLI_674,Notebook,Eletrônicos,2684.95,5,São Paulo/SP/Brasil,Cartão de Crédito,Cancelado
TX_11783,2025-11-16 01:06:00,CLI_905,Desenvolvimento Pessoal,Livros,2925.77,3,São Paulo/SP/Brasil,Cartão de Crédito,Concluído
TX_11784,2025-02-24 01:52:00,CLI_407,Desenvolvimento Pessoal,Livros,2331.91,2,São Paulo/SP/Brasil,Boleto Bancário,Concluído
TX_11785,2025-06-24 14:03:00,CLI_176,Biografia,Livros,3413.33,3,Bom Despacho/MG/Brasil,Cartão de Crédito,Cancelado
TX_11786,2025-01-12 00:53:00,CLI_391,Cafeteira,Casa,1157.22,1,Curitiba/PR/Brasil,Cartão de Crédito,Em Processamento
TX_11787,2025-02-18 09:01:00,CLI_886,Fone de Ouvido,Eletrônicos,1178.24,1,São Paulo/SP/Brasil,Cartão de Crédito,Em Processamento
TX_11788,2025-01-26 09:26:00,CLI_418,Camiseta,Vestuário,2947.51,5,Rio de Janeiro/RJ/Brasil,Boleto Bancário,Concluído
TX_11789,2025-07-26 01:23:00,CLI_419,Cafeteira,Casa,3217.15,4,São Paulo/SP/Brasil,Cartão de Crédito,Concluído
TX_11790,2025-02-05 03:13:00,CLI_702,Luminária,Casa,28.97,4,Rio de Janeiro/RJ/Brasil,Cartão de Crédito,Cancelado
TX_11791,2025-02-24 09:01:00,CLI_262,Cadeira Escritório,Casa,2074.13,5,Salvador/BA/Brasil,Cartão de Crédito,Concluído
TX_11792,2025-11-29 19:25:00,CLI_817,Jogo de Cama,Casa,3035.42,1,Rio de Janeiro/RJ/Brasil,Pix,Concluído
TX_11793,2025-05-03 13:55:00,CLI_105,Calça Jeans,Vestuário,2389.72,3,Salvador/BA/Brasil,Boleto Bancário,Concluído
TX_11794,2025-08-09 07:12:00,CLI_727,Biografia,Livros,2339.08,2,São Paulo/SP/Brasil,Boleto Bancário,Concluído
TX_11795,2025-10-30 14:02:00,CLI_692,Jogo de Cama,Casa,1017.5,2,Curitiba/PR/Brasil,Boleto Bancário,Concluído
TX_11796,2025-09-12 00:02:00,CLI_217,Desenvolvimento Pessoal,Livros,1428.32,2,Salvador/BA/Brasil,Boleto Bancário,Concluído
TX_11797,2025-03-03 22:54:00,CLI_354,Calça Jeans,Vestuário,476.58,1,Salvador/BA/Brasil,Cartão de Crédito,Concluído
TX_11798,2025-03-10 07:26:00,CLI_383,Smartphone,Eletrônicos,3358.51,5,Curitiba/PR/Brasil,Cartão de Crédito,Concluído
TX_11799,2025-02-24 11:39:00,CLI_311,Smartphone,Eletrônicos,1573.05,2,Curitiba/PR/Brasil,Boleto Bancário,Concluído
TX_11800,2025-07-13 22:30:00,CLI_631,Cafeteira,Casa,2385.9,4,Curitiba/PR/Brasil,Boleto Bancário,Concluído
TX_11801,2025-06-30 06:25:00,CLI_990,Calça Jeans,Vestuário,2335.51,2,Curitiba/PR/Brasil,Pix,Cancelado
TX_11802,2025-05-10 00:06:00,CLI_543,Cadeira Escritório,Casa,1630.59,1,São Paulo/SP/Brasil,Cartão de Crédito,Cancelado
TX_11803,2025-02-26 09:48:00,CLI_244,Jogo de Cama,Casa,1002.81,2,Curitiba/PR/Brasil,Pix,Concluído
TX_11804,2025-08-21 11:52:00,CLI_410,Ficção Científica,Livros,2260.21,4,Salvador/BA/Brasil,Cartão de Crédito,Concluído
TX_11805,2025-03-24 16:23:00,CLI_325,História,Livros,1541.88,2,Bom Despacho/MG/Brasil,Cartão de Crédito,Concluído
TX_11806,2025-10-10 17:23:00,CLI_757,História,Livros,3269.91,1,Rio de Janeiro/RJ/Brasil,Pix,Concluído
TX_11807,2025-12-04 17:37:00,CLI_918,Luminária,Casa,1096.11,4,Bom Despacho/MG/Brasil,Cartão de Crédito,Concluído
TX_11808,2025-05-10 08:20:00,CLI_875,Notebook,Eletrônicos,3352.51,5,Bom Despacho/MG/Brasil,Boleto Bancário,Em Processamento
TX_11809,2025-01-02 05:05:00,CLI_120,Jaqueta,Vestuário,1155.91,5,Salvador/BA/Brasil,Pix,Em Processamento
TX_11810,2025-04-10 06:23:00,CLI_211,Luminária,Casa,2568.18,4,Curitiba/PR/Brasil,Pix,Concluído
TX_11811,2025-10-17 19:15:00,CLI_465,Jaqueta,Vestuário,349.87,4,Salvador/BA/Brasil,Boleto Bancário,Concluído
TX_11812,2025-06-22 12:10:00,CLI_582,Tênis,Vestuário,2659.86,5,São Paulo/SP/Brasil,Pix,Cancelado
TX_11813,2025-01-09 23:32:00,CLI_178,Jaqueta,Vestuário,374.63,2,Salvador/BA/Brasil,Cartão de Crédito,Cancelado
TX_11814,2025-07-31 18:15:00,CLI_856,Notebook,Eletrônicos,268.02,5,Curitiba/PR/Brasil,Pix,Concluído
TX_11815,2025-07-09 03:18:00,CLI_137,Calça Jeans,Vestuário,908.75,5,Rio de Janeiro/RJ/Brasil,Pix,Concluído
TX_11816,2025-02-17 11:37:00,CLI_342,Cadeira Escritório,Casa,2147.03,1,Rio de Janeiro/RJ/Brasil,Pix,Em Processamento
TX_11817,2025-12-19 09:27:00,CLI_654,Camiseta,Vestuário,597.13,1,Curitiba/PR/Brasil,Pix,Concluído
TX_11818,2025-02-15 17:11:00,CLI_696,Desenvolvimento Pessoal,Livros,814.21,5,São Paulo/SP/Brasil,Pix,Concluído
TX_11819,2026-01-21 15:26:00,CLI_669,Desenvolvimento Pessoal,Livros,2440.35,1,Bom Despacho/MG/Brasil,Boleto Bancário,Concluído
TX_11820,2025-03-30 05:21:00,CLI_339,Fone de Ouvido,Eletrônicos,2585.1,2,Rio de Janeiro/RJ/Brasil,Cartão de Crédito,Concluído
TX_11821,2025-08-24 02:05:00,CLI_777,Calça Jeans,Vestuário,1581.39,5,Bom Despacho/MG/Brasil,Cartão de Crédito,Concluído
TX_11822,2025-11-18 10:13:00,CLI_954,Notebook,Eletrônicos,2408.36,2,Bom Despacho/MG/Brasil,Boleto Bancário,Concluído
TX_11823,2025-01-04 05:50:00,CLI_483,Jaqueta,Vestuário,137.43,2,Curitiba/PR/Brasil,Boleto Bancário,Cancelado
TX_11824,2025-04-19 02:29:00,CLI_257,Smartphone,Eletrônicos,1461.46,4,Rio de Janeiro/RJ/Brasil,Cartão de Crédito,Concluído
TX_11825,2025-03-22 20:17:00,CLI_645,Cafeteira,Casa,2316.9,2,Curitiba/PR/Brasil,Pix,Cancelado
TX_11826,2025-06-11 08:52:00,CLI_720,Jaqueta,Vestuário,761.3,1,Bom Despacho/MG/Brasil,Cartão de Crédito,Cancelado
TX_11827,2025-08-27 03:06:00,CLI_995,Cadeira Escritório,Casa,2041.19,2,Salvador/BA/Brasil,Cartão de Crédito,Concluído
TX_11828,2025-11-29 19:49:00,CLI_829,Smartwatch,Eletrônicos,2585.58,2,Curitiba/PR/Brasil,Cartão de Crédito,Em Processamento
TX_11829,2025-05-04 01:43:00,CLI_620,Calça Jeans,Vestuário,3006.19,5,Rio de Janeiro/RJ/Brasil,Cartão de Crédito,Concluído
TX_11830,2025-10-03 03:11:00,CLI_365,Fone de Ouvido,Eletrônicos,925.07,5,Salvador/BA/Brasil,Cartão de Crédito,Concluído
TX_11831,2025-04-16 04:46:00,CLI_922,Smartwatch,Eletrônicos,2768.25,1,Curitiba/PR/Brasil,Boleto Bancário,Concluído
TX_11832,2026-01-05 21:38:00,CLI_659,Ficção Científica,Livros,294.35,3,Curitiba/PR/Brasil,Pix,Concluído
TX_11833,2025-01-17 00:23:00,CLI_898,Cafeteira,Casa,110.22,1,São Paulo/SP/Brasil,Boleto Bancário,Concluído
TX_11834,2026-01-23 21:44:00,CLI_699,Fone de Ouvido,Eletrônicos,297.51,2,Rio de Janeiro/RJ/Brasil,Pix,Concluído
TX_11835,2025-11-19 20:38:00,CLI_126,Desenvolvimento Pessoal,Livros,2521.5,3,São Paulo/SP/Brasil,Pix,Cancelado
TX_11836,2025-05-14 05:26:00,CLI_187,Fone de Ouvido,Eletrônicos,1917.03,2,Bom Despacho/MG/Brasil,Boleto Bancário,Em Processamento
TX_11837,2025-09-25 02:36:00,CLI_254,Desenvolvimento Pessoal,Livros,627.4,3,Curitiba/PR/Brasil,Boleto Bancário,Em Processamento
TX_11838,2025-08-29 01:22:00,CLI_619,Fone de Ouvido,Eletrônicos,1529.89,1,Curitiba/PR/Brasil,Cartão de Crédito,Em Processamento
TX_11839,2025-05-06 12:53:00,CLI_453,Smartphone,Eletrônicos,2233.79,1,Bom Despacho/MG/Brasil,Pix,Em Processamento
TX_11840,2025-07-13 19:13:00,CLI_225,Jogo de Cama,Casa,836.77,2,Curitiba/PR/Brasil,Pix,Em Processamento
TX_11841,2025-12-05 01:40:00,CLI_474,Tênis,Vestuário,1095.79,2,Bom Despacho/MG/Brasil,Boleto Bancário,Cancelado
TX_11842,2025-01-28 13:52:00,CLI_312,Smartphone,Eletrônicos,852.76,5,Curitiba/PR/Brasil,Boleto Bancário,Em Processamento
TX_11843,2026-01-31 21:18:00,CLI_897,Desenvolvimento Pessoal,Livros,2232.31,5,São Paulo/SP/Brasil,Cartão de Crédito,Concluído
TX_11844,2025-01-25 04:10:00,CLI_986,Smartphone,Eletrônicos,1379.99,5,Bom Despacho/MG/Brasil,Cartão de Crédito,Em Processamento
TX_11845,2025-11-26 06:03:00,CLI_660,Fone de Ouvido,Eletrônicos,3320.33,4,Bom Despacho/MG/Brasil,Cartão de Crédito,Em Processamento
TX_11846,2025-09-28 22:06:00,CLI_165,Jaqueta,Vestuário,1407.98,2,Rio de Janeiro/RJ/Brasil,Cartão de Crédito,Concluído
TX_11847,2025-12-14 10:04:00,CLI_843,Jaqueta,Vestuário,610.49,5,Salvador/BA/Brasil,Boleto Bancário,Concluído
TX_11848,2025-01-11 08:17:00,CLI_529,Desenvolvimento Pessoal,Livros,2651.33,2,Rio de Janeiro/RJ/Brasil,Pix,Em Processamento
TX_11849,2025-06-08 08:35:00,CLI_184,Biografia,Livros,1624.95,1,São Paulo/SP/Brasil,Pix,Concluído
TX_11850,2026-01-20 12:45:00,CLI_875,Biografia,Livros,1027.78,1,Bom Despacho/MG/Brasil,Cartão de Crédito,Cancelado
TX_11851,2025-10-06 23:19:00,CLI_291,Tênis,Vestuário,1039.01,1,Bom Despacho/MG/Brasil,Boleto Bancário,Concluído
TX_11852,2025-07-30 09:33:00,CLI_983,História,Livros,1027.74,5,Bom Despacho/MG/Brasil,Boleto Bancário,Em Processamento
TX_11853,2025-07-08 08:14:00,CLI_669,Notebook,Eletrônicos,2445.46,5,São Paulo/SP/Brasil,Cartão de Crédito,Concluído
TX_11854,2025-11-09 23:47:00,CLI_163,Jogo de Cama,Casa,2362.77,3,Curitiba/PR/Brasil,Cartão de Crédito,Concluído
TX_11855,2025-04-15 07:22:00,CLI_313,Fone de Ouvido,Eletrônicos,3394.52,3,Rio de Janeiro/RJ/Brasil,Cartão de Crédito,Em Processamento
TX_11856,2025-07-22 07:34:00,CLI_926,Cafeteira,Casa,507.84,1,São Paulo/SP/Brasil,Cartão de Crédito,Concluído
TX_11857,2025-10-06 01:38:00,CLI_721,História,Livros,3414.93,2,São Paulo/SP/Brasil,Boleto Bancário,Concluído
TX_11858,2025-03-10 13:49:00,CLI_759,Jaqueta,Vestuário,1140.73,2,Rio de Janeiro/RJ/Brasil,Cartão de Crédito,Cancelado
TX_11859,2026-01-20 20:53:00,CLI_879,Smartphone,Eletrônicos,1774.53,3,São Paulo/SP/Brasil,Pix,Concluído
TX_11860,2026-01-04 17:54:00,CLI_108,História,Livros,52.19,2,Salvador/BA/Brasil,Cartão de Crédito,Concluído
TX_11861,2026-02-03 14:09:00,CLI_214,Smartphone,Eletrônicos,1930.85,5,Bom Despacho/MG/Brasil,Boleto Bancário,Concluído
TX_11862,2025-08-30 21:44:00,CLI_819,Jaqueta,Vestuário,1748.27,3,Bom Despacho/MG/Brasil,Boleto Bancário,Concluído
TX_11863,2025-12-15 07:17:00,CLI_501,Ficção Científica,Livros,1297.15,3,Salvador/BA/Brasil,Cartão de Crédito,Concluído
TX_11864,2025-02-06 04:12:00,CLI_991,Fone de Ouvido,Eletrônicos,1847.98,5,Salvador/BA/Brasil,Pix,Concluído
TX_11865,2025-07-23 18:05:00,CLI_588,Jogo de Cama,Casa,1210.18,1,Rio de Janeiro/RJ/Brasil,Boleto Bancário,Concluído
TX_11866,2026-01-06 05:22:00,CLI_320,Biografia,Livros,2128.89,5,Rio de Janeiro/RJ/Brasil,Cartão de Crédito,Concluído
TX_11867,2025-06-21 11:31:00,CLI_528,Jaqueta,Vestuário,282.46,3,Bom Despacho/MG/Brasil,Cartão de Crédito,Concluído
TX_11868,2025-07-07 21:31:00,CLI_121,Jaqueta,Vestuário,2726.39,3,São Paulo/SP/Brasil,Cartão de Crédito,Cancelado
TX_11869,2026-01-16 01:34:00,CLI_631,História,Livros,2432.5,1,Curitiba/PR/Brasil,Boleto Bancário,Concluído
TX_11870,2025-04-09 01:53:00,CLI_632,Ficção Científica,Livros,3099.01,3,São Paulo/SP/Brasil,Pix,Cancelado
TX_11871,2025-03-20 23:22:00,CLI_566,Smartphone,Eletrônicos,268.29,2,Curitiba/PR/Brasil,Cartão de Crédito,Concluído
TX_11872,2025-07-02 01:46:00,CLI_937,Tênis,Vestuário,1512.83,5,Bom Despacho/MG/Brasil,Cartão de Crédito,Cancelado
TX_11873,2025-08-06 19:09:00,CLI_759,Smartwatch,Eletrônicos,3159.93,5,Curitiba/PR/Brasil,Cartão de Crédito,Em Processamento
TX_11874,2025-03-01 08:15:00,CLI_411,Cafeteira,Casa,3138.82,1,São Paulo/SP/Brasil,Boleto Bancário,Cancelado
TX_11875,2025-05-02 16:16:00,CLI_983,Tênis,Vestuário,2339.87,5,Bom Despacho/MG/Brasil,Boleto Bancário,Em Processamento
TX_11876,2025-04-19 07:58:00,CLI_760,Jaqueta,Vestuário,1319.44,1,São Paulo/SP/Brasil,Cartão de Crédito,Concluído
TX_11877,2025-11-07 01:37:00,CLI_619,Cadeira Escritório,Casa,1298.33,5,São Paulo/SP/Brasil,Boleto Bancário,Concluído
TX_11878,2025-04-04 00:32:00,CLI_831,Cafeteira,Casa,3483.84,3,Salvador/BA/Brasil,Boleto Bancário,Concluído
TX_11879,2025-10-21 12:49:00,CLI_990,História,Livros,2735.11,3,Salvador/BA/Brasil,Boleto Bancário,Em Processamento
TX_11880,2025-06-01 04:57:00,CLI_648,Ficção Científica,Livros,2745.6,5,Salvador/BA/Brasil,Pix,Em Processamento
TX_11881,2025-10-17 03:30:00,CLI_401,Calça Jeans,Vestuário,89.14,5,Bom Despacho/MG/Brasil,Pix,Em Processamento
TX_11882,2025-02-25 06:18:00,CLI_959,Calça Jeans,Vestuário,2734.47,2,Rio de Janeiro/RJ/Brasil,Pix,Concluído
TX_11883,2025-10-14 01:52:00,CLI_517,História,Livros,2183.43,1,Salvador/BA/Brasil,Boleto Bancário,Cancelado
TX_11884,2025-08-23 14:15:00,CLI_131,Jaqueta,Vestuário,2252.15,2,São Paulo/SP/Brasil,Boleto Bancário,Concluído
TX_11885,2025-11-07 07:31:00,CLI_433,Jogo de Cama,Casa,2350.46,5,Salvador/BA/Brasil,Pix,Concluído
TX_11886,2025-01-02 11:45:00,CLI_517,Camiseta,Vestuário,3107.18,1,Bom Despacho/MG/Brasil,Cartão de Crédito,Em Processamento
TX_11887,2025-10-09 05:01:00,CLI_515,Desenvolvimento Pessoal,Livros,2072.93,3,São Paulo/SP/Brasil,Boleto Bancário,Concluído
TX_11888,2025-10-09 13:03:00,CLI_686,Desenvolvimento Pessoal,Livros,1333.36,4,São Paulo/SP/Brasil,Boleto Bancário,Concluído
TX_11889,2025-09-04 14:32:00,CLI_200,Camiseta,Vestuário,2356.96,2,Salvador/BA/Brasil,Cartão de Crédito,Em Processamento
TX_11890,2025-05-09 06:33:00,CLI_895,Cafeteira,Casa,945.66,5,São Paulo/SP/Brasil,Cartão de Crédito,Concluído
TX_11891,2025-01-16 05:36:00,CLI_589,Cafeteira,Casa,2636.88,1,São Paulo/SP/Brasil,Cartão de Crédito,Em Processamento
TX_11892,2025-02-02 01:52:00,CLI_219,História,Livros,2920.48,4,Curitiba/PR/Brasil,Boleto Bancário,Concluído
TX_11893,2025-11-10 11:25:00,CLI_943,Smartphone,Eletrônicos,3393.68,1,Rio de Janeiro/RJ/Brasil,Cartão de Crédito,Concluído
TX_11894,2025-11-28 09:31:00,CLI_182,Ficção Científica,Livros,1036.23,5,Salvador/BA/Brasil,Cartão de Crédito,Concluído
TX_11895,2026-02-01 06:02:00,CLI_983,Smartwatch,Eletrônicos,2208.94,2,Curitiba/PR/Brasil,Boleto Bancário,Cancelado
TX_11896,2026-01-09 12:34:00,CLI_325,Biografia,Livros,2236.7,3,São Paulo/SP/Brasil,Cartão de Crédito,Cancelado
TX_11897,2025-05-25 13:20:00,CLI_266,História,Livros,217.76,4,Salvador/BA/Brasil,Cartão de Crédito,Cancelado
TX_11898,2025-03-12 11:45:00,CLI_119,Biografia,Livros,1950.79,1,Salvador/BA/Brasil,Boleto Bancário,Cancelado
TX_11899,2025-03-24 19:17:00,CLI_816,História,Livros,3264.71,1,São Paulo/SP/Brasil,Pix,Concluído
TX_11900,2025-04-10 06:46:00,CLI_307,Desenvolvimento Pessoal,Livros,1596.72,1,São Paulo/SP/Brasil,Cartão de Crédito,Concluído
TX_11901,2025-06-26 13:41:00,CLI_211,Jogo de Cama,Casa,1643.17,1,Rio de Janeiro/RJ/Brasil,Pix,Concluído
TX_11902,2025-02-10 20:34:00,CLI_267,Calça Jeans,Vestuário,16.62,1,São Paulo/SP/Brasil,Cartão de Crédito,Cancelado
TX_11903,2025-08-28 16:55:00,CLI_659,Tênis,Vestuário,2013.42,3,Rio de Janeiro/RJ/Brasil,Pix,Concluído
TX_11904,2025-02-08 22:47:00,CLI_658,Calça Jeans,Vestuário,1049.1,3,Curitiba/PR/Brasil,Boleto Bancário,Concluído
TX_11905,2025-03-14 13:30:00,CLI_401,Tênis,Vestuário,1793.29,1,São Paulo/SP/Brasil,Pix,Concluído
TX_11906,2025-08-20 06:59:00,CLI_798,Luminária,Casa,886.69,1,Rio de Janeiro/RJ/Brasil,Pix,Cancelado
TX_11907,2026-01-15 17:03:00,CLI_783,Notebook,Eletrônicos,1804.17,2,Curitiba/PR/Brasil,Cartão de Crédito,Concluído
TX_11908,2025-10-29 18:18:00,CLI_947,Camiseta,Vestuário,650.64,2,Curitiba/PR/Brasil,Pix,Em Processamento
TX_11909,2025-10-07 11:36:00,CLI_852,Biografia,Livros,2906.67,5,Salvador/BA/Brasil,Pix,Concluído
TX_11910,2025-05-05 03:55:00,CLI_968,Biografia,Livros,1810.82,5,Salvador/BA/Brasil,Boleto Bancário,Concluído
TX_11911,2025-04-28 19:32:00,CLI_868,Ficção Científica,Livros,1582.01,1,Bom Despacho/MG/Brasil,Pix,Em Processamento
TX_11912,2025-08-21 16:19:00,CLI_816,História,Livros,227.89,4,São Paulo/SP/Brasil,Cartão de Crédito,Cancelado
TX_11913,2026-01-27 00:04:00,CLI_485,Camiseta,Vestuário,1899.06,1,Bom Despacho/MG/Brasil,Boleto Bancário,Concluído
TX_11914,2025-06-17 23:00:00,CLI_263,Calça Jeans,Vestuário,315.37,4,Bom Despacho/MG/Brasil,Boleto Bancário,Concluído
TX_11915,2025-08-18 03:34:00,CLI_803,Fone de Ouvido,Eletrônicos,938.21,5,Salvador/BA/Brasil,Cartão de Crédito,Concluído
TX_11916,2025-03-13 11:10:00,CLI_681,Camiseta,Vestuário,1401.79,4,Salvador/BA/Brasil,Boleto Bancário,Concluído
TX_11917,2025-11-16 20:47:00,CLI_654,Jogo de Cama,Casa,1021.48,5,Curitiba/PR/Brasil,Cartão de Crédito,Concluído
TX_11918,2025-01-18 20:39:00,CLI_808,Camiseta,Vestuário,2557.78,5,Bom Despacho/MG/Brasil,Pix,Em Processamento
TX_11919,2025-06-02 20:40:00,CLI_445,Cafeteira,Casa,2963.78,5,Rio de Janeiro/RJ/Brasil,Boleto Bancário,Em Processamento
TX_11920,2025-06-27 15:25:00,CLI_741,Smartphone,Eletrônicos,1916.74,4,Bom Despacho/MG/Brasil,Cartão de Crédito,Cancelado
TX_11921,2025-05-01 18:34:00,CLI_511,Fone de Ouvido,Eletrônicos,1574.81,4,Rio de Janeiro/RJ/Brasil,Cartão de Crédito,Em Processamento
TX_11922,2025-08-20 09:22:00,CLI_489,Camiseta,Vestuário,2734.16,5,Salvador/BA/Brasil,Cartão de Crédito,Cancelado
TX_11923,2025-10-05 05:07:00,CLI_977,História,Livros,2188.39,4,Curitiba/PR/Brasil,Boleto Bancário,Cancelado
TX_11924,2025-09-22 19:41:00,CLI_300,Calça Jeans,Vestuário,1736.27,1,Bom Despacho/MG/Brasil,Boleto Bancário,Em Processamento
TX_11925,2025-11-26 06:21:00,CLI_798,Luminária,Casa,2193.82,2,Curitiba/PR/Brasil,Pix,Concluído
TX_11926,2026-01-22 13:19:00,CLI_490,Luminária,Casa,2550.99,3,Bom Despacho/MG/Brasil,Boleto Bancário,Cancelado
TX_11927,2025-03-27 09:32:00,CLI_654,Smartphone,Eletrônicos,628.04,3,São Paulo/SP/Brasil,Pix,Concluído
TX_11928,2025-07-21 15:43:00,CLI_707,Jogo de Cama,Casa,1388.32,2,Salvador/BA/Brasil,Pix,Em Processamento
TX_11929,2025-11-21 04:32:00,CLI_799,Jogo de Cama,Casa,1871.47,5,Rio de Janeiro/RJ/Brasil,Pix,Cancelado
TX_11930,2025-10-21 03:31:00,CLI_448,Calça Jeans,Vestuário,1426.08,3,Salvador/BA/Brasil,Cartão de Crédito,Concluído
TX_11931,2025-04-02 11:43:00,CLI_498,Tênis,Vestuário,599.36,5,Curitiba/PR/Brasil,Cartão de Crédito,Cancelado
TX_11932,2025-09-29 20:45:00,CLI_900,Calça Jeans,Vestuário,2407.23,1,Bom Despacho/MG/Brasil,Cartão de Crédito,Em Processamento
TX_11933,2025-07-07 00:52:00,CLI_761,Smartwatch,Eletrônicos,1721.37,3,Bom Despacho/MG/Brasil,Pix,Em Processamento
TX_11934,2025-06-14 16:38:00,CLI_891,Luminária,Casa,2385.16,3,Salvador/BA/Brasil,Cartão de Crédito,Concluído
TX_11935,2025-03-03 23:03:00,CLI_624,Tênis,Vestuário,2887.79,1,Salvador/BA/Brasil,Cartão de Crédito,Cancelado
TX_11936,2025-04-12 17:48:00,CLI_953,Biografia,Livros,2470.83,5,São Paulo/SP/Brasil,Cartão de Crédito,Concluído
TX_11937,2025-04-18 13:27:00,CLI_414,Smartphone,Eletrônicos,322.4,3,Bom Despacho/MG/Brasil,Pix,Concluído
TX_11938,2025-02-24 07:23:00,CLI_846,Cafeteira,Casa,619.68,5,Rio de Janeiro/RJ/Brasil,Cartão de Crédito,Cancelado
TX_11939,2025-08-07 15:16:00,CLI_971,Ficção Científica,Livros,1120.86,1,Rio de Janeiro/RJ/Brasil,Boleto Bancário,Concluído
TX_11940,2026-01-30 02:58:00,CLI_136,Camiseta,Vestuário,2720.52,2,Bom Despacho/MG/Brasil,Pix,Cancelado
TX_11941,2025-01-31 20:39:00,CLI_850,Smartwatch,Eletrônicos,2924.67,4,Salvador/BA/Brasil,Cartão de Crédito,Concluído
TX_11942,2025-09-21 17:58:00,CLI_671,Jogo de Cama,Casa,2999.74,3,Rio de Janeiro/RJ/Brasil,Pix,Concluído
TX_11943,2026-02-02 14:36:00,CLI_526,Tênis,Vestuário,218.42,3,Salvador/BA/Brasil,Boleto Bancário,Em Processamento
TX_11944,2025-08-15 09:32:00,CLI_405,História,Livros,3021.14,2,Salvador/BA/Brasil,Pix,Concluído
TX_11945,2025-11-20 11:35:00,CLI_850,Cafeteira,Casa,2065.3,3,Salvador/BA/Brasil,Pix,Em Processamento
TX_11946,2025-03-07 10:23:00,CLI_729,Jogo de Cama,Casa,3188.05,1,Salvador/BA/Brasil,Boleto Bancário,Cancelado
TX_11947,2025-01-04 01:20:00,CLI_143,Luminária,Casa,558.46,3,Rio de Janeiro/RJ/Brasil,Pix,Concluído
TX_11948,2025-03-09 21:56:00,CLI_998,Camiseta,Vestuário,2892.97,1,Rio de Janeiro/RJ/Brasil,Pix,Concluído
TX_11949,2025-06-15 11:36:00,CLI_592,Notebook,Eletrônicos,132.76,2,São Paulo/SP/Brasil,Boleto Bancário,Cancelado
TX_11950,2025-06-05 09:42:00,CLI_971,Camiseta,Vestuário,1826.53,5,Bom Despacho/MG/Brasil,Pix,Cancelado
TX_11951,2025-12-20 07:34:00,CLI_533,Biografia,Livros,1579.78,4,Curitiba/PR/Brasil,Boleto Bancário,Concluído
TX_11952,2025-03-08 12:30:00,CLI_966,Biografia,Livros,1810.87,2,São Paulo/SP/Brasil,Pix,Concluído
TX_11953,2025-04-22 05:54:00,CLI_824,Camiseta,Vestuário,1908.63,1,Salvador/BA/Brasil,Boleto Bancário,Concluído
TX_11954,2025-04-13 20:42:00,CLI_246,Camiseta,Vestuário,3077.14,1,Rio de Janeiro/RJ/Brasil,Boleto Bancário,Concluído
TX_11955,2026-01-14 00:16:00,CLI_192,Smartphone,Eletrônicos,1825.77,4,Curitiba/PR/Brasil,Pix,Cancelado
TX_11956,2025-08-26 11:46:00,CLI_124,Calça Jeans,Vestuário,1870.81,4,Salvador/BA/Brasil,Pix,Em Processamento
TX_11957,2025-04-03 11:56:00,CLI_591,Smartwatch,Eletrônicos,1632.95,3,Rio de Janeiro/RJ/Brasil,Boleto Bancário,Concluído
TX_11958,2025-07-14 05:16:00,CLI_983,Cadeira Escritório,Casa,2005.7,1,Rio de Janeiro/RJ/Brasil,Pix,Concluído
TX_11959,2025-12-03 18:54:00,CLI_346,Smartwatch,Eletrônicos,2557.5,4,Curitiba/PR/Brasil,Cartão de Crédito,Em Processamento
TX_11960,2025-11-27 16:00:00,CLI_279,Jaqueta,Vestuário,235.68,2,São Paulo/SP/Brasil,Cartão de Crédito,Cancelado
TX_11961,2025-06-16 06:12:00,CLI_276,Calça Jeans,Vestuário,555.84,5,São Paulo/SP/Brasil,Boleto Bancário,Concluído
TX_11962,2026-01-11 14:34:00,CLI_918,Biografia,Livros,1154.44,5,São Paulo/SP/Brasil,Cartão de Crédito,Concluído
TX_11963,2025-03-27 11:05:00,CLI_768,Calça Jeans,Vestuário,1282.47,2,Rio de Janeiro/RJ/Brasil,Boleto Bancário,Em Processamento
TX_11964,2025-06-07 09:06:00,CLI_527,Tênis,Vestuário,440.72,4,Salvador/BA/Brasil,Boleto Bancário,Cancelado
TX_11965,2025-05-29 08:26:00,CLI_120,Calça Jeans,Vestuário,2005.09,3,Curitiba/PR/Brasil,Pix,Em Processamento
TX_11966,2025-08-17 20:36:00,CLI_944,Ficção Científica,Livros,2970.08,5,Rio de Janeiro/RJ/Brasil,Pix,Concluído
TX_11967,2025-02-05 05:31:00,CLI_156,Calça Jeans,Vestuário,1168.92,5,Curitiba/PR/Brasil,Pix,Em Processamento
TX_11968,2025-09-09 11:09:00,CLI_241,Ficção Científica,Livros,2034.83,5,Rio de Janeiro/RJ/Brasil,Boleto Bancário,Concluído
TX_11969,2025-12-12 03:21:00,CLI_237,Calça Jeans,Vestuário,2779.42,4,São Paulo/SP/Brasil,Boleto Bancário,Concluído
TX_11970,2025-01-23 09:03:00,CLI_879,Calça Jeans,Vestuário,1946.42,5,São Paulo/SP/Brasil,Boleto Bancário,Cancelado
TX_11971,2025-12-21 12:42:00,CLI_783,Desenvolvimento Pessoal,Livros,1807.46,2,Rio de Janeiro/RJ/Brasil,Cartão de Crédito,Em Processamento
TX_11972,2025-04-14 00:35:00,CLI_384,Ficção Científica,Livros,3423.29,2,São Paulo/SP/Brasil,Pix,Concluído
TX_11973,2025-02-04 11:50:00,CLI_955,Luminária,Casa,3053.31,2,Curitiba/PR/Brasil,Boleto Bancário,Em Processamento
TX_11974,2025-11-26 19:42:00,CLI_271,Smartphone,Eletrônicos,2730.58,5,Rio de Janeiro/RJ/Brasil,Boleto Bancário,Concluído
TX_11975,2025-04-12 16:18:00,CLI_383,Smartphone,Eletrônicos,2293.34,5,Bom Despacho/MG/Brasil,Cartão de Crédito,Concluído
TX_11976,2025-08-01 16:02:00,CLI_184,Camiseta,Vestuário,748.3,5,Salvador/BA/Brasil,Pix,Concluído
TX_11977,2025-01-25 21:36:00,CLI_254,Notebook,Eletrônicos,2565.17,1,Curitiba/PR/Brasil,Cartão de Crédito,Concluído
TX_11978,2025-08-27 22:32:00,CLI_242,Smartwatch,Eletrônicos,201.46,5,Curitiba/PR/Brasil,Boleto Bancário,Concluído
TX_11979,2025-07-26 03:34:00,CLI_232,Smartphone,Eletrônicos,3197.8,1,Curitiba/PR/Brasil,Cartão de Crédito,Em Processamento
TX_11980,2026-01-06 11:42:00,CLI_777,Smartwatch,Eletrônicos,2602.89,5,Rio de Janeiro/RJ/Brasil,Pix,Concluído
TX_11981,2025-05-31 19:31:00,CLI_297,Calça Jeans,Vestuário,1518.6,3,São Paulo/SP/Brasil,Cartão de Crédito,Em Processamento
TX_11982,2025-11-30 22:42:00,CLI_930,Notebook,Eletrônicos,1065.61,5,Curitiba/PR/Brasil,Cartão de Crédito,Concluído
TX_11983,2025-02-16 09:42:00,CLI_123,Jogo de Cama,Casa,2767.58,4,São Paulo/SP/Brasil,Boleto Bancário,Em Processamento
TX_11984,2025-10-23 22:41:00,CLI_434,Tênis,Vestuário,3437.21,2,São Paulo/SP/Brasil,Boleto Bancário,Concluído
TX_11985,2025-10-30 06:36:00,CLI_817,Biografia,Livros,2966.35,3,São Paulo/SP/Brasil,Boleto Bancário,Cancelado
TX_11986,2026-01-02 22:45:00,CLI_682,Smartphone,Eletrônicos,2092.77,2,Rio de Janeiro/RJ/Brasil,Boleto Bancário,Em Processamento
TX_11987,2025-04-28 15:29:00,CLI_221,Ficção Científica,Livros,509.45,2,São Paulo/SP/Brasil,Pix,Concluído
TX_11988,2025-06-07 04:26:00,CLI_317,Cafeteira,Casa,2964.5,3,Curitiba/PR/Brasil,Cartão de Crédito,Concluído
TX_11989,2025-01-28 14:25:00,CLI_226,Notebook,Eletrônicos,1275.95,2,Curitiba/PR/Brasil,Pix,Concluído
TX_11990,2025-03-27 20:26:00,CLI_734,Desenvolvimento Pessoal,Livros,229.39,1,São Paulo/SP/Brasil,Pix,Cancelado
TX_11991,2025-03-08 04:19:00,CLI_980,Smartwatch,Eletrônicos,995.67,1,Rio de Janeiro/RJ/Brasil,Pix,Concluído
TX_11992,2025-04-24 23:56:00,CLI_827,Jogo de Cama,Casa,3034.59,1,São Paulo/SP/Brasil,Cartão de Crédito,Concluído
TX_11993,2025-07-05 13:50:00,CLI_608,Smartphone,Eletrônicos,1982.03,4,Salvador/BA/Brasil,Pix,Cancelado
TX_11994,2025-08-15 20:08:00,CLI_793,Luminária,Casa,2727.66,3,Bom Despacho/MG/Brasil,Pix,Concluído
TX_11995,2025-05-09 16:22:00,CLI_961,Biografia,Livros,385.89,3,Rio de Janeiro/RJ/Brasil,Pix,Cancelado
TX_11996,2025-10-12 02:01:00,CLI_887,Smartphone,Eletrônicos,428.01,5,São Paulo/SP/Brasil,Cartão de Crédito,Concluído
TX_11997,2025-10-11 07:50:00,CLI_202,Camiseta,Vestuário,1580.9,3,Curitiba/PR/Brasil,Cartão de Crédito,Cancelado
TX_11998,2025-01-22 18:34:00,CLI_113,Jaqueta,Vestuário,1816.23,3,Salvador/BA/Brasil,Pix,Concluído
TX_11999,2025-06-25 02:04:00,CLI_574,Camiseta,Vestuário,309.26,5,São Paulo/SP/Brasil,Cartão de Crédito,Cancelado
TX_12000,2025-01-28 15:46:00,CLI_829,Ficção Científica,Livros,813.72,1,Rio de Janeiro/RJ/Brasil,Cartão de Crédito,Concluído
TX_12001,2025-06-03 06:48:00,CLI_920,Cafeteira,Casa,1411.15,1,Curitiba/PR/Brasil,Boleto Bancário,Concluído
TX_12002,2025-08-11 06:12:00,CLI_457,Smartphone,Eletrônicos,1867.95,5,Salvador/BA/Brasil,Boleto Bancário,Concluído
TX_12003,2025-11-02 08:39:00,CLI_608,História,Livros,118.45,1,Curitiba/PR/Brasil,Boleto Bancário,Concluído
TX_12004,2025-11-07 13:44:00,CLI_260,Jogo de Cama,Casa,2881.71,4,Rio de Janeiro/RJ/Brasil,Pix,Cancelado
TX_12005,2025-02-10 12:03:00,CLI_699,História,Livros,238.3,2,Rio de Janeiro/RJ/Brasil,Cartão de Crédito,Cancelado
TX_12006,2025-05-17 13:45:00,CLI_524,Smartphone,Eletrônicos,1498.09,3,São Paulo/SP/Brasil,Pix,Em Processamento
TX_12007,2025-01-26 15:15:00,CLI_702,Smartphone,Eletrônicos,1707.5,4,São Paulo/SP/Brasil,Cartão de Crédito,Concluído
TX_12008,2025-10-27 08:03:00,CLI_656,Smartphone,Eletrônicos,2692.43,5,Bom Despacho/MG/Brasil,Cartão de Crédito,Em Processamento
TX_12009,2025-05-08 22:47:00,CLI_824,Luminária,Casa,244.24,2,Bom Despacho/MG/Brasil,Cartão de Crédito,Concluído
TX_12010,2025-09-12 13:28:00,CLI_902,Fone de Ouvido,Eletrônicos,2127.29,4,Salvador/BA/Brasil,Boleto Bancário,Concluído
TX_12011,2025-10-30 14:59:00,CLI_801,Notebook,Eletrônicos,434.17,4,Curitiba/PR/Brasil,Pix,Em Processamento
TX_12012,2025-07-15 03:23:00,CLI_252,Luminária,Casa,768.75,3,Curitiba/PR/Brasil,Cartão de Crédito,Cancelado
TX_12013,2025-04-30 05:56:00,CLI_880,Desenvolvimento Pessoal,Livros,1138.28,2,Rio de Janeiro/RJ/Brasil,Cartão de Crédito,Em Processamento
TX_12014,2025-08-17 00:30:00,CLI_168,Luminária,Casa,2494.53,3,Salvador/BA/Brasil,Cartão de Crédito,Cancelado
TX_12015,2025-08-28 01:44:00,CLI_627,Camiseta,Vestuário,1620.69,5,Rio de Janeiro/RJ/Brasil,Cartão de Crédito,Concluído
TX_12016,2025-03-23 22:33:00,CLI_781,Smartwatch,Eletrônicos,2312.53,3,São Paulo/SP/Brasil,Cartão de Crédito,Em Processamento
TX_12017,2025-12-17 23:57:00,CLI_868,Notebook,Eletrônicos,2159.01,5,Bom Despacho/MG/Brasil,Boleto Bancário,Em Processamento
TX_12018,2025-02-12 15:10:00,CLI_122,Biografia,Livros,2562.38,5,São Paulo/SP/Brasil,Boleto Bancário,Em Processamento
TX_12019,2025-10-07 13:37:00,CLI_366,Luminária,Casa,1074.84,2,São Paulo/SP/Brasil,Cartão de Crédito,Concluído
TX_12020,2025-09-20 07:57:00,CLI_684,Desenvolvimento Pessoal,Livros,3440.25,5,Salvador/BA/Brasil,Pix,Cancelado
TX_12021,2025-01-14 08:51:00,CLI_653,Notebook,Eletrônicos,178.18,4,São Paulo/SP/Brasil,Pix,Cancelado
TX_12022,2025-07-14 19:13:00,CLI_187,Notebook,Eletrônicos,1058.95,4,Rio de Janeiro/RJ/Brasil,Cartão de Crédito,Concluído
TX_12023,2025-05-19 05:38:00,CLI_714,Jaqueta,Vestuário,2351.39,5,Salvador/BA/Brasil,Boleto Bancário,Concluído
TX_12024,2025-12-10 16:17:00,CLI_780,História,Livros,2229.33,3,Salvador/BA/Brasil,Cartão de Crédito,Em Processamento
TX_12025,2025-05-13 03:01:00,CLI_909,Jogo de Cama,Casa,2039.7,1,São Paulo/SP/Brasil,Pix,Cancelado
TX_12026,2025-11-25 08:28:00,CLI_281,Smartwatch,Eletrônicos,1713.96,5,Salvador/BA/Brasil,Boleto Bancário,Concluído
TX_12027,2025-02-24 15:42:00,CLI_694,Cadeira Escritório,Casa,2795.56,4,Bom Despacho/MG/Brasil,Cartão de Crédito,Concluído
TX_12028,2025-11-09 12:50:00,CLI_492,Smartwatch,Eletrônicos,1920.59,3,Bom Despacho/MG/Brasil,Boleto Bancário,Cancelado
TX_12029,2025-09-19 10:39:00,CLI_255,Fone de Ouvido,Eletrônicos,240.69,1,Curitiba/PR/Brasil,Cartão de Crédito,Em Processamento
TX_12030,2025-03-14 05:27:00,CLI_464,Luminária,Casa,,2,Curitiba/PR/Brasil,Boleto Bancário,Cancelado
TX_12031,2025-09-15 19:35:00,CLI_908,Jogo de Cama,Casa,2728.65,3,São Paulo/SP/Brasil,Boleto Bancário,Cancelado
TX_12032,2025-03-12 08:49:00,CLI_504,Camiseta,Vestuário,1686.14,5,Curitiba/PR/Brasil,Pix,Em Processamento
TX_12033,2025-11-16 02:09:00,CLI_191,Smartwatch,Eletrônicos,1060.15,2,São Paulo/SP/Brasil,Cartão de Crédito,Em Processamento
TX_12034,2025-11-24 05:34:00,CLI_940,Tênis,Vestuário,3057.87,4,Salvador/BA/Brasil,Cartão de Crédito,Concluído
TX_12035,2025-01-01 11:39:00,CLI_291,Jaqueta,Vestuário,3433.83,1,Curitiba/PR/Brasil,Pix,Concluído
TX_12036,2026-02-04 23:54:00,CLI_122,Smartwatch,Eletrônicos,3186.38,3,Bom Despacho/MG/Brasil,Pix,Concluído
TX_12037,2025-03-05 21:02:00,CLI_199,Biografia,Livros,1509.78,1,Bom Despacho/MG/Brasil,Cartão de Crédito,Concluído
TX_12038,2025-08-02 13:43:00,CLI_965,Luminária,Casa,235.18,4,Salvador/BA/Brasil,Boleto Bancário,Concluído
TX_12039,2025-10-03 19:33:00,CLI_871,Tênis,Vestuário,1919.97,1,Salvador/BA/Brasil,Boleto Bancário,Em Processamento
TX_12040,2025-10-10 04:57:00,CLI_199,Smartwatch,Eletrônicos,961.17,4,Curitiba/PR/Brasil,Pix,Cancelado
TX_12041,2025-11-15 06:18:00,CLI_503,Notebook,Eletrônicos,2198.67,3,Bom Despacho/MG/Brasil,Boleto Bancário,Cancelado
TX_12042,2025-10-09 15:01:00,CLI_419,Jaqueta,Vestuário,3257.13,4,Salvador/BA/Brasil,Boleto Bancário,Concluído
TX_12043,2025-10-29 08:54:00,CLI_421,Fone de Ouvido,Eletrônicos,2815.47,1,Bom Despacho/MG/Brasil,Cartão de Crédito,Concluído
TX_12044,2025-12-18 16:18:00,CLI_469,Calça Jeans,Vestuário,873.69,4,São Paulo/SP/Brasil,Boleto Bancário,Concluído
TX_12045,2025-08-31 02:40:00,CLI_532,Luminária,Casa,2394.44,1,São Paulo/SP/Brasil,Cartão de Crédito,Em Processamento
TX_12046,2025-06-10 08:29:00,CLI_520,Biografia,Livros,3415.89,2,Curitiba/PR/Brasil,Cartão de Crédito,Em Processamento
TX_12047,2025-11-03 01:54:00,CLI_488,Cafeteira,Casa,1707.0,1,Bom Despacho/MG/Brasil,Cartão de Crédito,Em Processamento
TX_12048,2025-09-29 19:48:00,CLI_356,Jogo de Cama,Casa,638.56,3,Bom Despacho/MG/Brasil,Pix,Cancelado
TX_12049,2025-09-12 14:00:00,CLI_151,Cadeira Escritório,Casa,1154.16,4,Curitiba/PR/Brasil,Pix,Concluído
TX_12050,2025-08-05 12:25:00,CLI_601,Fone de Ouvido,Eletrônicos,2650.59,3,Bom Despacho/MG/Brasil,Boleto Bancário,
TX_12051,2025-04-24 06:33:00,CLI_900,Desenvolvimento Pessoal,Livros,1779.88,5,Bom Despacho/MG/Brasil,Cartão de Crédito,Cancelado
TX_12052,2025-05-13 13:48:00,CLI_996,Calça Jeans,Vestuário,1343.69,2,Bom Despacho/MG/Brasil,Boleto Bancário,Concluído
TX_12053,2025-01-28 03:42:00,CLI_506,Desenvolvimento Pessoal,Livros,2219.69,5,Bom Despacho/MG/Brasil,Boleto Bancário,Concluído
TX_12054,2025-12-22 23:02:00,CLI_535,Camiseta,Vestuário,573.52,2,São Paulo/SP/Brasil,Cartão de Crédito,Concluído
TX_12055,2026-01-26 15:25:00,CLI_538,Tênis,Vestuário,3375.7,4,Rio de Janeiro/RJ/Brasil,Boleto Bancário,Cancelado
TX_12056,2026-01-27 10:47:00,CLI_727,Cadeira Escritório,Casa,249.65,1,Rio de Janeiro/RJ/Brasil,Cartão de Crédito,Concluído
TX_12057,2025-02-17 12:42:00,CLI_972,Tênis,Vestuário,1769.21,3,São Paulo/SP/Brasil,Boleto Bancário,Em Processamento
TX_12058,2026-01-25 18:19:00,CLI_115,Ficção Científica,Livros,392.59,5,São Paulo/SP/Brasil,Boleto Bancário,Cancelado
TX_12059,2025-03-07 06:41:00,CLI_995,História,Livros,290.78,5,Salvador/BA/Brasil,Boleto Bancário,Concluído
TX_12060,2025-08-17 04:36:00,CLI_835,Ficção Científica,Livros,1438.79,3,Bom Despacho/MG/Brasil,Cartão de Crédito,Cancelado
TX_12061,2025-03-26 01:49:00,CLI_308,Notebook,Eletrônicos,1857.74,2,São Paulo/SP/Brasil,Boleto Bancário,Cancelado
TX_12062,2025-06-27 23:46:00,CLI_702,Jogo de Cama,Casa,2557.29,5,Curitiba/PR/Brasil,Cartão de Crédito,Cancelado
TX_12063,2025-05-16 17:32:00,CLI_279,Jogo de Cama,Casa,1094.52,1,Bom Despacho/MG/Brasil,Boleto Bancário,Em Processamento
TX_12064,2025-07-05 09:09:00,CLI_148,Tênis,Vestuário,124.55,4,Bom Despacho/MG/Brasil,Pix,Concluído
TX_12065,2025-06-23 04:58:00,CLI_990,Cafeteira,Casa,700.88,1,Curitiba/PR/Brasil,Cartão de Crédito,Concluído
TX_12066,2025-05-27 18:20:00,CLI_729,Calça Jeans,Vestuário,2682.24,4,Curitiba/PR/Brasil,Boleto Bancário,Em Processamento
TX_12067,2026-02-01 13:35:00,CLI_882,Smartwatch,Eletrônicos,733.89,3,Curitiba/PR/Brasil,Boleto Bancário,Concluído
TX_12068,2025-04-09 18:56:00,CLI_651,Biografia,Livros,1337.58,2,São Paulo/SP/Brasil,Cartão de Crédito,Cancelado
TX_12069,2025-02-01 02:17:00,CLI_721,Luminária,Casa,2747.37,2,Salvador/BA/Brasil,Cartão de Crédito,Concluído
TX_12070,2025-07-17 20:46:00,CLI_911,Jogo de Cama,Casa,3426.33,3,São Paulo/SP/Brasil,Boleto Bancário,Em Processamento
TX_12071,2025-04-28 11:17:00,CLI_968,Tênis,Vestuário,814.87,3,Salvador/BA/Brasil,Cartão de Crédito,Concluído
TX_12072,2025-08-14 16:11:00,CLI_617,Smartphone,Eletrônicos,1013.82,1,Curitiba/PR/Brasil,Pix,Concluído
TX_12073,2025-05-11 22:52:00,CLI_468,Tênis,Vestuário,926.86,4,Bom Despacho/MG/Brasil,Cartão de Crédito,Em Processamento
TX_12074,2025-09-01 20:34:00,CLI_734,Tênis,Vestuário,772.79,5,São Paulo/SP/Brasil,Cartão de Crédito,Concluído
TX_12075,2025-03-05 05:01:00,CLI_649,Jogo de Cama,Casa,1605.88,5,Salvador/BA/Brasil,Boleto Bancário,Concluído
TX_12076,2025-09-28 17:33:00,CLI_895,História,Livros,555.19,5,Salvador/BA/Brasil,Cartão de Crédito,Concluído
TX_12077,2025-12-26 04:32:00,CLI_957,Cadeira Escritório,Casa,1685.5,3,Salvador/BA/Brasil,Pix,Concluído
TX_12078,2025-01-19 03:03:00,CLI_982,Cadeira Escritório,Casa,2555.21,5,Rio de Janeiro/RJ/Brasil,Boleto Bancário,Cancelado
TX_12079,2025-03-09 06:57:00,CLI_951,Jogo de Cama,Casa,1955.26,2,Bom Despacho/MG/Brasil,Boleto Bancário,Cancelado
TX_12080,2025-10-18 03:31:00,CLI_254,Calça Jeans,Vestuário,3415.61,5,Rio de Janeiro/RJ/Brasil,Pix,Concluído
TX_12081,2025-04-18 05:53:00,CLI_629,Biografia,Livros,3036.27,1,Salvador/BA/Brasil,Boleto Bancário,Em Processamento
TX_12082,2025-03-04 01:31:00,CLI_935,Calça Jeans,Vestuário,422.65,2,Rio de Janeiro/RJ/Brasil,Cartão de Crédito,Concluído
TX_12083,2025-12-21 17:49:00,CLI_495,Smartphone,Eletrônicos,1622.66,4,São Paulo/SP/Brasil,Cartão de Crédito,Concluído
TX_12084,2025-03-04 00:22:00,CLI_660,Smartwatch,Eletrônicos,306.39,3,Curitiba/PR/Brasil,Cartão de Crédito,Concluído
TX_12085,2025-02-01 08:01:00,CLI_666,Ficção Científica,Livros,1023.43,3,Bom Despacho/MG/Brasil,Boleto Bancário,Concluído
TX_12086,2025-05-22 14:22:00,CLI_901,Smartphone,Eletrônicos,2632.5,5,Curitiba/PR/Brasil,Boleto Bancário,Concluído
TX_12087,2025-07-29 20:05:00,CLI_423,Tênis,Vestuário,2914.72,1,Bom Despacho/MG/Brasil,Cartão de Crédito,Concluído
TX_12088,2026-01-20 13:47:00,CLI_286,Camiseta,Vestuário,27.23,3,Curitiba/PR/Brasil,Pix,Em Processamento
TX_12089,2025-06-19 00:40:00,CLI_805,História,Livros,175.58,4,São Paulo/SP/Brasil,Boleto Bancário,Cancelado
TX_12090,2025-02-07 00:26:00,CLI_762,Desenvolvimento Pessoal,Livros,1384.56,3,São Paulo/SP/Brasil,Pix,Concluído
TX_12091,2025-01-01 15:15:00,CLI_654,Notebook,Eletrônicos,1143.9,4,Bom Despacho/MG/Brasil,Boleto Bancário,Em Processamento
TX_12092,2025-09-25 20:59:00,CLI_115,Cadeira Escritório,Casa,1294.99,5,São Paulo/SP/Brasil,Cartão de Crédito,Cancelado
TX_12093,2025-10-11 04:48:00,CLI_486,Biografia,Livros,1877.02,5,Bom Despacho/MG/Brasil,Boleto Bancário,Em Processamento
TX_12094,2025-11-07 15:40:00,CLI_903,Biografia,Livros,68.76,2,Curitiba/PR/Brasil,Boleto Bancário,Cancelado
TX_12095,2025-12-16 22:32:00,CLI_756,Smartwatch,Eletrônicos,1706.25,5,Salvador/BA/Brasil,Cartão de Crédito,Concluído
TX_12096,2025-08-08 06:09:00,CLI_471,Fone de Ouvido,Eletrônicos,1595.57,1,Salvador/BA/Brasil,Boleto Bancário,Cancelado
TX_12097,2025-05-02 04:19:00,CLI_122,Ficção Científica,Livros,3302.29,2,Salvador/BA/Brasil,Pix,Concluído
TX_12098,2025-01-08 10:19:00,CLI_180,Biografia,Livros,1943.24,1,Curitiba/PR/Brasil,Boleto Bancário,Concluído
TX_12099,2025-07-04 11:27:00,CLI_622,Camiseta,Vestuário,1110.53,1,Curitiba/PR/Brasil,Pix,Cancelado
TX_12100,2025-12-10 04:42:00,CLI_599,Desenvolvimento Pessoal,Livros,1049.34,5,São Paulo/SP/Brasil,Cartão de Crédito,Concluído
TX_12101,2025-02-17 20:46:00,CLI_829,Notebook,Eletrônicos,2078.89,2,Bom Despacho/MG/Brasil,Pix,Concluído
TX_12102,2025-11-05 16:17:00,CLI_442,Calça Jeans,Vestuário,1800.11,1,Rio de Janeiro/RJ/Brasil,Pix,Concluído
TX_12103,2025-03-09 03:35:00,CLI_943,Cafeteira,Casa,1944.13,3,Bom Despacho/MG/Brasil,Pix,Cancelado
TX_12104,2026-02-04 17:15:00,CLI_229,Fone de Ouvido,Eletrônicos,25.06,5,Curitiba/PR/Brasil,Cartão de Crédito,Concluído
TX_12105,2025-12-30 19:36:00,CLI_118,Cadeira Escritório,Casa,3284.27,1,São Paulo/SP/Brasil,Cartão de Crédito,Cancelado
TX_12106,2025-05-21 01:48:00,CLI_570,Tênis,Vestuário,613.29,2,Curitiba/PR/Brasil,Pix,Cancelado
TX_12107,2025-11-09 11:11:00,CLI_838,Calça Jeans,Vestuário,3100.89,3,Salvador/BA/Brasil,Cartão de Crédito,Concluído
TX_12108,2025-11-30 17:38:00,CLI_287,Smartwatch,Eletrônicos,575.8,3,Salvador/BA/Brasil,Boleto Bancário,Cancelado
TX_12109,2025-08-03 02:28:00,CLI_498,Camiseta,Vestuário,3296.47,5,Rio de Janeiro/RJ/Brasil,Pix,Concluído
TX_12110,2025-06-29 19:11:00,CLI_756,Ficção Científica,Livros,2447.58,1,São Paulo/SP/Brasil,Cartão de Crédito,Concluído
TX_12111,2025-04-02 15:49:00,CLI_926,Luminária,Casa,395.59,1,Salvador/BA/Brasil,Pix,Concluído
TX_12112,2026-01-16 12:22:00,CLI_332,Ficção Científica,Livros,3315.31,4,São Paulo/SP/Brasil,Cartão de Crédito,Em Processamento
TX_12113,2025-01-17 15:46:00,CLI_172,Calça Jeans,Vestuário,2836.67,5,São Paulo/SP/Brasil,Pix,Concluído
TX_12114,2025-12-25 22:18:00,CLI_188,Smartwatch,Eletrônicos,3072.24,5,Bom Despacho/MG/Brasil,Pix,Em Processamento
TX_12115,2025-11-27 04:48:00,CLI_916,Cafeteira,Casa,1992.69,4,Rio de Janeiro/RJ/Brasil,Pix,Em Processamento
TX_12116,2025-03-09 20:18:00,CLI_363,Jaqueta,Vestuário,987.41,4,Bom Despacho/MG/Brasil,Cartão de Crédito,Cancelado
TX_12117,2025-04-14 10:36:00,CLI_930,Notebook,Eletrônicos,1891.39,2,Curitiba/PR/Brasil,Boleto Bancário,Concluído
TX_12118,2025-01-24 05:14:00,CLI_460,Fone de Ouvido,Eletrônicos,2714.77,5,Bom Despacho/MG/Brasil,Pix,Concluído
TX_12119,2025-06-01 07:16:00,CLI_902,Camiseta,Vestuário,2770.48,3,Curitiba/PR/Brasil,Pix,Concluído
TX_12120,2025-08-04 18:05:00,CLI_161,Tênis,Vestuário,1428.63,3,Rio de Janeiro/RJ/Brasil,Boleto Bancário,Cancelado
TX_12121,2025-04-10 20:04:00,CLI_661,Smartwatch,Eletrônicos,778.32,3,Curitiba/PR/Brasil,Pix,Em Processamento
TX_12122,2025-06-12 07:46:00,CLI_491,Tênis,Vestuário,3225.16,3,Rio de Janeiro/RJ/Brasil,Pix,Concluído
TX_12123,2025-01-28 15:12:00,CLI_935,Fone de Ouvido,Eletrônicos,1563.5,3,Bom Despacho/MG/Brasil,Boleto Bancário,Concluído
TX_12124,2025-11-14 11:27:00,CLI_460,Desenvolvimento Pessoal,Livros,294.01,4,Curitiba/PR/Brasil,Cartão de Crédito,Concluído
TX_12125,2025-01-18 18:27:00,CLI_441,Camiseta,Vestuário,3159.56,3,Salvador/BA/Brasil,Cartão de Crédito,Concluído
TX_12126,2025-12-08 20:28:00,CLI_204,Desenvolvimento Pessoal,Livros,3114.85,1,São Paulo/SP/Brasil,Cartão de Crédito,Concluído
TX_12127,2025-11-04 23:26:00,CLI_119,História,Livros,511.0,3,São Paulo/SP/Brasil,Boleto Bancário,Cancelado
TX_12128,2025-03-28 21:38:00,CLI_124,Ficção Científica,Livros,1430.34,5,Rio de Janeiro/RJ/Brasil,Pix,Concluído
TX_12129,2025-12-16 06:02:00,CLI_100,Cafeteira,Casa,3127.0,2,São Paulo/SP/Brasil,Cartão de Crédito,Cancelado
TX_12130,2025-01-06 05:23:00,CLI_980,Cafeteira,Casa,1470.62,1,São Paulo/SP/Brasil,Cartão de Crédito,Concluído
TX_12131,2026-01-04 06:14:00,CLI_999,Fone de Ouvido,Eletrônicos,1224.38,5,Rio de Janeiro/RJ/Brasil,Pix,Cancelado
TX_12132,2025-05-25 01:29:00,CLI_954,Luminária,Casa,1730.71,4,Curitiba/PR/Brasil,Boleto Bancário,Concluído
TX_12133,2025-10-09 01:41:00,CLI_462,Jaqueta,Vestuário,2483.42,5,Salvador/BA/Brasil,Boleto Bancário,Concluído
TX_12134,2025-01-25 00:19:00,CLI_502,Notebook,Eletrônicos,1018.14,5,São Paulo/SP/Brasil,Cartão de Crédito,Concluído
TX_12135,2025-03-02 00:06:00,CLI_384,Notebook,Eletrônicos,1228.51,1,Salvador/BA/Brasil,Cartão de Crédito,Cancelado
TX_12136,2025-02-06 18:31:00,CLI_407,Fone de Ouvido,Eletrônicos,2199.61,1,São Paulo/SP/Brasil,Cartão de Crédito,Concluído
TX_12137,2026-01-25 08:18:00,CLI_482,Tênis,Vestuário,2405.8,3,Bom Despacho/MG/Brasil,Cartão de Crédito,Concluído
TX_12138,2025-01-18 02:01:00,CLI_517,Cadeira Escritório,Casa,3373.68,5,São Paulo/SP/Brasil,Boleto Bancário,Concluído
TX_12139,2025-08-08 18:41:00,CLI_160,Smartwatch,Eletrônicos,271.8,4,Salvador/BA/Brasil,Boleto Bancário,Cancelado
TX_12140,2026-02-03 23:44:00,CLI_347,Desenvolvimento Pessoal,Livros,3486.46,5,São Paulo/SP/Brasil,Pix,Concluído
TX_12141,2025-05-28 10:28:00,CLI_694,Calça Jeans,Vestuário,2450.63,3,Salvador/BA/Brasil,Cartão de Crédito,Concluído
TX_12142,2025-08-23 12:52:00,CLI_876,Smartwatch,Eletrônicos,2970.51,2,Curitiba/PR/Brasil,Pix,Concluído
TX_12143,2025-11-21 11:52:00,CLI_948,Notebook,Eletrônicos,53.52,4,Rio de Janeiro/RJ/Brasil,Cartão de Crédito,Cancelado
TX_12144,2025-07-20 06:16:00,CLI_392,Cafeteira,Casa,383.6,5,Rio de Janeiro/RJ/Brasil,Pix,Concluído
TX_12145,2025-12-26 05:06:00,CLI_324,Notebook,Eletrônicos,2765.63,3,Salvador/BA/Brasil,Pix,Concluído
TX_12146,2025-10-20 01:21:00,CLI_758,Smartphone,Eletrônicos,3134.18,4,São Paulo/SP/Brasil,Boleto Bancário,Concluído
TX_12147,2025-11-23 18:27:00,CLI_669,Jogo de Cama,Casa,3198.63,5,São Paulo/SP/Brasil,Pix,Concluído
TX_12148,2025-02-15 13:06:00,CLI_502,Notebook,Eletrônicos,1562.59,2,São Paulo/SP/Brasil,Boleto Bancário,Concluído
TX_12149,2025-06-21 19:12:00,CLI_669,Cafeteira,Casa,2767.99,5,Curitiba/PR/Brasil,Pix,Concluído
TX_12150,2025-10-31 20:15:00,CLI_889,Camiseta,Vestuário,1490.89,2,Rio de Janeiro/RJ/Brasil,Pix,Concluído
TX_12151,2025-12-10 06:06:00,CLI_916,Calça Jeans,Vestuário,44.52,2,Curitiba/PR/Brasil,Pix,Concluído
TX_12152,2025-05-11 15:46:00,CLI_574,Jogo de Cama,Casa,3116.4,5,São Paulo/SP/Brasil,Cartão de Crédito,Concluído
TX_12153,2025-06-26 05:31:00,CLI_331,Ficção Científica,Livros,2502.22,5,São Paulo/SP/Brasil,Cartão de Crédito,Concluído
TX_12154,2025-02-20 22:05:00,CLI_914,Jaqueta,Vestuário,2133.86,2,Rio de Janeiro/RJ/Brasil,Cartão de Crédito,Concluído
TX_12155,2025-12-18 12:29:00,CLI_679,Smartwatch,Eletrônicos,344.2,1,São Paulo/SP/Brasil,Cartão de Crédito,Em Processamento
TX_12156,2025-07-10 11:20:00,CLI_663,Biografia,Livros,1933.84,5,Salvador/BA/Brasil,Pix,Em Processamento
TX_12157,2025-12-27 23:34:00,CLI_196,História,Livros,1345.29,5,Rio de Janeiro/RJ/Brasil,Cartão de Crédito,Concluído
TX_12158,2025-10-01 23:52:00,CLI_718,Jogo de Cama,Casa,3005.41,1,Curitiba/PR/Brasil,Boleto Bancário,Cancelado
TX_12159,2025-09-18 09:25:00,CLI_439,Jaqueta,Vestuário,3365.64,3,Rio de Janeiro/RJ/Brasil,Cartão de Crédito,Concluído
TX_12160,2025-03-25 00:02:00,CLI_155,Calça Jeans,Vestuário,634.05,2,Curitiba/PR/Brasil,Boleto Bancário,Concluído
TX_12161,2025-12-06 05:18:00,CLI_160,Calça Jeans,Vestuário,893.09,3,Rio de Janeiro/RJ/Brasil,Pix,Cancelado
TX_12162,2026-01-19 17:54:00,CLI_865,Jogo de Cama,Casa,397.33,4,Rio de Janeiro/RJ/Brasil,Pix,Em Processamento
TX_12163,2026-01-12 21:24:00,CLI_852,Camiseta,Vestuário,60.46,1,Rio de Janeiro/RJ/Brasil,Boleto Bancário,Concluído
TX_12164,2025-04-23 04:28:00,CLI_233,Fone de Ouvido,Eletrônicos,2513.53,4,Rio de Janeiro/RJ/Brasil,Pix,Concluído
TX_12165,2026-01-03 06:37:00,CLI_142,Notebook,Eletrônicos,3146.31,2,Bom Despacho/MG/Brasil,Boleto Bancário,Concluído
TX_12166,2025-07-28 08:39:00,CLI_505,Desenvolvimento Pessoal,Livros,701.69,1,São Paulo/SP/Brasil,Pix,Em Processamento
TX_12167,2025-08-24 12:08:00,CLI_507,Jaqueta,Vestuário,3162.28,1,Curitiba/PR/Brasil,Boleto Bancário,Em Processamento
TX_12168,2025-12-17 00:46:00,CLI_767,Calça Jeans,Vestuário,579.22,5,São Paulo/SP/Brasil,Cartão de Crédito,Cancelado
TX_12169,2025-07-13 20:45:00,CLI_141,Smartwatch,Eletrônicos,3014.19,2,Bom Despacho/MG/Brasil,Boleto Bancário,Em Processamento
TX_12170,2025-05-15 08:27:00,CLI_962,Camiseta,Vestuário,3379.28,5,São Paulo/SP/Brasil,Pix,Concluído
TX_12171,2025-03-19 19:22:00,CLI_183,História,Livros,2808.08,2,Rio de Janeiro/RJ/Brasil,Cartão de Crédito,Cancelado
TX_12172,2025-01-29 12:31:00,CLI_515,Ficção Científica,Livros,1956.77,3,Salvador/BA/Brasil,Pix,Cancelado
TX_12173,2025-04-30 23:54:00,CLI_503,Ficção Científica,Livros,3255.57,1,Curitiba/PR/Brasil,Boleto Bancário,Em Processamento
TX_12174,2025-01-31 10:20:00,CLI_695,Desenvolvimento Pessoal,Livros,1014.98,3,Bom Despacho/MG/Brasil,Pix,Concluído
TX_12175,2025-04-11 23:22:00,CLI_413,História,Livros,2122.24,2,Curitiba/PR/Brasil,Boleto Bancário,Concluído
TX_12176,2025-06-04 22:05:00,CLI_719,Desenvolvimento Pessoal,Livros,1328.6,4,São Paulo/SP/Brasil,Cartão de Crédito,Concluído
TX_12177,2025-08-11 04:00:00,CLI_190,Jaqueta,Vestuário,1044.88,2,Rio de Janeiro/RJ/Brasil,Pix,Concluído
TX_12178,2025-12-02 18:56:00,CLI_812,Biografia,Livros,1132.16,2,Bom Despacho/MG/Brasil,Cartão de Crédito,Em Processamento
TX_12179,2025-12-18 21:05:00,CLI_200,Smartwatch,Eletrônicos,2593.57,4,Salvador/BA/Brasil,Cartão de Crédito,Concluído
TX_12180,2025-10-20 23:18:00,CLI_489,Luminária,Casa,933.89,2,Salvador/BA/Brasil,Boleto Bancário,Concluído
TX_12181,2025-08-24 06:22:00,CLI_474,Calça Jeans,Vestuário,2338.49,3,Bom Despacho/MG/Brasil,Boleto Bancário,Concluído
TX_12182,2025-04-14 01:11:00,CLI_928,Calça Jeans,Vestuário,2417.99,1,Bom Despacho/MG/Brasil,Cartão de Crédito,Concluído
TX_12183,2025-07-11 09:06:00,CLI_478,História,Livros,3024.53,4,São Paulo/SP/Brasil,Boleto Bancário,Em Processamento
TX_12184,2025-08-21 13:42:00,CLI_700,Cadeira Escritório,Casa,2496.69,3,Bom Despacho/MG/Brasil,Boleto Bancário,Concluído
TX_12185,2025-08-12 12:39:00,CLI_677,Tênis,Vestuário,1660.58,3,Rio de Janeiro/RJ/Brasil,Pix,Cancelado
TX_12186,2025-04-17 09:34:00,CLI_229,Ficção Científica,Livros,290.59,3,Curitiba/PR/Brasil,Pix,Concluído
TX_12187,2025-06-20 21:06:00,CLI_413,Smartphone,Eletrônicos,1785.54,3,Salvador/BA/Brasil,Cartão de Crédito,Cancelado
TX_12188,2025-10-22 13:00:00,CLI_506,Tênis,Vestuário,,4,Bom Despacho/MG/Brasil,Cartão de Crédito,Concluído
TX_12189,2025-05-22 04:39:00,CLI_345,Camiseta,Vestuário,1297.28,5,Curitiba/PR/Brasil,Cartão de Crédito,Concluído
TX_12190,2025-05-27 01:47:00,CLI_783,Jaqueta,Vestuário,3338.49,5,São Paulo/SP/Brasil,Boleto Bancário,Concluído
TX_12191,2025-03-01 10:16:00,CLI_895,Calça Jeans,Vestuário,1118.82,3,Curitiba/PR/Brasil,Cartão de Crédito,Concluído
TX_12192,2025-12-03 15:37:00,CLI_331,História,Livros,378.31,1,Rio de Janeiro/RJ/Brasil,Cartão de Crédito,Em Processamento
TX_12193,2025-07-02 05:42:00,CLI_245,Smartwatch,Eletrônicos,3262.75,1,Salvador/BA/Brasil,Pix,Em Processamento
TX_12194,2025-05-24 10:51:00,CLI_260,Ficção Científica,Livros,743.77,3,Salvador/BA/Brasil,Boleto Bancário,Concluído
TX_12195,2025-05-17 23:13:00,CLI_766,História,Livros,3117.67,4,Bom Despacho/MG/Brasil,Cartão de Crédito,Concluído
TX_12196,2025-11-28 23:05:00,CLI_125,Biografia,Livros,2424.88,4,Rio de Janeiro/RJ/Brasil,Pix,Concluído
TX_12197,2025-08-20 04:30:00,CLI_691,Jaqueta,Vestuário,1513.46,3,Curitiba/PR/Brasil,Pix,Concluído
TX_12198,2025-02-27 09:30:00,CLI_163,Jaqueta,Vestuário,2265.28,1,São Paulo/SP/Brasil,Boleto Bancário,Concluído
TX_12199,2025-02-02 00:50:00,CLI_476,Jaqueta,Vestuário,1149.31,5,Salvador/BA/Brasil,Boleto Bancário,Concluído
TX_12200,2025-09-05 23:17:00,CLI_282,Smartphone,Eletrônicos,2557.27,1,Rio de Janeiro/RJ/Brasil,Pix,Concluído
TX_12201,2025-03-03 14:31:00,CLI_127,Cadeira Escritório,Casa,2120.69,2,Rio de Janeiro/RJ/Brasil,Boleto Bancário,Concluído
TX_12202,2025-11-18 23:41:00,CLI_188,Jaqueta,Vestuário,1737.9,2,Salvador/BA/Brasil,Cartão de Crédito,Concluído
TX_12203,2025-11-15 11:48:00,CLI_459,Notebook,Eletrônicos,2486.52,5,Curitiba/PR/Brasil,Pix,Concluído
TX_12204,2026-01-07 21:32:00,CLI_976,Notebook,Eletrônicos,1703.97,2,Salvador/BA/Brasil,Pix,Concluído
TX_12205,2025-05-01 05:03:00,CLI_273,Cafeteira,Casa,540.46,4,Rio de Janeiro/RJ/Brasil,Cartão de Crédito,Em Processamento
TX_12206,2025-05-28 12:24:00,CLI_973,Calça Jeans,Vestuário,1665.78,2,São Paulo/SP/Brasil,Pix,Concluído
TX_12207,2025-08-07 02:58:00,CLI_619,Calça Jeans,Vestuário,1234.78,1,Curitiba/PR/Brasil,Pix,Cancelado
TX_12208,2025-08-24 01:33:00,CLI_623,Smartphone,Eletrônicos,668.22,5,Salvador/BA/Brasil,Pix,Concluído
TX_12209,2025-01-20 03:22:00,CLI_114,Calça Jeans,Vestuário,1727.5,2,Curitiba/PR/Brasil,Pix,Concluído
TX_12210,2025-12-14 19:07:00,CLI_747,Jogo de Cama,Casa,3367.25,1,Salvador/BA/Brasil,Pix,Cancelado
TX_12211,2025-09-02 06:50:00,CLI_432,Cafeteira,Casa,,3,Curitiba/PR/Brasil,Cartão de Crédito,Concluído
TX_12212,2025-03-14 05:30:00,CLI_829,Calça Jeans,Vestuário,1786.63,1,Rio de Janeiro/RJ/Brasil,Boleto Bancário,Concluído
TX_12213,2025-10-14 22:52:00,CLI_978,Jogo de Cama,Casa,2595.88,2,Bom Despacho/MG/Brasil,Boleto Bancário,Concluído
TX_12214,2025-01-30 12:52:00,CLI_287,Tênis,Vestuário,2876.37,5,Curitiba/PR/Brasil,Pix,Concluído
TX_12215,2025-05-05 21:41:00,CLI_909,Luminária,Casa,2531.38,2,Curitiba/PR/Brasil,Cartão de Crédito,Concluído
TX_12216,2025-12-17 16:47:00,CLI_382,Fone de Ouvido,Eletrônicos,379.33,2,Curitiba/PR/Brasil,Cartão de Crédito,Cancelado
TX_12217,2025-06-06 04:09:00,CLI_768,Jogo de Cama,Casa,1972.47,2,Salvador/BA/Brasil,Cartão de Crédito,Concluído
TX_12218,2025-07-25 22:33:00,CLI_158,Jaqueta,Vestuário,1787.88,3,Rio de Janeiro/RJ/Brasil,Boleto Bancário,Cancelado
TX_12219,2025-07-17 02:09:00,CLI_421,Jaqueta,Vestuário,2560.78,4,Bom Despacho/MG/Brasil,Cartão de Crédito,Concluído
TX_12220,2025-02-07 05:56:00,CLI_741,Cafeteira,Casa,2314.01,3,Salvador/BA/Brasil,Cartão de Crédito,Cancelado
TX_12221,2025-10-17 22:58:00,CLI_450,Luminária,Casa,1164.87,3,São Paulo/SP/Brasil,Cartão de Crédito,Em Processamento
TX_12222,2025-04-19 20:10:00,CLI_428,Smartwatch,Eletrônicos,1586.24,4,Salvador/BA/Brasil,Pix,Concluído
TX_12223,2025-03-12 00:37:00,CLI_359,Smartwatch,Eletrônicos,603.01,2,São Paulo/SP/Brasil,Boleto Bancário,Concluído
TX_12224,2025-03-11 22:35:00,CLI_191,Smartwatch,Eletrônicos,536.6,1,São Paulo/SP/Brasil,Cartão de Crédito,Em Processamento
TX_12225,2025-07-26 15:47:00,CLI_644,Jaqueta,Vestuário,1989.36,4,Salvador/BA/Brasil,Pix,Concluído
TX_12226,2025-03-26 14:33:00,CLI_602,Biografia,Livros,3127.79,2,São Paulo/SP/Brasil,Cartão de Crédito,Em Processamento
TX_12227,2025-11-30 13:17:00,CLI_791,Calça Jeans,Vestuário,2679.77,4,Curitiba/PR/Brasil,Pix,Em Processamento
TX_12228,2025-05-02 21:45:00,CLI_312,História,Livros,3293.36,5,Bom Despacho/MG/Brasil,Boleto Bancário,Concluído
TX_12229,2025-02-16 21:30:00,CLI_888,Camiseta,Vestuário,1347.08,3,Salvador/BA/Brasil,Cartão de Crédito,Concluído
TX_12230,2025-03-05 04:56:00,CLI_146,Jogo de Cama,Casa,567.51,5,Rio de Janeiro/RJ/Brasil,Cartão de Crédito,Concluído
TX_12231,2025-07-13 09:17:00,CLI_389,Fone de Ouvido,Eletrônicos,1977.2,4,Curitiba/PR/Brasil,Pix,Cancelado
TX_12232,2025-03-13 14:21:00,CLI_674,Smartphone,Eletrônicos,1632.97,3,São Paulo/SP/Brasil,Pix,Em Processamento
TX_12233,2025-06-02 19:32:00,CLI_558,História,Livros,2081.9,3,Curitiba/PR/Brasil,Cartão de Crédito,Cancelado
TX_12234,2025-08-07 23:34:00,CLI_134,Jaqueta,Vestuário,910.41,3,Bom Despacho/MG/Brasil,Cartão de Crédito,Concluído
TX_12235,2025-06-11 23:51:00,CLI_325,Biografia,Livros,1653.86,1,Bom Despacho/MG/Brasil,Boleto Bancário,Cancelado
TX_12236,2025-04-06 15:51:00,CLI_551,Cadeira Escritório,Casa,290.59,5,Salvador/BA/Brasil,Boleto Bancário,Concluído
TX_12237,2025-06-14 07:01:00,CLI_150,Jaqueta,Vestuário,2436.1,5,Rio de Janeiro/RJ/Brasil,Pix,Concluído
TX_12238,2025-02-26 05:30:00,CLI_641,Tênis,Vestuário,576.44,4,Bom Despacho/MG/Brasil,Boleto Bancário,Concluído
TX_12239,2025-02-10 10:43:00,CLI_728,Desenvolvimento Pessoal,Livros,1025.58,5,Rio de Janeiro/RJ/Brasil,Boleto Bancário,Em Processamento
TX_12240,2025-05-25 14:07:00,CLI_773,Cadeira Escritório,Casa,1529.67,3,Bom Despacho/MG/Brasil,Pix,Concluído
TX_12241,2025-12-30 08:47:00,CLI_904,Jogo de Cama,Casa,269.38,3,Bom Despacho/MG/Brasil,Boleto Bancário,Concluído
TX_12242,2025-05-05 08:49:00,CLI_382,Biografia,Livros,2030.44,3,Salvador/BA/Brasil,Cartão de Crédito,Em Processamento
TX_12243,2025-01-09 17:56:00,CLI_877,Cadeira Escritório,Casa,2370.94,5,Bom Despacho/MG/Brasil,Cartão de Crédito,Concluído
TX_12244,2025-06-18 17:05:00,CLI_530,Camiseta,Vestuário,462.14,4,Salvador/BA/Brasil,Boleto Bancário,Concluído
TX_12245,2025-03-22 03:32:00,CLI_108,Luminária,Casa,3492.01,5,Rio de Janeiro/RJ/Brasil,Pix,Concluído
TX_12246,2025-09-03 01:28:00,CLI_590,Notebook,Eletrônicos,1153.98,5,São Paulo/SP/Brasil,Pix,Concluído
TX_12247,2025-06-22 16:07:00,CLI_919,Cadeira Escritório,Casa,2055.83,2,Bom Despacho/MG/Brasil,Cartão de Crédito,Concluído
TX_12248,2025-05-23 19:20:00,CLI_543,Smartphone,Eletrônicos,2971.17,4,Bom Despacho/MG/Brasil,Cartão de Crédito,Concluído
TX_12249,2025-03-14 12:08:00,CLI_209,Camiseta,Vestuário,490.22,1,São Paulo/SP/Brasil,Cartão de Crédito,Cancelado
TX_12250,2025-09-28 20:18:00,CLI_501,Cadeira Escritório,Casa,678.25,5,Bom Despacho/MG/Brasil,Pix,Cancelado
TX_12251,2025-10-21 20:48:00,CLI_323,Smartwatch,Eletrônicos,3306.17,3,São Paulo/SP/Brasil,Boleto Bancário,Concluído
TX_12252,2025-12-23 11:10:00,CLI_506,Jogo de Cama,Casa,1366.78,1,Bom Despacho/MG/Brasil,Cartão de Crédito,Concluído
TX_12253,2025-06-01 06:15:00,CLI_295,Luminária,Casa,2903.42,2,Rio de Janeiro/RJ/Brasil,Boleto Bancário,Concluído
TX_12254,2025-06-08 15:36:00,CLI_399,Notebook,Eletrônicos,653.14,4,Rio de Janeiro/RJ/Brasil,Cartão de Crédito,Concluído
TX_12255,2025-12-06 15:23:00,CLI_831,Fone de Ouvido,Eletrônicos,2034.37,5,Rio de Janeiro/RJ/Brasil,Boleto Bancário,Cancelado
TX_12256,2025-11-30 10:42:00,CLI_827,Smartphone,Eletrônicos,2481.84,2,Salvador/BA/Brasil,Boleto Bancário,Concluído
TX_12257,2025-12-01 03:03:00,CLI_762,Ficção Científica,Livros,2324.38,4,Rio de Janeiro/RJ/Brasil,Pix,Concluído
TX_12258,2025-04-07 01:16:00,CLI_409,Smartwatch,Eletrônicos,739.32,3,Bom Despacho/MG/Brasil,Cartão de Crédito,Concluído
TX_12259,2025-03-25 05:31:00,CLI_934,Tênis,Vestuário,1963.41,3,São Paulo/SP/Brasil,Pix,Cancelado
TX_12260,2026-01-20 11:29:00,CLI_847,Jogo de Cama,Casa,3054.41,2,Curitiba/PR/Brasil,Cartão de Crédito,Concluído
TX_12261,2025-04-30 00:19:00,CLI_239,Calça Jeans,Vestuário,71.6,3,Salvador/BA/Brasil,Pix,Em Processamento
TX_12262,2025-01-06 07:50:00,CLI_122,Notebook,Eletrônicos,779.82,3,Rio de Janeiro/RJ/Brasil,Pix,Cancelado
TX_12263,2025-12-10 14:36:00,CLI_902,Ficção Científica,Livros,1605.19,1,São Paulo/SP/Brasil,Pix,Cancelado
TX_12264,2025-11-09 11:51:00,CLI_868,Jaqueta,Vestuário,2851.2,2,Salvador/BA/Brasil,Boleto Bancário,Concluído
TX_12265,2025-04-18 01:54:00,CLI_180,Tênis,Vestuário,3296.34,2,Bom Despacho/MG/Brasil,Cartão de Crédito,Em Processamento
TX_12266,2025-05-01 00:59:00,CLI_321,Cadeira Escritório,Casa,958.92,2,Rio de Janeiro/RJ/Brasil,Cartão de Crédito,Concluído
TX_12267,2025-10-25 00:33:00,CLI_193,Cadeira Escritório,Casa,1597.95,2,São Paulo/SP/Brasil,Cartão de Crédito,Concluído
TX_12268,2025-01-30 14:59:00,CLI_933,Luminária,Casa,3077.18,4,Bom Despacho/MG/Brasil,Pix,Em Processamento
TX_12269,2025-11-25 21:42:00,CLI_807,Ficção Científica,Livros,1740.74,3,Curitiba/PR/Brasil,Pix,Concluído
TX_12270,2025-07-17 12:16:00,CLI_755,Tênis,Vestuário,,5,São Paulo/SP/Brasil,Pix,Concluído
TX_12271,2025-09-16 02:11:00,CLI_284,Biografia,Livros,557.1,5,Bom Despacho/MG/Brasil,Cartão de Crédito,Em Processamento
TX_12272,2026-01-24 18:13:00,CLI_388,Cadeira Escritório,Casa,2498.45,5,Curitiba/PR/Brasil,Boleto Bancário,Concluído
TX_12273,2025-11-18 06:24:00,CLI_562,Jaqueta,Vestuário,2013.31,1,Rio de Janeiro/RJ/Brasil,Cartão de Crédito,Concluído
TX_12274,2025-01-25 04:04:00,CLI_643,Camiseta,Vestuário,1610.75,5,São Paulo/SP/Brasil,Cartão de Crédito,Concluído
TX_12275,2025-01-26 22:51:00,CLI_175,Cadeira Escritório,Casa,1598.63,1,Salvador/BA/Brasil,Pix,Concluído
TX_12276,2025-03-19 12:01:00,CLI_206,Notebook,Eletrônicos,2063.33,5,Salvador/BA/Brasil,Boleto Bancário,Concluído
TX_12277,2025-06-12 03:44:00,CLI_605,Jogo de Cama,Casa,370.55,2,Salvador/BA/Brasil,Cartão de Crédito,Cancelado
TX_12278,2025-04-23 19:01:00,CLI_565,Desenvolvimento Pessoal,Livros,648.53,1,Rio de Janeiro/RJ/Brasil,Pix,Concluído
TX_12279,2025-07-12 06:00:00,CLI_485,Calça Jeans,Vestuário,2381.76,3,São Paulo/SP/Brasil,Boleto Bancário,Cancelado
TX_12280,2025-12-21 18:25:00,CLI_936,Calça Jeans,Vestuário,696.32,3,São Paulo/SP/Brasil,Pix,Concluído
TX_12281,2025-09-15 17:42:00,CLI_611,Ficção Científica,Livros,1787.38,5,Bom Despacho/MG/Brasil,Pix,Concluído
TX_12282,2025-03-27 00:21:00,CLI_980,Cadeira Escritório,Casa,1319.06,4,São Paulo/SP/Brasil,Boleto Bancário,Concluído
TX_12283,2025-12-16 15:17:00,CLI_608,Fone de Ouvido,Eletrônicos,911.96,2,Rio de Janeiro/RJ/Brasil,Pix,Cancelado
TX_12284,2026-01-15 10:48:00,CLI_524,Calça Jeans,Vestuário,827.6,2,Salvador/BA/Brasil,Pix,Cancelado
TX_12285,2025-03-23 12:14:00,CLI_680,Desenvolvimento Pessoal,Livros,550.33,4,Rio de Janeiro/RJ/Brasil,Cartão de Crédito,Cancelado
TX_12286,2025-11-06 04:34:00,CLI_128,Luminária,Casa,2294.61,5,Rio de Janeiro/RJ/Brasil,Boleto Bancário,Concluído
TX_12287,2025-02-06 11:00:00,CLI_985,Tênis,Vestuário,3343.35,4,São Paulo/SP/Brasil,Cartão de Crédito,Concluído
TX_12288,2026-01-23 22:41:00,CLI_817,Tênis,Vestuário,2041.76,2,Bom Despacho/MG/Brasil,Pix,Concluído
TX_12289,2025-03-30 21:14:00,CLI_840,Biografia,Livros,1048.86,2,Curitiba/PR/Brasil,Cartão de Crédito,Cancelado
TX_12290,2025-12-06 08:50:00,CLI_738,Ficção Científica,Livros,1807.59,5,Bom Despacho/MG/Brasil,Pix,Concluído
TX_12291,2025-04-25 22:20:00,CLI_651,Calça Jeans,Vestuário,2664.59,1,São Paulo/SP/Brasil,Cartão de Crédito,Concluído
TX_12292,2025-11-25 02:51:00,CLI_281,Calça Jeans,Vestuário,2979.01,1,São Paulo/SP/Brasil,Cartão de Crédito,Concluído
TX_12293,2025-12-06 03:50:00,CLI_828,Cafeteira,Casa,,2,Salvador/BA/Brasil,Pix,Em Processamento
TX_12294,2025-06-02 00:17:00,CLI_206,História,Livros,2676.06,1,Curitiba/PR/Brasil,Boleto Bancário,Concluído
TX_12295,2025-06-08 10:25:00,CLI_868,Luminária,Casa,480.47,1,Curitiba/PR/Brasil,Cartão de Crédito,Cancelado
TX_12296,2025-11-23 17:54:00,CLI_591,Jaqueta,Vestuário,867.26,3,Curitiba/PR/Brasil,Boleto Bancário,Concluído
TX_12297,2025-07-24 10:36:00,CLI_893,História,Livros,2612.56,5,Bom Despacho/MG/Brasil,Pix,Concluído
TX_12298,2025-02-27 20:50:00,CLI_244,Tênis,Vestuário,2506.28,4,Rio de Janeiro/RJ/Brasil,Cartão de Crédito,Concluído
TX_12299,2025-01-09 10:25:00,CLI_806,Notebook,Eletrônicos,237.91,3,Rio de Janeiro/RJ/Brasil,Cartão de Crédito,Em Processamento
TX_12300,2025-05-25 16:34:00,CLI_623,Jogo de Cama,Casa,3210.87,5,São Paulo/SP/Brasil,Boleto Bancário,Concluído
TX_12301,2025-08-17 05:14:00,CLI_945,Smartwatch,Eletrônicos,2664.82,5,Salvador/BA/Brasil,Boleto Bancário,Em Processamento
TX_12302,2025-09-21 23:50:00,CLI_303,Luminária,Casa,401.46,5,Rio de Janeiro/RJ/Brasil,Cartão de Crédito,Concluído
TX_12303,2025-07-29 00:42:00,CLI_855,Jaqueta,Vestuário,2413.34,2,Curitiba/PR/Brasil,Boleto Bancário,Concluído
TX_12304,2025-04-11 05:30:00,CLI_652,Smartphone,Eletrônicos,1188.26,5,Bom Despacho/MG/Brasil,Pix,Concluído
TX_12305,2025-11-20 01:35:00,CLI_434,Smartphone,Eletrônicos,2836.5,3,Bom Despacho/MG/Brasil,Cartão de Crédito,Em Processamento
TX_12306,2025-10-11 23:31:00,CLI_265,Camiseta,Vestuário,3238.29,5,Bom Despacho/MG/Brasil,Cartão de Crédito,Em Processamento
TX_12307,2025-07-23 18:13:00,CLI_814,Smartphone,Eletrônicos,1521.2,4,Curitiba/PR/Brasil,Pix,Concluído
TX_12308,2025-04-16 17:07:00,CLI_724,Calça Jeans,Vestuário,3126.95,2,Salvador/BA/Brasil,Cartão de Crédito,Cancelado
TX_12309,2025-06-22 21:40:00,CLI_216,Ficção Científica,Livros,3093.21,5,Salvador/BA/Brasil,Pix,Concluído
TX_12310,2025-05-07 14:48:00,CLI_665,História,Livros,1076.89,1,São Paulo/SP/Brasil,Cartão de Crédito,Concluído
TX_12311,2025-03-22 06:51:00,CLI_331,Calça Jeans,Vestuário,2513.38,2,Salvador/BA/Brasil,Cartão de Crédito,Em Processamento
TX_12312,2025-08-25 20:28:00,CLI_845,Tênis,Vestuário,2998.64,5,Rio de Janeiro/RJ/Brasil,Pix,Concluído
TX_12313,2025-09-10 13:09:00,CLI_197,Smartwatch,Eletrônicos,2282.49,4,Curitiba/PR/Brasil,Boleto Bancário,Concluído
TX_12314,2025-09-25 03:25:00,CLI_976,Camiseta,Vestuário,2294.85,3,Salvador/BA/Brasil,Cartão de Crédito,Concluído
TX_12315,2025-08-16 13:59:00,CLI_219,Jaqueta,Vestuário,1620.35,5,Salvador/BA/Brasil,Boleto Bancário,Concluído
TX_12316,2025-10-01 21:57:00,CLI_352,Cadeira Escritório,Casa,1900.45,3,Salvador/BA/Brasil,Pix,Cancelado
TX_12317,2025-12-26 13:20:00,CLI_485,Camiseta,Vestuário,1299.71,4,Rio de Janeiro/RJ/Brasil,Boleto Bancário,Cancelado
TX_12318,2025-02-18 04:43:00,CLI_431,Tênis,Vestuário,1577.04,3,Salvador/BA/Brasil,Boleto Bancário,Em Processamento
TX_12319,2025-04-25 20:33:00,CLI_379,Tênis,Vestuário,2354.0,1,Bom Despacho/MG/Brasil,Pix,Concluído
TX_12320,2025-05-18 21:24:00,CLI_586,Camiseta,Vestuário,512.38,5,Curitiba/PR/Brasil,Pix,Cancelado
TX_12321,2025-10-21 21:07:00,CLI_505,Luminária,Casa,1703.24,5,Curitiba/PR/Brasil,Cartão de Crédito,Em Processamento
TX_12322,2025-05-11 19:05:00,CLI_460,Desenvolvimento Pessoal,Livros,2404.26,5,Curitiba/PR/Brasil,Pix,Cancelado
TX_12323,2025-04-10 20:45:00,CLI_921,Luminária,Casa,1771.68,3,Salvador/BA/Brasil,Cartão de Crédito,Cancelado
TX_12324,2025-08-23 17:42:00,CLI_745,Biografia,Livros,1211.62,4,Bom Despacho/MG/Brasil,Boleto Bancário,Em Processamento
TX_12325,2026-02-02 19:56:00,CLI_646,Smartwatch,Eletrônicos,112.42,3,Bom Despacho/MG/Brasil,Pix,
TX_12326,2025-06-17 05:50:00,CLI_221,Jaqueta,Vestuário,2927.39,1,São Paulo/SP/Brasil,Cartão de Crédito,Cancelado
TX_12327,2025-07-23 13:39:00,CLI_396,Jaqueta,Vestuário,1941.78,1,São Paulo/SP/Brasil,Cartão de Crédito,Em Processamento
TX_12328,2025-05-10 12:14:00,CLI_632,Tênis,Vestuário,378.75,2,Salvador/BA/Brasil,Cartão de Crédito,Em Processamento
TX_12329,2025-09-05 10:24:00,CLI_782,Camiseta,Vestuário,2854.59,5,Bom Despacho/MG/Brasil,Cartão de Crédito,Em Processamento
TX_12330,2025-10-11 11:51:00,CLI_525,Desenvolvimento Pessoal,Livros,3445.1,2,São Paulo/SP/Brasil,Cartão de Crédito,Concluído
TX_12331,2025-01-25 00:01:00,CLI_317,Desenvolvimento Pessoal,Livros,175.05,3,São Paulo/SP/Brasil,Boleto Bancário,Cancelado
TX_12332,2026-02-03 20:21:00,CLI_464,Ficção Científica,Livros,2263.0,1,Salvador/BA/Brasil,Pix,Cancelado
TX_12333,2025-05-14 19:17:00,CLI_296,Luminária,Casa,2891.76,5,Salvador/BA/Brasil,Boleto Bancário,Concluído
TX_12334,2025-01-27 17:09:00,CLI_879,História,Livros,1687.29,1,Salvador/BA/Brasil,Boleto Bancário,Concluído
TX_12335,2025-11-26 01:11:00,CLI_131,Biografia,Livros,408.8,2,Curitiba/PR/Brasil,Pix,Concluído
TX_12336,2025-05-19 10:05:00,CLI_410,Smartphone,Eletrônicos,3324.68,3,Rio de Janeiro/RJ/Brasil,Cartão de Crédito,Em Processamento
TX_12337,2025-05-21 22:42:00,CLI_451,Smartwatch,Eletrônicos,3342.1,5,Curitiba/PR/Brasil,Pix,Concluído
TX_12338,2025-07-13 04:50:00,CLI_906,Tênis,Vestuário,2726.74,1,São Paulo/SP/Brasil,Pix,Concluído
TX_12339,2025-06-11 14:31:00,CLI_886,História,Livros,636.24,2,Rio de Janeiro/RJ/Brasil,Cartão de Crédito,Em Processamento
TX_12340,2025-04-21 21:40:00,CLI_763,Fone de Ouvido,Eletrônicos,2314.77,4,Rio de Janeiro/RJ/Brasil,Cartão de Crédito,Concluído
TX_12341,2025-07-19 10:21:00,CLI_654,Desenvolvimento Pessoal,Livros,1020.68,3,Curitiba/PR/Brasil,Pix,Em Processamento
TX_12342,2025-03-29 03:17:00,CLI_968,Jaqueta,Vestuário,2886.95,2,Bom Despacho/MG/Brasil,Boleto Bancário,Concluído
TX_12343,2025-02-11 04:40:00,CLI_394,Luminária,Casa,1175.56,3,Curitiba/PR/Brasil,Cartão de Crédito,Concluído
TX_12344,2026-01-15 08:30:00,CLI_503,Camiseta,Vestuário,460.12,2,São Paulo/SP/Brasil,Cartão de Crédito,Concluído
TX_12345,2025-11-21 15:48:00,CLI_606,Biografia,Livros,562.33,3,Rio de Janeiro/RJ/Brasil,Boleto Bancário,Em Processamento
TX_12346,2025-06-14 23:02:00,CLI_428,Tênis,Vestuário,1946.19,2,Salvador/BA/Brasil,Cartão de Crédito,Em Processamento
TX_12347,2025-03-13 10:40:00,CLI_203,Jogo de Cama,Casa,1430.19,5,Bom Despacho/MG/Brasil,Pix,Cancelado
TX_12348,2025-02-04 01:52:00,CLI_444,Luminária,Casa,3208.09,5,Curitiba/PR/Brasil,Boleto Bancário,Concluído
TX_12349,2025-02-17 08:49:00,CLI_558,Cafeteira,Casa,1597.57,3,Salvador/BA/Brasil,Pix,Concluído
TX_12350,2026-01-31 04:49:00,CLI_404,Jogo de Cama,Casa,1542.69,5,Bom Despacho/MG/Brasil,Boleto Bancário,Concluído
TX_12351,2025-07-02 19:49:00,CLI_407,Smartwatch,Eletrônicos,2462.61,5,São Paulo/SP/Brasil,Pix,Concluído
TX_12352,2025-04-15 01:15:00,CLI_441,Cafeteira,Casa,,5,Salvador/BA/Brasil,Boleto Bancário,Concluído
TX_12353,2025-09-29 07:25:00,CLI_531,Calça Jeans,Vestuário,304.76,1,São Paulo/SP/Brasil,Boleto Bancário,Concluído
TX_12354,2025-01-20 17:30:00,CLI_585,Calça Jeans,Vestuário,1778.51,2,Curitiba/PR/Brasil,Boleto Bancário,Concluído
TX_12355,2025-10-06 16:13:00,CLI_301,Jogo de Cama,Casa,48.6,5,Curitiba/PR/Brasil,Pix,Concluído
TX_12356,2025-04-03 04:10:00,CLI_555,Luminária,Casa,2424.91,4,Bom Despacho/MG/Brasil,Pix,Concluído
TX_12357,2025-09-20 01:42:00,CLI_203,Jogo de Cama,Casa,1798.92,1,Curitiba/PR/Brasil,Pix,Cancelado
TX_12358,2025-05-23 13:01:00,CLI_608,Biografia,Livros,320.36,4,Bom Despacho/MG/Brasil,Pix,Cancelado
TX_12359,2025-02-03 10:35:00,CLI_329,Jaqueta,Vestuário,746.5,4,Salvador/BA/Brasil,Cartão de Crédito,Em Processamento
TX_12360,2025-05-15 11:39:00,CLI_153,Cadeira Escritório,Casa,2139.43,5,Curitiba/PR/Brasil,Boleto Bancário,Concluído
TX_12361,2025-09-30 20:19:00,CLI_667,Smartphone,Eletrônicos,1200.89,2,São Paulo/SP/Brasil,Boleto Bancário,Concluído
TX_12362,2025-02-18 02:54:00,CLI_653,Tênis,Vestuário,2086.66,5,Rio de Janeiro/RJ/Brasil,Pix,Concluído
TX_12363,2025-05-22 17:33:00,CLI_895,Tênis,Vestuário,1815.71,5,Curitiba/PR/Brasil,Boleto Bancário,Em Processamento
TX_12364,2025-03-29 19:09:00,CLI_997,Desenvolvimento Pessoal,Livros,1307.71,4,Curitiba/PR/Brasil,Pix,Em Processamento
TX_12365,2026-01-15 03:47:00,CLI_962,Jogo de Cama,Casa,2079.29,2,Salvador/BA/Brasil,Cartão de Crédito,Concluído
TX_12366,2025-11-08 22:32:00,CLI_778,História,Livros,2962.36,1,Salvador/BA/Brasil,Cartão de Crédito,Concluído
TX_12367,2025-08-25 00:29:00,CLI_436,Jaqueta,Vestuário,2630.89,5,São Paulo/SP/Brasil,Pix,Concluído
TX_12368,2025-04-16 14:31:00,CLI_608,Luminária,Casa,2665.51,2,Bom Despacho/MG/Brasil,Boleto Bancário,Cancelado
TX_12369,2026-01-07 07:25:00,CLI_753,Smartphone,Eletrônicos,118.45,5,Rio de Janeiro/RJ/Brasil,Boleto Bancário,Concluído
TX_12370,2025-10-23 08:23:00,CLI_724,Ficção Científica,Livros,3451.46,4,São Paulo/SP/Brasil,Boleto Bancário,Concluído
TX_12371,2025-01-06 00:46:00,CLI_855,Cafeteira,Casa,2785.32,5,Salvador/BA/Brasil,Boleto Bancário,Concluído
TX_12372,2025-10-23 01:36:00,CLI_479,Smartwatch,Eletrônicos,1114.95,5,Curitiba/PR/Brasil,Pix,Cancelado
TX_12373,2025-02-15 21:26:00,CLI_948,Calça Jeans,Vestuário,2304.62,5,Bom Despacho/MG/Brasil,Boleto Bancário,Concluído
TX_12374,2025-04-10 04:19:00,CLI_789,Ficção Científica,Livros,1390.05,1,Bom Despacho/MG/Brasil,Cartão de Crédito,Em Processamento
TX_12375,2025-05-08 18:10:00,CLI_228,Camiseta,Vestuário,2987.12,4,São Paulo/SP/Brasil,Pix,Concluído
TX_12376,2025-05-05 14:33:00,CLI_143,Cafeteira,Casa,2015.28,5,São Paulo/SP/Brasil,Pix,Em Processamento
TX_12377,2025-05-26 11:11:00,CLI_162,Smartphone,Eletrônicos,3079.43,3,São Paulo/SP/Brasil,Cartão de Crédito,Cancelado
TX_12378,2025-06-25 23:47:00,CLI_914,Jaqueta,Vestuário,2757.76,4,São Paulo/SP/Brasil,Cartão de Crédito,Cancelado
TX_12379,2025-02-10 07:24:00,CLI_806,Biografia,Livros,1230.15,5,Curitiba/PR/Brasil,Pix,Em Processamento
TX_12380,2025-05-04 21:07:00,CLI_161,Calça Jeans,Vestuário,2469.54,3,Bom Despacho/MG/Brasil,Boleto Bancário,Concluído
TX_12381,2025-11-21 09:57:00,CLI_561,Ficção Científica,Livros,2334.82,1,Bom Despacho/MG/Brasil,Boleto Bancário,Concluído
TX_12382,2025-10-27 16:38:00,CLI_681,História,Livros,662.99,3,Rio de Janeiro/RJ/Brasil,Cartão de Crédito,Concluído
TX_12383,2025-07-21 23:10:00,CLI_728,Desenvolvimento Pessoal,Livros,163.42,2,Rio de Janeiro/RJ/Brasil,Boleto Bancário,Concluído
TX_12384,2025-08-22 00:57:00,CLI_975,História,Livros,567.05,5,Rio de Janeiro/RJ/Brasil,Pix,Cancelado
TX_12385,2025-05-08 10:04:00,CLI_281,Ficção Científica,Livros,1831.52,4,Bom Despacho/MG/Brasil,Pix,Concluído
TX_12386,2025-01-18 03:34:00,CLI_738,Smartwatch,Eletrônicos,3497.13,4,São Paulo/SP/Brasil,Pix,Concluído
TX_12387,2025-05-16 01:27:00,CLI_482,Cafeteira,Casa,3372.22,1,Curitiba/PR/Brasil,Cartão de Crédito,Em Processamento
TX_12388,2025-04-20 00:16:00,CLI_370,Notebook,Eletrônicos,512.34,4,Curitiba/PR/Brasil,Cartão de Crédito,Cancelado
TX_12389,2025-11-21 08:50:00,CLI_792,Camiseta,Vestuário,958.0,1,Bom Despacho/MG/Brasil,Boleto Bancário,Em Processamento
TX_12390,2025-01-12 19:38:00,CLI_521,Tênis,Vestuário,2019.34,1,Rio de Janeiro/RJ/Brasil,Pix,Cancelado
TX_12391,2025-11-17 23:37:00,CLI_103,Desenvolvimento Pessoal,Livros,2000.29,2,Salvador/BA/Brasil,Boleto Bancário,Em Processamento
TX_12392,2025-06-13 11:58:00,CLI_214,Cadeira Escritório,Casa,2997.04,2,Bom Despacho/MG/Brasil,Pix,Em Processamento
TX_12393,2025-03-05 15:28:00,CLI_372,Biografia,Livros,3110.61,1,Curitiba/PR/Brasil,Boleto Bancário,Cancelado
TX_12394,2025-05-19 01:11:00,CLI_307,Smartphone,Eletrônicos,1078.16,2,Curitiba/PR/Brasil,Boleto Bancário,Em Processamento
TX_12395,2025-10-08 16:02:00,CLI_553,Smartwatch,Eletrônicos,2286.87,3,Rio de Janeiro/RJ/Brasil,Boleto Bancário,Concluído
TX_12396,2025-05-26 16:12:00,CLI_560,Calça Jeans,Vestuário,63.53,3,Curitiba/PR/Brasil,Cartão de Crédito,Concluído
TX_12397,2025-02-27 11:54:00,CLI_297,Smartphone,Eletrônicos,1801.59,4,Salvador/BA/Brasil,Cartão de Crédito,Concluído
TX_12398,2025-06-28 09:01:00,CLI_906,Jaqueta,Vestuário,596.5,1,Rio de Janeiro/RJ/Brasil,Pix,Concluído
TX_12399,2025-11-09 01:11:00,CLI_841,Calça Jeans,Vestuário,2288.52,4,São Paulo/SP/Brasil,Pix,Concluído
TX_12400,2025-02-03 00:40:00,CLI_157,Fone de Ouvido,Eletrônicos,2479.86,4,Bom Despacho/MG/Brasil,Boleto Bancário,Em Processamento
TX_12401,2025-04-21 05:26:00,CLI_377,Luminária,Casa,1308.74,2,Salvador/BA/Brasil,Boleto Bancário,Concluído
TX_12402,2025-06-08 03:22:00,CLI_749,Smartwatch,Eletrônicos,3233.74,2,Salvador/BA/Brasil,Pix,Em Processamento
TX_12403,2026-01-09 19:02:00,CLI_586,Ficção Científica,Livros,541.32,4,Salvador/BA/Brasil,Pix,Em Processamento
TX_12404,2025-04-01 12:44:00,CLI_180,Biografia,Livros,3471.62,3,Rio de Janeiro/RJ/Brasil,Cartão de Crédito,Concluído
TX_12405,2025-12-22 22:02:00,CLI_789,Luminária,Casa,760.74,4,Bom Despacho/MG/Brasil,Cartão de Crédito,Concluído
TX_12406,2025-06-06 13:03:00,CLI_638,Smartphone,Eletrônicos,1519.2,4,Rio de Janeiro/RJ/Brasil,Cartão de Crédito,Concluído
TX_12407,2025-10-07 13:37:00,CLI_559,Ficção Científica,Livros,2435.19,2,Rio de Janeiro/RJ/Brasil,Cartão de Crédito,Concluído
TX_12408,2025-06-21 08:04:00,CLI_500,Smartphone,Eletrônicos,3128.02,4,Salvador/BA/Brasil,Boleto Bancário,Concluído
TX_12409,2025-07-29 18:33:00,CLI_697,Fone de Ouvido,Eletrônicos,123.65,3,Rio de Janeiro/RJ/Brasil,Pix,Cancelado
TX_12410,2025-02-19 16:53:00,CLI_349,Luminária,Casa,490.92,5,São Paulo/SP/Brasil,Cartão de Crédito,Concluído
TX_12411,2025-08-25 03:03:00,CLI_294,Biografia,Livros,2637.93,1,Salvador/BA/Brasil,Boleto Bancário,Cancelado
TX_12412,2025-02-25 06:58:00,CLI_653,Calça Jeans,Vestuário,2848.29,5,São Paulo/SP/Brasil,Cartão de Crédito,Em Processamento
TX_12413,2025-09-11 04:51:00,CLI_290,Ficção Científica,Livros,433.03,3,Curitiba/PR/Brasil,Pix,Concluído
TX_12414,2025-02-26 19:26:00,CLI_271,Ficção Científica,Livros,1921.84,1,Curitiba/PR/Brasil,Pix,Concluído
TX_12415,2025-05-06 13:53:00,CLI_155,Desenvolvimento Pessoal,Livros,3441.63,2,Bom Despacho/MG/Brasil,Cartão de Crédito,Concluído
TX_12416,2025-07-04 04:55:00,CLI_195,Jogo de Cama,Casa,2273.09,1,Rio de Janeiro/RJ/Brasil,Cartão de Crédito,Concluído
TX_12417,2025-05-19 02:48:00,CLI_245,Calça Jeans,Vestuário,3340.91,1,Salvador/BA/Brasil,Boleto Bancário,Concluído
TX_12418,2025-04-03 12:49:00,CLI_731,Cadeira Escritório,Casa,93.77,2,Curitiba/PR/Brasil,Pix,Concluído
TX_12419,2025-03-08 16:03:00,CLI_518,Luminária,Casa,289.98,4,Rio de Janeiro/RJ/Brasil,Boleto Bancário,Concluído
TX_12420,2025-06-26 23:37:00,CLI_467,Notebook,Eletrônicos,2051.45,3,Bom Despacho/MG/Brasil,Cartão de Crédito,Cancelado
TX_12421,2025-02-24 19:37:00,CLI_783,Notebook,Eletrônicos,399.88,5,São Paulo/SP/Brasil,Boleto Bancário,Concluído
TX_12422,2025-07-27 23:59:00,CLI_392,Jaqueta,Vestuário,2567.79,5,Salvador/BA/Brasil,Pix,Concluído
TX_12423,2025-12-12 14:22:00,CLI_229,História,Livros,760.42,4,Salvador/BA/Brasil,Cartão de Crédito,Concluído
TX_12424,2025-05-13 00:48:00,CLI_623,Cafeteira,Casa,2625.97,4,Curitiba/PR/Brasil,Boleto Bancário,Em Processamento
TX_12425,2025-01-17 16:44:00,CLI_398,Smartphone,Eletrônicos,2174.69,5,Salvador/BA/Brasil,Cartão de Crédito,Concluído
TX_12426,2025-01-26 13:46:00,CLI_684,Desenvolvimento Pessoal,Livros,2583.37,5,São Paulo/SP/Brasil,Cartão de Crédito,Cancelado
TX_12427,2025-04-28 09:30:00,CLI_653,Calça Jeans,Vestuário,952.52,4,Bom Despacho/MG/Brasil,Pix,Cancelado
TX_12428,2025-04-25 19:35:00,CLI_640,Notebook,Eletrônicos,1444.61,3,São Paulo/SP/Brasil,Pix,Concluído
TX_12429,2025-02-03 05:40:00,CLI_304,Camiseta,Vestuário,2606.03,4,Rio de Janeiro/RJ/Brasil,Boleto Bancário,Concluído
TX_12430,2025-01-01 07:06:00,CLI_879,Fone de Ouvido,Eletrônicos,774.05,1,Bom Despacho/MG/Brasil,Cartão de Crédito,Concluído
TX_12431,2026-01-16 13:45:00,CLI_564,Biografia,Livros,848.87,1,Bom Despacho/MG/Brasil,Boleto Bancário,Concluído
TX_12432,2025-05-10 04:03:00,CLI_515,Smartphone,Eletrônicos,2797.15,1,São Paulo/SP/Brasil,Boleto Bancário,Concluído
TX_12433,2025-03-13 23:23:00,CLI_606,Biografia,Livros,717.37,4,Rio de Janeiro/RJ/Brasil,Boleto Bancário,Em Processamento
TX_12434,2025-01-05 18:29:00,CLI_914,Ficção Científica,Livros,2569.7,3,Curitiba/PR/Brasil,Boleto Bancário,Concluído
TX_12435,2025-07-18 08:21:00,CLI_141,História,Livros,191.56,5,Bom Despacho/MG/Brasil,Boleto Bancário,Em Processamento
TX_12436,2025-08-11 04:03:00,CLI_199,Jogo de Cama,Casa,2534.7,2,Rio de Janeiro/RJ/Brasil,Pix,Concluído
TX_12437,2025-02-17 22:36:00,CLI_718,Smartphone,Eletrônicos,1950.21,3,Bom Despacho/MG/Brasil,Boleto Bancário,Concluído
TX_12438,2025-06-08 05:07:00,CLI_118,Jogo de Cama,Casa,674.06,3,Salvador/BA/Brasil,Boleto Bancário,Concluído
TX_12439,2025-06-15 08:09:00,CLI_384,Fone de Ouvido,Eletrônicos,1453.86,1,Rio de Janeiro/RJ/Brasil,Pix,Concluído
TX_12440,2025-10-25 09:19:00,CLI_983,Desenvolvimento Pessoal,Livros,1424.41,4,Bom Despacho/MG/Brasil,Cartão de Crédito,Concluído
TX_12441,2025-03-12 09:06:00,CLI_759,Smartphone,Eletrônicos,2527.75,2,Salvador/BA/Brasil,Boleto Bancário,Em Processamento
TX_12442,2025-12-01 07:35:00,CLI_625,Notebook,Eletrônicos,1571.88,3,Rio de Janeiro/RJ/Brasil,Cartão de Crédito,Concluído
TX_12443,2025-09-29 11:49:00,CLI_612,Biografia,Livros,3107.04,4,São Paulo/SP/Brasil,Pix,Concluído
TX_12444,2025-07-03 21:44:00,CLI_297,Jaqueta,Vestuário,1449.38,2,Rio de Janeiro/RJ/Brasil,Cartão de Crédito,Concluído
TX_12445,2025-05-31 02:58:00,CLI_263,Ficção Científica,Livros,2174.85,5,São Paulo/SP/Brasil,Cartão de Crédito,Em Processamento
TX_12446,2025-03-01 23:26:00,CLI_528,Luminária,Casa,3284.86,2,Salvador/BA/Brasil,Boleto Bancário,Concluído
TX_12447,2025-12-07 13:34:00,CLI_217,Luminária,Casa,3093.54,1,Bom Despacho/MG/Brasil,Pix,Em Processamento
TX_12448,2025-05-16 14:33:00,CLI_518,Calça Jeans,Vestuário,97.01,1,São Paulo/SP/Brasil,Cartão de Crédito,Em Processamento
TX_12449,2025-02-14 01:00:00,CLI_191,Calça Jeans,Vestuário,2536.07,2,Curitiba/PR/Brasil,Cartão de Crédito,Concluído
TX_12450,2025-02-15 04:16:00,CLI_130,Ficção Científica,Livros,2297.2,3,Bom Despacho/MG/Brasil,Boleto Bancário,Concluído
TX_12451,2025-08-11 11:05:00,CLI_329,Smartwatch,Eletrônicos,3345.69,3,Curitiba/PR/Brasil,Pix,Cancelado
TX_12452,2025-03-15 15:00:00,CLI_529,Fone de Ouvido,Eletrônicos,3456.7,3,Rio de Janeiro/RJ/Brasil,Pix,Concluído
TX_12453,2025-05-02 00:14:00,CLI_474,Smartphone,Eletrônicos,1754.78,2,Bom Despacho/MG/Brasil,Boleto Bancário,Concluído
TX_12454,2025-05-01 11:56:00,CLI_671,Biografia,Livros,3364.44,1,Bom Despacho/MG/Brasil,Pix,Cancelado
TX_12455,2026-01-23 03:27:00,CLI_867,Calça Jeans,Vestuário,2382.67,4,Bom Despacho/MG/Brasil,Boleto Bancário,Concluído
TX_12456,2025-09-18 13:22:00,CLI_967,História,Livros,1472.79,4,São Paulo/SP/Brasil,Pix,Cancelado
TX_12457,2025-02-09 21:12:00,CLI_552,Calça Jeans,Vestuário,3095.3,4,Bom Despacho/MG/Brasil,Boleto Bancário,Cancelado
TX_12458,2025-08-28 02:44:00,CLI_778,Cafeteira,Casa,571.36,1,Curitiba/PR/Brasil,Boleto Bancário,Concluído
TX_12459,2025-07-31 03:42:00,CLI_925,Luminária,Casa,1793.26,5,São Paulo/SP/Brasil,Boleto Bancário,Cancelado
TX_12460,2025-05-01 10:41:00,CLI_984,Jogo de Cama,Casa,962.49,2,Rio de Janeiro/RJ/Brasil,Pix,Concluído
TX_12461,2025-10-08 05:12:00,CLI_213,Cadeira Escritório,Casa,540.59,3,Curitiba/PR/Brasil,Boleto Bancário,Cancelado
TX_12462,2025-07-02 08:45:00,CLI_688,Cafeteira,Casa,2753.01,1,Rio de Janeiro/RJ/Brasil,Pix,Concluído
TX_12463,2025-02-21 22:53:00,CLI_827,Luminária,Casa,2149.42,2,São Paulo/SP/Brasil,Boleto Bancário,Em Processamento
TX_12464,2025-05-08 00:05:00,CLI_977,Notebook,Eletrônicos,2345.39,2,Curitiba/PR/Brasil,Pix,Concluído
TX_12465,2025-09-15 06:06:00,CLI_841,Cafeteira,Casa,240.73,5,Salvador/BA/Brasil,Pix,Em Processamento
TX_12466,2025-07-27 08:51:00,CLI_986,Ficção Científica,Livros,,3,Curitiba/PR/Brasil,Cartão de Crédito,Concluído
TX_12467,2025-03-24 12:39:00,CLI_418,Notebook,Eletrônicos,698.32,3,São Paulo/SP/Brasil,Cartão de Crédito,Concluído
TX_12468,2025-12-29 13:42:00,CLI_152,Camiseta,Vestuário,1098.68,5,São Paulo/SP/Brasil,Pix,Concluído
TX_12469,2025-02-21 21:54:00,CLI_993,Jaqueta,Vestuário,1775.75,1,Rio de Janeiro/RJ/Brasil,Cartão de Crédito,Concluído
TX_12470,2025-02-23 20:17:00,CLI_557,Camiseta,Vestuário,1934.39,5,Rio de Janeiro/RJ/Brasil,Boleto Bancário,Em Processamento
TX_12471,2025-05-22 01:06:00,CLI_113,Smartphone,Eletrônicos,746.35,4,São Paulo/SP/Brasil,Cartão de Crédito,Concluído
TX_12472,2025-10-29 15:55:00,CLI_880,Smartwatch,Eletrônicos,2288.03,4,São Paulo/SP/Brasil,Cartão de Crédito,Concluído
TX_12473,2025-12-17 21:03:00,CLI_869,Biografia,Livros,3467.33,5,Bom Despacho/MG/Brasil,Pix,Concluído
TX_12474,2025-06-18 12:26:00,CLI_109,Cadeira Escritório,Casa,2205.97,1,Salvador/BA/Brasil,Cartão de Crédito,Cancelado
TX_12475,2025-09-29 05:39:00,CLI_823,Jogo de Cama,Casa,431.04,4,Bom Despacho/MG/Brasil,Cartão de Crédito,Em Processamento
TX_12476,2025-03-12 15:58:00,CLI_713,Ficção Científica,Livros,2665.18,2,Curitiba/PR/Brasil,Pix,Concluído
TX_12477,2025-01-15 18:51:00,CLI_806,Ficção Científica,Livros,1799.27,5,Curitiba/PR/Brasil,Pix,Concluído
TX_12478,2026-01-24 20:04:00,CLI_748,Calça Jeans,Vestuário,3457.64,3,Salvador/BA/Brasil,Pix,Cancelado
TX_12479,2025-06-23 07:44:00,CLI_141,Notebook,Eletrônicos,1574.22,4,Curitiba/PR/Brasil,Boleto Bancário,Concluído
TX_12480,2025-10-08 00:30:00,CLI_789,Notebook,Eletrônicos,2533.94,5,Bom Despacho/MG/Brasil,Pix,Concluído
TX_12481,2025-03-28 22:13:00,CLI_363,Ficção Científica,Livros,2346.92,3,São Paulo/SP/Brasil,Cartão de Crédito,Concluído
TX_12482,2025-03-25 04:08:00,CLI_500,Jaqueta,Vestuário,2054.0,4,Rio de Janeiro/RJ/Brasil,Boleto Bancário,Cancelado
TX_12483,2025-07-23 22:44:00,CLI_583,Cadeira Escritório,Casa,84.43,4,Bom Despacho/MG/Brasil,Boleto Bancário,Concluído
TX_12484,2025-12-20 04:02:00,CLI_351,Smartwatch,Eletrônicos,2029.55,3,Salvador/BA/Brasil,Boleto Bancário,Concluído
TX_12485,2026-01-12 03:56:00,CLI_958,Fone de Ouvido,Eletrônicos,1431.9,3,São Paulo/SP/Brasil,Cartão de Crédito,Cancelado
TX_12486,2025-01-05 07:25:00,CLI_302,Smartphone,Eletrônicos,1283.47,5,Curitiba/PR/Brasil,Pix,Concluído
TX_12487,2025-11-14 18:22:00,CLI_986,Jogo de Cama,Casa,789.13,2,São Paulo/SP/Brasil,Pix,Em Processamento
TX_12488,2025-01-13 00:20:00,CLI_408,Luminária,Casa,3196.37,4,Rio de Janeiro/RJ/Brasil,Boleto Bancário,Concluído
TX_12489,2025-01-24 05:01:00,CLI_203,Fone de Ouvido,Eletrônicos,1298.53,1,Rio de Janeiro/RJ/Brasil,Pix,Cancelado
TX_12490,2025-07-26 08:21:00,CLI_336,Cadeira Escritório,Casa,2342.1,5,Bom Despacho/MG/Brasil,Pix,Concluído
TX_12491,2025-01-02 11:07:00,CLI_117,Luminária,Casa,2873.35,3,São Paulo/SP/Brasil,Pix,Cancelado
TX_12492,2025-09-16 19:58:00,CLI_906,Jogo de Cama,Casa,1494.33,1,Curitiba/PR/Brasil,Pix,Cancelado
TX_12493,2026-01-17 03:47:00,CLI_240,Tênis,Vestuário,1917.84,1,Bom Despacho/MG/Brasil,Pix,Cancelado
TX_12494,2025-04-30 20:12:00,CLI_481,Luminária,Casa,2681.29,4,Rio de Janeiro/RJ/Brasil,Boleto Bancário,Concluído
TX_12495,2025-03-21 12:50:00,CLI_974,Cafeteira,Casa,3287.03,1,Bom Despacho/MG/Brasil,Boleto Bancário,Em Processamento
TX_12496,2026-01-11 13:05:00,CLI_119,Biografia,Livros,549.98,3,Rio de Janeiro/RJ/Brasil,Pix,Concluído
TX_12497,2025-08-28 04:49:00,CLI_137,Cadeira Escritório,Casa,1262.99,4,Curitiba/PR/Brasil,Cartão de Crédito,Concluído
TX_12498,2025-09-14 15:49:00,CLI_225,Biografia,Livros,1275.36,3,São Paulo/SP/Brasil,Boleto Bancário,Cancelado
TX_12499,2025-04-21 03:20:00,CLI_598,Jaqueta,Vestuário,1123.4,2,São Paulo/SP/Brasil,Boleto Bancário,Concluído
TX_12500,2025-02-07 10:17:00,CLI_615,Jaqueta,Vestuário,2965.67,4,Bom Despacho/MG/Brasil,Boleto Bancário,Concluído
TX_12501,2025-10-16 05:53:00,CLI_440,Ficção Científica,Livros,919.57,4,Rio de Janeiro/RJ/Brasil,Boleto Bancário,Em Processamento
TX_12502,2025-04-06 18:56:00,CLI_628,Biografia,Livros,2921.16,1,Curitiba/PR/Brasil,Pix,Cancelado
TX_12503,2025-01-06 15:12:00,CLI_768,Desenvolvimento Pessoal,Livros,3124.9,2,Rio de Janeiro/RJ/Brasil,Cartão de Crédito,Cancelado
TX_12504,2025-04-17 18:43:00,CLI_510,Notebook,Eletrônicos,1673.47,2,Bom Despacho/MG/Brasil,Pix,Em Processamento
TX_12505,2025-08-09 17:12:00,CLI_955,Calça Jeans,Vestuário,1671.01,1,Salvador/BA/Brasil,Pix,Concluído
TX_12506,2025-12-14 07:58:00,CLI_280,Cadeira Escritório,Casa,215.51,3,Salvador/BA/Brasil,Pix,Concluído
TX_12507,2025-01-14 23:27:00,CLI_637,Luminária,Casa,3303.41,5,Bom Despacho/MG/Brasil,Cartão de Crédito,Cancelado
TX_12508,2025-06-17 20:20:00,CLI_974,Jaqueta,Vestuário,1581.06,3,São Paulo/SP/Brasil,Cartão de Crédito,Concluído
TX_12509,2025-08-19 01:58:00,CLI_854,Tênis,Vestuário,1665.81,5,Curitiba/PR/Brasil,Pix,Cancelado
TX_12510,2025-03-23 14:53:00,CLI_970,Cafeteira,Casa,283.26,1,Bom Despacho/MG/Brasil,Cartão de Crédito,Em Processamento
TX_12511,2025-09-02 07:10:00,CLI_980,Jogo de Cama,Casa,1417.51,2,Rio de Janeiro/RJ/Brasil,Pix,Concluído
TX_12512,2025-03-31 21:57:00,CLI_250,Camiseta,Vestuário,1695.28,1,Rio de Janeiro/RJ/Brasil,Cartão de Crédito,Cancelado
TX_12513,2025-11-07 04:07:00,CLI_603,Cadeira Escritório,Casa,386.53,2,Curitiba/PR/Brasil,Cartão de Crédito,Concluído
TX_12514,2025-05-28 09:09:00,CLI_957,Tênis,Vestuário,1940.42,5,São Paulo/SP/Brasil,Boleto Bancário,Concluído
TX_12515,2025-02-23 14:30:00,CLI_692,Fone de Ouvido,Eletrônicos,42.4,5,Rio de Janeiro/RJ/Brasil,Cartão de Crédito,Concluído
TX_12516,2025-10-19 18:45:00,CLI_114,Notebook,Eletrônicos,348.36,3,Curitiba/PR/Brasil,Cartão de Crédito,Cancelado
TX_12517,2025-02-01 14:24:00,CLI_659,Cadeira Escritório,Casa,103.08,1,São Paulo/SP/Brasil,Pix,Cancelado
TX_12518,2025-07-24 06:37:00,CLI_556,Notebook,Eletrônicos,3106.52,1,São Paulo/SP/Brasil,Pix,Concluído
TX_12519,2025-04-12 07:07:00,CLI_289,Fone de Ouvido,Eletrônicos,1455.24,4,Salvador/BA/Brasil,Cartão de Crédito,Concluído
TX_12520,2025-04-25 03:51:00,CLI_983,Cadeira Escritório,Casa,2832.06,2,Salvador/BA/Brasil,Boleto Bancário,Concluído
TX_12521,2025-10-12 00:10:00,CLI_652,História,Livros,789.69,5,Rio de Janeiro/RJ/Brasil,Cartão de Crédito,Cancelado
TX_12522,2025-03-22 11:56:00,CLI_730,Cafeteira,Casa,2553.92,5,São Paulo/SP/Brasil,Pix,Concluído
TX_12523,2025-08-25 23:55:00,CLI_261,Calça Jeans,Vestuário,3469.7,4,Rio de Janeiro/RJ/Brasil,Cartão de Crédito,Em Processamento
TX_12524,2025-03-02 13:13:00,CLI_327,Notebook,Eletrônicos,1227.99,1,Salvador/BA/Brasil,Pix,Em Processamento
TX_12525,2025-08-09 14:19:00,CLI_563,Ficção Científica,Livros,1392.04,3,Rio de Janeiro/RJ/Brasil,Cartão de Crédito,Cancelado
TX_12526,2025-04-16 20:04:00,CLI_600,Tênis,Vestuário,937.74,5,Bom Despacho/MG/Brasil,Pix,Concluído
TX_12527,2025-10-07 14:50:00,CLI_408,Ficção Científica,Livros,2858.98,4,Salvador/BA/Brasil,Boleto Bancário,Cancelado
TX_12528,2025-03-28 01:31:00,CLI_658,Cadeira Escritório,Casa,50.65,1,São Paulo/SP/Brasil,Boleto Bancário,Concluído
TX_12529,2026-01-31 02:39:00,CLI_480,Notebook,Eletrônicos,2721.55,3,Rio de Janeiro/RJ/Brasil,Cartão de Crédito,Em Processamento
TX_12530,2025-10-05 19:32:00,CLI_135,Fone de Ouvido,Eletrônicos,2052.96,2,Bom Despacho/MG/Brasil,Cartão de Crédito,Concluído
TX_12531,2025-03-30 00:13:00,CLI_271,Calça Jeans,Vestuário,867.7,1,Rio de Janeiro/RJ/Brasil,Cartão de Crédito,Concluído
TX_12532,2025-01-31 03:52:00,CLI_733,Cafeteira,Casa,3098.31,2,Bom Despacho/MG/Brasil,Pix,Concluído
TX_12533,2025-07-27 19:49:00,CLI_616,Luminária,Casa,2848.86,5,Rio de Janeiro/RJ/Brasil,Pix,Concluído
TX_12534,2025-03-25 10:03:00,CLI_970,Calça Jeans,Vestuário,873.32,2,Rio de Janeiro/RJ/Brasil,Boleto Bancário,Cancelado
TX_12535,2025-01-14 11:50:00,CLI_677,Camiseta,Vestuário,2616.97,5,Salvador/BA/Brasil,Boleto Bancário,Concluído
TX_12536,2026-01-21 09:13:00,CLI_192,Notebook,Eletrônicos,578.5,5,Bom Despacho/MG/Brasil,Cartão de Crédito,Cancelado
TX_12537,2025-11-10 20:31:00,CLI_729,Cadeira Escritório,Casa,481.63,1,Bom Despacho/MG/Brasil,Cartão de Crédito,Concluído
TX_12538,2025-04-12 02:34:00,CLI_592,Jaqueta,Vestuário,1617.35,5,Curitiba/PR/Brasil,Pix,Concluído
TX_12539,2025-07-16 06:13:00,CLI_709,Camiseta,Vestuário,2715.44,3,São Paulo/SP/Brasil,Boleto Bancário,Concluído
TX_12540,2025-11-15 03:20:00,CLI_700,Jaqueta,Vestuário,476.55,4,Bom Despacho/MG/Brasil,Pix,Concluído
TX_12541,2025-07-10 07:55:00,CLI_839,Camiseta,Vestuário,1411.73,4,Curitiba/PR/Brasil,Pix,Cancelado
TX_12542,2025-11-19 13:36:00,CLI_357,Jogo de Cama,Casa,1350.09,2,Salvador/BA/Brasil,Boleto Bancário,Concluído
TX_12543,2026-01-28 07:48:00,CLI_127,Ficção Científica,Livros,30.72,5,Curitiba/PR/Brasil,Cartão de Crédito,Em Processamento
TX_12544,2025-05-19 02:05:00,CLI_295,Cafeteira,Casa,594.26,1,Rio de Janeiro/RJ/Brasil,Cartão de Crédito,Concluído
TX_12545,2025-01-06 10:50:00,CLI_196,Tênis,Vestuário,959.11,2,Bom Despacho/MG/Brasil,Cartão de Crédito,Em Processamento
TX_12546,2025-12-08 01:41:00,CLI_629,Fone de Ouvido,Eletrônicos,2981.96,4,Rio de Janeiro/RJ/Brasil,Boleto Bancário,Cancelado
TX_12547,2025-11-06 04:19:00,CLI_483,Tênis,Vestuário,2428.1,3,Curitiba/PR/Brasil,Cartão de Crédito,
TX_12548,2025-11-18 23:03:00,CLI_429,Notebook,Eletrônicos,2455.94,5,Bom Despacho/MG/Brasil,Cartão de Crédito,Em Processamento
TX_12549,2026-01-31 18:31:00,CLI_594,Camiseta,Vestuário,1731.84,4,Bom Despacho/MG/Brasil,Pix,Cancelado
TX_12550,2026-01-23 05:48:00,CLI_703,Calça Jeans,Vestuário,2069.64,5,Rio de Janeiro/RJ/Brasil,Pix,Concluído
TX_12551,2025-01-30 05:39:00,CLI_448,Fone de Ouvido,Eletrônicos,1643.44,5,Salvador/BA/Brasil,Boleto Bancário,Concluído
TX_12552,2025-09-24 11:23:00,CLI_751,Desenvolvimento Pessoal,Livros,1769.54,3,São Paulo/SP/Brasil,Boleto Bancário,Em Processamento
TX_12553,2025-12-25 14:55:00,CLI_827,Calça Jeans,Vestuário,2781.17,2,Bom Despacho/MG/Brasil,Pix,Concluído
TX_12554,2025-09-04 04:16:00,CLI_774,Fone de Ouvido,Eletrônicos,2051.99,2,Curitiba/PR/Brasil,Pix,Concluído
TX_12555,2025-02-11 19:59:00,CLI_501,Tênis,Vestuário,603.17,2,Bom Despacho/MG/Brasil,Cartão de Crédito,Concluído
TX_12556,2025-10-01 06:15:00,CLI_461,Luminária,Casa,2556.74,4,São Paulo/SP/Brasil,Cartão de Crédito,Concluído
TX_12557,2025-07-30 06:26:00,CLI_703,Biografia,Livros,2665.27,2,Salvador/BA/Brasil,Boleto Bancário,Concluído
TX_12558,2025-05-06 09:20:00,CLI_189,Notebook,Eletrônicos,1016.85,5,Rio de Janeiro/RJ/Brasil,Cartão de Crédito,Em Processamento
TX_12559,2025-12-26 22:21:00,CLI_527,Smartphone,Eletrônicos,1389.55,4,Salvador/BA/Brasil,Cartão de Crédito,Concluído
TX_12560,2025-05-15 11:41:00,CLI_947,História,Livros,2939.41,5,São Paulo/SP/Brasil,Pix,Cancelado
TX_12561,2025-09-02 09:43:00,CLI_762,Calça Jeans,Vestuário,152.09,2,São Paulo/SP/Brasil,Boleto Bancário,Concluído
TX_12562,2025-04-23 08:23:00,CLI_479,Smartphone,Eletrônicos,2674.11,5,Salvador/BA/Brasil,Boleto Bancário,Concluído
TX_12563,2025-08-26 03:11:00,CLI_188,Calça Jeans,Vestuário,3324.49,2,Bom Despacho/MG/Brasil,Pix,Concluído
TX_12564,2025-09-28 04:54:00,CLI_572,Smartwatch,Eletrônicos,1708.2,1,São Paulo/SP/Brasil,Pix,Cancelado
TX_12565,2025-12-17 14:16:00,CLI_950,Cadeira Escritório,Casa,2944.29,4,São Paulo/SP/Brasil,Pix,Concluído
TX_12566,2025-12-29 17:56:00,CLI_830,Desenvolvimento Pessoal,Livros,3288.78,1,Rio de Janeiro/RJ/Brasil,Cartão de Crédito,Em Processamento
TX_12567,2025-03-30 06:49:00,CLI_377,Jogo de Cama,Casa,1491.45,4,Curitiba/PR/Brasil,Pix,Concluído
TX_12568,2025-04-12 14:00:00,CLI_217,Camiseta,Vestuário,58.32,5,Rio de Janeiro/RJ/Brasil,Pix,Concluído
TX_12569,2025-03-12 06:49:00,CLI_832,Smartwatch,Eletrônicos,360.51,3,Bom Despacho/MG/Brasil,Pix,Concluído
TX_12570,2025-04-02 15:50:00,CLI_581,Notebook,Eletrônicos,2309.85,4,Curitiba/PR/Brasil,Boleto Bancário,Concluído
TX_12571,2025-08-05 23:38:00,CLI_313,História,Livros,2768.29,5,São Paulo/SP/Brasil,Pix,Concluído
TX_12572,2025-02-05 16:09:00,CLI_435,Fone de Ouvido,Eletrônicos,3006.34,1,Curitiba/PR/Brasil,Boleto Bancário,Em Processamento
TX_12573,2025-09-11 21:09:00,CLI_730,Ficção Científica,Livros,1982.74,2,São Paulo/SP/Brasil,Pix,Concluído
TX_12574,2025-10-14 07:28:00,CLI_555,Notebook,Eletrônicos,1087.17,3,Bom Despacho/MG/Brasil,Cartão de Crédito,Cancelado
TX_12575,2025-06-26 14:37:00,CLI_899,Calça Jeans,Vestuário,1183.32,2,Bom Despacho/MG/Brasil,Boleto Bancário,Cancelado
TX_12576,2026-01-25 00:22:00,CLI_269,Cadeira Escritório,Casa,1265.89,3,Salvador/BA/Brasil,Boleto Bancário,Concluído
TX_12577,2025-08-03 19:05:00,CLI_681,Jaqueta,Vestuário,159.5,4,Rio de Janeiro/RJ/Brasil,Cartão de Crédito,Concluído
TX_12578,2025-12-01 00:24:00,CLI_103,Desenvolvimento Pessoal,Livros,2090.74,2,São Paulo/SP/Brasil,Boleto Bancário,Concluído
TX_12579,2025-03-31 03:07:00,CLI_500,Cadeira Escritório,Casa,2545.5,2,Bom Despacho/MG/Brasil,Pix,Em Processamento
TX_12580,2026-02-04 07:31:00,CLI_588,Smartphone,Eletrônicos,1874.7,3,Salvador/BA/Brasil,Boleto Bancário,Cancelado
TX_12581,2025-11-28 21:40:00,CLI_520,Fone de Ouvido,Eletrônicos,2583.58,3,Curitiba/PR/Brasil,Cartão de Crédito,Cancelado
TX_12582,2025-08-23 01:44:00,CLI_505,Cafeteira,Casa,2551.18,1,Rio de Janeiro/RJ/Brasil,Boleto Bancário,Cancelado
TX_12583,2025-08-01 15:57:00,CLI_234,Cadeira Escritório,Casa,2382.84,4,Bom Despacho/MG/Brasil,Cartão de Crédito,Cancelado
TX_12584,2025-12-22 02:58:00,CLI_631,Fone de Ouvido,Eletrônicos,1314.09,5,Bom Despacho/MG/Brasil,Boleto Bancário,Em Processamento
TX_12585,2025-08-20 16:13:00,CLI_812,Smartphone,Eletrônicos,596.78,1,Rio de Janeiro/RJ/Brasil,Cartão de Crédito,Em Processamento
TX_12586,2025-12-24 15:30:00,CLI_765,Cafeteira,Casa,2946.78,5,São Paulo/SP/Brasil,Pix,Concluído
TX_12587,2025-07-30 14:37:00,CLI_134,Jogo de Cama,Casa,1191.05,1,Bom Despacho/MG/Brasil,Cartão de Crédito,
TX_12588,2025-10-31 17:22:00,CLI_351,Desenvolvimento Pessoal,Livros,751.29,4,Curitiba/PR/Brasil,Pix,Cancelado
TX_12589,2025-08-30 23:55:00,CLI_910,Camiseta,Vestuário,3108.51,1,Curitiba/PR/Brasil,Boleto Bancário,Concluído
TX_12590,2025-07-30 16:13:00,CLI_688,Calça Jeans,Vestuário,2253.67,1,Curitiba/PR/Brasil,Boleto Bancário,Concluído
TX_12591,2025-04-22 17:08:00,CLI_878,História,Livros,1163.27,5,Bom Despacho/MG/Brasil,Cartão de Crédito,Cancelado
TX_12592,2025-08-01 06:58:00,CLI_411,Biografia,Livros,2383.88,2,Salvador/BA/Brasil,Boleto Bancário,Em Processamento
TX_12593,2026-01-15 10:44:00,CLI_917,História,Livros,3479.99,3,São Paulo/SP/Brasil,Cartão de Crédito,Concluído
TX_12594,2025-12-22 15:32:00,CLI_160,Calça Jeans,Vestuário,929.33,5,São Paulo/SP/Brasil,Pix,Concluído
TX_12595,2025-07-28 13:20:00,CLI_310,História,Livros,666.06,1,São Paulo/SP/Brasil,Cartão de Crédito,Cancelado
TX_12596,2025-04-09 19:48:00,CLI_695,Camiseta,Vestuário,632.93,5,Curitiba/PR/Brasil,Boleto Bancário,Concluído
TX_12597,2025-10-15 05:15:00,CLI_528,Jaqueta,Vestuário,2462.96,2,São Paulo/SP/Brasil,Cartão de Crédito,Cancelado
TX_12598,2025-10-01 14:26:00,CLI_942,Smartwatch,Eletrônicos,2909.15,5,São Paulo/SP/Brasil,Pix,Concluído
TX_12599,2025-01-16 07:02:00,CLI_835,Desenvolvimento Pessoal,Livros,2438.66,5,Rio de Janeiro/RJ/Brasil,Boleto Bancário,Concluído
TX_12600,2025-06-04 23:27:00,CLI_755,Notebook,Eletrônicos,2111.24,1,Bom Despacho/MG/Brasil,Cartão de Crédito,Concluído
TX_12601,2025-01-14 12:59:00,CLI_713,Cadeira Escritório,Casa,641.02,5,Curitiba/PR/Brasil,Pix,Em Processamento
TX_12602,2025-07-08 08:49:00,CLI_721,Biografia,Livros,1863.8,3,São Paulo/SP/Brasil,Cartão de Crédito,Em Processamento
TX_12603,2025-12-24 05:00:00,CLI_901,Jogo de Cama,Casa,3052.4,1,São Paulo/SP/Brasil,Pix,Em Processamento
TX_12604,2025-09-15 00:11:00,CLI_495,Smartwatch,Eletrônicos,2224.55,3,Curitiba/PR/Brasil,Boleto Bancário,Concluído
TX_12605,2025-10-24 01:46:00,CLI_205,Fone de Ouvido,Eletrônicos,1337.95,3,Salvador/BA/Brasil,Boleto Bancário,Concluído
TX_12606,2025-04-13 15:19:00,CLI_893,Fone de Ouvido,Eletrônicos,176.64,4,São Paulo/SP/Brasil,Cartão de Crédito,Em Processamento
TX_12607,2025-01-22 15:13:00,CLI_149,Jaqueta,Vestuário,724.5,5,Bom Despacho/MG/Brasil,Boleto Bancário,Em Processamento
TX_12608,2025-03-23 13:43:00,CLI_253,Smartphone,Eletrônicos,1857.49,5,Curitiba/PR/Brasil,Pix,Em Processamento
TX_12609,2025-09-27 11:08:00,CLI_870,Tênis,Vestuário,3313.64,1,Bom Despacho/MG/Brasil,Pix,Concluído
TX_12610,2025-11-20 09:24:00,CLI_190,Jogo de Cama,Casa,277.29,5,Curitiba/PR/Brasil,Cartão de Crédito,Cancelado
TX_12611,2025-03-29 16:07:00,CLI_515,Smartwatch,Eletrônicos,1380.82,1,São Paulo/SP/Brasil,Boleto Bancário,Concluído
TX_12612,2025-11-16 04:05:00,CLI_567,Camiseta,Vestuário,213.01,2,Rio de Janeiro/RJ/Brasil,Pix,Concluído
TX_12613,2025-04-22 11:07:00,CLI_922,Cafeteira,Casa,2088.09,2,Bom Despacho/MG/Brasil,Boleto Bancário,Concluído
TX_12614,2025-02-11 06:05:00,CLI_111,Cadeira Escritório,Casa,2579.21,3,São Paulo/SP/Brasil,Boleto Bancário,Concluído
TX_12615,2025-04-21 13:55:00,CLI_710,Jogo de Cama,Casa,79.71,1,Bom Despacho/MG/Brasil,Cartão de Crédito,Concluído
TX_12616,2025-01-05 06:14:00,CLI_664,Desenvolvimento Pessoal,Livros,,5,Rio de Janeiro/RJ/Brasil,Pix,Cancelado
TX_12617,2025-07-12 22:09:00,CLI_879,Notebook,Eletrônicos,1579.27,2,Salvador/BA/Brasil,Pix,Concluído
TX_12618,2026-01-27 23:32:00,CLI_415,Desenvolvimento Pessoal,Livros,161.47,3,Rio de Janeiro/RJ/Brasil,Cartão de Crédito,Cancelado
TX_12619,2025-08-14 12:32:00,CLI_897,Luminária,Casa,3296.58,1,Salvador/BA/Brasil,Cartão de Crédito,Cancelado
TX_12620,2025-06-30 19:27:00,CLI_562,Jogo de Cama,Casa,3493.3,2,São Paulo/SP/Brasil,Boleto Bancário,Concluído
TX_12621,2025-03-19 06:44:00,CLI_230,Cadeira Escritório,Casa,819.41,1,Curitiba/PR/Brasil,Pix,Cancelado
TX_12622,2025-10-27 02:30:00,CLI_232,História,Livros,1314.32,3,Bom Despacho/MG/Brasil,Boleto Bancário,Cancelado
TX_12623,2025-05-12 06:20:00,CLI_719,Calça Jeans,Vestuário,1842.66,2,São Paulo/SP/Brasil,Cartão de Crédito,Cancelado
TX_12624,2025-08-02 13:35:00,CLI_174,Camiseta,Vestuário,3383.25,5,Curitiba/PR/Brasil,Boleto Bancário,Cancelado
TX_12625,2025-07-13 20:49:00,CLI_704,Calça Jeans,Vestuário,3181.75,5,Bom Despacho/MG/Brasil,Boleto Bancário,Concluído
TX_12626,2026-01-20 18:52:00,CLI_852,Calça Jeans,Vestuário,1678.95,4,Bom Despacho/MG/Brasil,Boleto Bancário,Em Processamento
TX_12627,2025-11-09 06:23:00,CLI_481,História,Livros,3208.53,4,Curitiba/PR/Brasil,Cartão de Crédito,Concluído
TX_12628,2025-09-26 05:53:00,CLI_150,Notebook,Eletrônicos,1838.55,3,Bom Despacho/MG/Brasil,Boleto Bancário,Concluído
TX_12629,2025-11-05 18:01:00,CLI_863,Fone de Ouvido,Eletrônicos,675.75,5,Rio de Janeiro/RJ/Brasil,Cartão de Crédito,Concluído
TX_12630,2025-01-16 00:09:00,CLI_168,Jaqueta,Vestuário,1024.23,1,São Paulo/SP/Brasil,Boleto Bancário,Cancelado
TX_12631,2026-01-06 02:17:00,CLI_911,Biografia,Livros,1077.78,2,Salvador/BA/Brasil,Cartão de Crédito,Concluído
TX_12632,2025-03-02 00:34:00,CLI_309,Notebook,Eletrônicos,1815.3,5,Bom Despacho/MG/Brasil,Pix,Concluído
TX_12633,2025-01-17 20:11:00,CLI_727,Jaqueta,Vestuário,1897.41,3,Rio de Janeiro/RJ/Brasil,Boleto Bancário,Cancelado
TX_12634,2025-06-01 00:23:00,CLI_437,Jogo de Cama,Casa,2179.48,2,Rio de Janeiro/RJ/Brasil,Cartão de Crédito,Em Processamento
TX_12635,2025-04-29 01:03:00,CLI_683,Calça Jeans,Vestuário,3264.72,4,Bom Despacho/MG/Brasil,Pix,Em Processamento
TX_12636,2025-11-14 13:40:00,CLI_228,Fone de Ouvido,Eletrônicos,3205.08,5,Salvador/BA/Brasil,Boleto Bancário,Concluído
TX_12637,2025-03-09 00:08:00,CLI_187,Cadeira Escritório,Casa,1666.4,3,Salvador/BA/Brasil,Cartão de Crédito,Concluído
TX_12638,2025-02-21 17:57:00,CLI_540,História,Livros,2007.97,4,Curitiba/PR/Brasil,Cartão de Crédito,Concluído
TX_12639,2025-06-07 16:45:00,CLI_363,Fone de Ouvido,Eletrônicos,435.0,2,Rio de Janeiro/RJ/Brasil,Pix,Concluído
TX_12640,2025-12-05 21:07:00,CLI_423,Notebook,Eletrônicos,2978.71,1,Curitiba/PR/Brasil,Cartão de Crédito,Concluído
TX_12641,2025-04-11 21:55:00,CLI_273,História,Livros,270.36,3,Curitiba/PR/Brasil,Cartão de Crédito,Concluído
TX_12642,2026-01-26 22:38:00,CLI_283,Ficção Científica,Livros,3381.5,2,Salvador/BA/Brasil,Boleto Bancário,Concluído
TX_12643,2025-09-05 06:36:00,CLI_315,Notebook,Eletrônicos,1616.78,2,Salvador/BA/Brasil,Pix,Concluído
TX_12644,2025-08-18 09:46:00,CLI_663,Cafeteira,Casa,2137.13,3,Bom Despacho/MG/Brasil,Pix,Cancelado
TX_12645,2025-08-01 04:23:00,CLI_893,Smartwatch,Eletrônicos,800.84,1,Salvador/BA/Brasil,Cartão de Crédito,Cancelado
TX_12646,2026-02-03 20:45:00,CLI_173,Desenvolvimento Pessoal,Livros,2755.7,1,São Paulo/SP/Brasil,Boleto Bancário,Em Processamento
TX_12647,2025-12-22 08:09:00,CLI_773,Luminária,Casa,595.11,5,Curitiba/PR/Brasil,Boleto Bancário,Concluído
TX_12648,2025-07-16 06:34:00,CLI_361,Fone de Ouvido,Eletrônicos,144.08,1,Bom Despacho/MG/Brasil,Boleto Bancário,Concluído
TX_12649,2025-10-06 02:41:00,CLI_846,Fone de Ouvido,Eletrônicos,2582.07,1,Bom Despacho/MG/Brasil,Pix,Cancelado
TX_12650,2025-07-20 22:50:00,CLI_474,Cafeteira,Casa,882.33,1,Salvador/BA/Brasil,Pix,Concluído
TX_12651,2025-01-26 09:43:00,CLI_111,História,Livros,2063.6,1,São Paulo/SP/Brasil,Boleto Bancário,Concluído
TX_12652,2025-10-04 09:25:00,CLI_118,Cafeteira,Casa,3480.7,2,São Paulo/SP/Brasil,Boleto Bancário,Em Processamento
TX_12653,2025-10-04 00:49:00,CLI_797,Calça Jeans,Vestuário,743.39,4,São Paulo/SP/Brasil,Pix,Concluído
TX_12654,2025-07-10 18:34:00,CLI_667,Notebook,Eletrônicos,1406.7,3,Salvador/BA/Brasil,Boleto Bancário,Concluído
TX_12655,2025-07-20 10:58:00,CLI_261,Ficção Científica,Livros,2134.16,3,Rio de Janeiro/RJ/Brasil,Cartão de Crédito,Cancelado
TX_12656,2025-04-16 06:57:00,CLI_839,Cadeira Escritório,Casa,840.0,4,Salvador/BA/Brasil,Cartão de Crédito,Concluído
TX_12657,2025-08-28 10:14:00,CLI_369,Notebook,Eletrônicos,2977.26,5,Salvador/BA/Brasil,Boleto Bancário,Concluído
TX_12658,2025-09-16 20:39:00,CLI_671,História,Livros,1698.14,1,São Paulo/SP/Brasil,Boleto Bancário,Concluído
TX_12659,2025-12-25 20:59:00,CLI_194,Smartphone,Eletrônicos,1899.87,3,Salvador/BA/Brasil,Cartão de Crédito,Concluído
TX_12660,2025-07-19 12:55:00,CLI_202,Notebook,Eletrônicos,350.43,5,Rio de Janeiro/RJ/Brasil,Pix,Em Processamento
TX_12661,2025-03-25 13:37:00,CLI_346,Luminária,Casa,664.85,1,Bom Despacho/MG/Brasil,Cartão de Crédito,Em Processamento
TX_12662,2025-08-21 23:20:00,CLI_788,Ficção Científica,Livros,3457.44,2,Bom Despacho/MG/Brasil,Cartão de Crédito,Concluído
TX_12663,2025-09-01 16:17:00,CLI_379,Jaqueta,Vestuário,1281.3,3,São Paulo/SP/Brasil,Pix,Cancelado
TX_12664,2025-02-10 15:08:00,CLI_868,Notebook,Eletrônicos,236.38,4,Rio de Janeiro/RJ/Brasil,Boleto Bancário,Concluído
TX_12665,2025-05-20 14:22:00,CLI_997,Jogo de Cama,Casa,2777.46,4,Salvador/BA/Brasil,Pix,Concluído
TX_12666,2025-06-17 23:59:00,CLI_877,Biografia,Livros,2023.12,1,Rio de Janeiro/RJ/Brasil,Pix,Concluído
TX_12667,2025-02-07 18:14:00,CLI_408,Notebook,Eletrônicos,72.31,3,Curitiba/PR/Brasil,Pix,Em Processamento
TX_12668,2025-07-18 17:38:00,CLI_510,Ficção Científica,Livros,183.74,1,Rio de Janeiro/RJ/Brasil,Pix,Concluído
TX_12669,2025-05-03 14:48:00,CLI_949,Smartwatch,Eletrônicos,44.15,1,Curitiba/PR/Brasil,Cartão de Crédito,Em Processamento
TX_12670,2025-01-05 21:17:00,CLI_658,Smartwatch,Eletrônicos,2063.37,1,Bom Despacho/MG/Brasil,Cartão de Crédito,Em Processamento
TX_12671,2025-01-31 08:05:00,CLI_754,Smartphone,Eletrônicos,115.41,3,Rio de Janeiro/RJ/Brasil,Cartão de Crédito,Concluído
TX_12672,2025-12-19 06:49:00,CLI_885,Cafeteira,Casa,3300.51,3,Rio de Janeiro/RJ/Brasil,Boleto Bancário,Cancelado
TX_12673,2025-10-22 22:09:00,CLI_944,Jogo de Cama,Casa,665.56,4,São Paulo/SP/Brasil,Cartão de Crédito,Concluído
TX_12674,2025-08-26 11:54:00,CLI_934,Ficção Científica,Livros,3317.12,3,Rio de Janeiro/RJ/Brasil,Boleto Bancário,Concluído
TX_12675,2025-03-12 01:29:00,CLI_426,Cafeteira,Casa,1011.12,5,Salvador/BA/Brasil,Boleto Bancário,Concluído
TX_12676,2025-09-21 03:05:00,CLI_227,Cafeteira,Casa,1957.67,5,Rio de Janeiro/RJ/Brasil,Cartão de Crédito,Em Processamento
TX_12677,2025-09-29 07:12:00,CLI_390,Desenvolvimento Pessoal,Livros,3103.81,3,Bom Despacho/MG/Brasil,Pix,Cancelado
TX_12678,2025-11-02 23:24:00,CLI_479,Biografia,Livros,535.69,4,Rio de Janeiro/RJ/Brasil,Boleto Bancário,Cancelado
TX_12679,2025-07-14 00:24:00,CLI_340,Fone de Ouvido,Eletrônicos,3393.73,4,Curitiba/PR/Brasil,Cartão de Crédito,Cancelado
TX_12680,2025-08-05 01:02:00,CLI_558,Tênis,Vestuário,51.54,4,Salvador/BA/Brasil,Boleto Bancário,Concluído
TX_12681,2025-03-09 06:42:00,CLI_461,História,Livros,2802.22,1,São Paulo/SP/Brasil,Pix,Em Processamento
TX_12682,2025-07-11 06:47:00,CLI_797,Luminária,Casa,30.22,4,São Paulo/SP/Brasil,Cartão de Crédito,Concluído
TX_12683,2025-06-11 14:26:00,CLI_155,História,Livros,1223.81,4,São Paulo/SP/Brasil,Boleto Bancário,Concluído
TX_12684,2025-05-11 10:18:00,CLI_176,Jogo de Cama,Casa,744.02,5,Rio de Janeiro/RJ/Brasil,Pix,Concluído
TX_12685,2025-12-30 12:48:00,CLI_370,Desenvolvimento Pessoal,Livros,2565.75,3,São Paulo/SP/Brasil,Cartão de Crédito,Concluído
TX_12686,2025-01-28 10:53:00,CLI_840,Cadeira Escritório,Casa,1618.92,5,Salvador/BA/Brasil,Boleto Bancário,Concluído
TX_12687,2026-01-03 13:48:00,CLI_694,História,Livros,763.61,3,Bom Despacho/MG/Brasil,Pix,Concluído
TX_12688,2026-01-01 20:43:00,CLI_606,Calça Jeans,Vestuário,934.49,5,Bom Despacho/MG/Brasil,Pix,Cancelado
TX_12689,2025-01-26 06:20:00,CLI_348,Fone de Ouvido,Eletrônicos,3478.46,4,Curitiba/PR/Brasil,Pix,Concluído
TX_12690,2025-11-25 03:25:00,CLI_677,Jogo de Cama,Casa,661.85,1,São Paulo/SP/Brasil,Boleto Bancário,Concluído
TX_12691,2025-04-22 06:28:00,CLI_970,História,Livros,2863.57,5,Rio de Janeiro/RJ/Brasil,Boleto Bancário,Cancelado
TX_12692,2025-10-17 13:49:00,CLI_396,Calça Jeans,Vestuário,917.88,2,Rio de Janeiro/RJ/Brasil,Boleto Bancário,Concluído
TX_12693,2025-07-22 15:42:00,CLI_485,Jogo de Cama,Casa,2166.33,5,Rio de Janeiro/RJ/Brasil,Boleto Bancário,Concluído
TX_12694,2025-08-31 08:04:00,CLI_736,Jogo de Cama,Casa,3266.69,2,Curitiba/PR/Brasil,Cartão de Crédito,Em Processamento
TX_12695,2025-03-11 08:08:00,CLI_802,Jogo de Cama,Casa,650.53,5,São Paulo/SP/Brasil,Cartão de Crédito,Concluído
TX_12696,2025-11-12 06:26:00,CLI_333,Smartphone,Eletrônicos,2667.59,2,Curitiba/PR/Brasil,Boleto Bancário,Concluído
TX_12697,2025-06-02 16:53:00,CLI_775,Jogo de Cama,Casa,261.05,5,Rio de Janeiro/RJ/Brasil,Boleto Bancário,Concluído
TX_12698,2025-06-14 02:52:00,CLI_436,Smartwatch,Eletrônicos,2951.95,3,Bom Despacho/MG/Brasil,Cartão de Crédito,Cancelado
TX_12699,2025-08-12 19:24:00,CLI_806,Smartwatch,Eletrônicos,2138.59,1,Bom Despacho/MG/Brasil,Cartão de Crédito,Em Processamento
TX_12700,2025-01-02 13:25:00,CLI_907,Camiseta,Vestuário,1005.95,2,São Paulo/SP/Brasil,Cartão de Crédito,Concluído
TX_12701,2025-03-07 16:49:00,CLI_560,Jaqueta,Vestuário,1644.03,2,Rio de Janeiro/RJ/Brasil,Cartão de Crédito,Concluído
TX_12702,2025-07-25 10:11:00,CLI_847,Ficção Científica,Livros,1681.33,4,Curitiba/PR/Brasil,Cartão de Crédito,Concluído
TX_12703,2025-07-13 01:10:00,CLI_443,Luminária,Casa,2156.05,2,Rio de Janeiro/RJ/Brasil,Boleto Bancário,Em Processamento
TX_12704,2025-02-13 01:16:00,CLI_755,Jogo de Cama,Casa,1663.11,3,Bom Despacho/MG/Brasil,Boleto Bancário,Concluído
TX_12705,2025-01-10 23:03:00,CLI_763,Jaqueta,Vestuário,3041.87,4,Bom Despacho/MG/Brasil,Pix,Em Processamento
TX_12706,2025-08-04 04:42:00,CLI_480,Jaqueta,Vestuário,1998.57,1,Curitiba/PR/Brasil,Pix,Concluído
TX_12707,2025-12-28 13:49:00,CLI_295,Smartphone,Eletrônicos,2819.9,3,Rio de Janeiro/RJ/Brasil,Boleto Bancário,Cancelado
TX_12708,2025-05-25 19:34:00,CLI_558,Cadeira Escritório,Casa,946.42,5,São Paulo/SP/Brasil,Pix,Em Processamento
TX_12709,2025-04-22 20:02:00,CLI_815,Camiseta,Vestuário,2698.71,4,Salvador/BA/Brasil,Boleto Bancário,Em Processamento
TX_12710,2025-11-03 17:16:00,CLI_537,Luminária,Casa,134.82,5,Bom Despacho/MG/Brasil,Pix,Concluído
TX_12711,2025-12-26 22:35:00,CLI_312,Fone de Ouvido,Eletrônicos,513.08,4,Salvador/BA/Brasil,Pix,Concluído
TX_12712,2026-01-17 07:35:00,CLI_704,Calça Jeans,Vestuário,911.55,4,Rio de Janeiro/RJ/Brasil,Cartão de Crédito,Concluído
TX_12713,2025-10-27 18:12:00,CLI_924,Notebook,Eletrônicos,2283.44,1,Salvador/BA/Brasil,Pix,Em Processamento
TX_12714,2025-05-09 00:33:00,CLI_104,Cafeteira,Casa,2453.81,2,Rio de Janeiro/RJ/Brasil,Boleto Bancário,Cancelado
TX_12715,2025-04-09 20:11:00,CLI_643,Biografia,Livros,2465.65,3,Rio de Janeiro/RJ/Brasil,Pix,Concluído
TX_12716,2025-07-23 15:44:00,CLI_864,Calça Jeans,Vestuário,1771.49,4,Bom Despacho/MG/Brasil,Cartão de Crédito,Em Processamento
TX_12717,2025-08-19 17:56:00,CLI_758,Calça Jeans,Vestuário,1917.94,4,Rio de Janeiro/RJ/Brasil,Cartão de Crédito,Concluído
TX_12718,2025-09-25 01:41:00,CLI_493,Luminária,Casa,2445.89,2,Curitiba/PR/Brasil,Boleto Bancário,Concluído
TX_12719,2025-08-28 19:37:00,CLI_713,Cadeira Escritório,Casa,1884.63,3,Bom Despacho/MG/Brasil,Pix,Concluído
TX_12720,2025-11-16 09:11:00,CLI_680,Cadeira Escritório,Casa,2716.03,4,Curitiba/PR/Brasil,Cartão de Crédito,Em Processamento
TX_12721,2025-08-16 05:15:00,CLI_306,Camiseta,Vestuário,1391.48,1,Salvador/BA/Brasil,Cartão de Crédito,Em Processamento
TX_12722,2025-02-12 13:06:00,CLI_510,Notebook,Eletrônicos,476.44,1,Curitiba/PR/Brasil,Pix,Concluído
TX_12723,2025-12-17 17:17:00,CLI_516,Cafeteira,Casa,3329.53,3,Curitiba/PR/Brasil,Pix,Em Processamento
TX_12724,2026-01-20 12:14:00,CLI_605,Desenvolvimento Pessoal,Livros,1241.95,2,Bom Despacho/MG/Brasil,Pix,Cancelado
TX_12725,2025-01-04 01:47:00,CLI_495,Desenvolvimento Pessoal,Livros,1840.36,3,São Paulo/SP/Brasil,Boleto Bancário,Cancelado
TX_12726,2025-07-02 02:26:00,CLI_524,Tênis,Vestuário,1348.41,3,São Paulo/SP/Brasil,Pix,Concluído
TX_12727,2025-06-04 08:52:00,CLI_170,Calça Jeans,Vestuário,2697.89,5,Bom Despacho/MG/Brasil,Boleto Bancário,Cancelado
TX_12728,2025-04-14 06:52:00,CLI_641,Luminária,Casa,1431.78,5,Rio de Janeiro/RJ/Brasil,Pix,Concluído
TX_12729,2025-01-22 02:10:00,CLI_563,Tênis,Vestuário,84.28,2,Curitiba/PR/Brasil,Pix,Concluído
TX_12730,2025-03-20 07:14:00,CLI_624,Fone de Ouvido,Eletrônicos,2255.81,1,Bom Despacho/MG/Brasil,Cartão de Crédito,Concluído
TX_12731,2025-11-10 18:15:00,CLI_328,Luminária,Casa,120.93,5,Salvador/BA/Brasil,Pix,Concluído
TX_12732,2025-01-07 19:55:00,CLI_888,Tênis,Vestuário,1524.91,1,Salvador/BA/Brasil,Boleto Bancário,Cancelado
TX_12733,2025-05-20 11:29:00,CLI_256,História,Livros,1950.01,1,Rio de Janeiro/RJ/Brasil,Cartão de Crédito,Concluído
TX_12734,2025-01-07 10:11:00,CLI_425,Desenvolvimento Pessoal,Livros,3201.59,4,Salvador/BA/Brasil,Cartão de Crédito,Concluído
TX_12735,2025-09-18 00:29:00,CLI_686,História,Livros,1136.71,2,Bom Despacho/MG/Brasil,Boleto Bancário,Concluído
TX_12736,2025-11-18 18:43:00,CLI_146,Fone de Ouvido,Eletrônicos,504.14,4,Salvador/BA/Brasil,Cartão de Crédito,Concluído
TX_12737,2025-11-30 01:30:00,CLI_920,Cafeteira,Casa,827.94,1,Rio de Janeiro/RJ/Brasil,Pix,Em Processamento
TX_12738,2025-05-24 20:50:00,CLI_961,Tênis,Vestuário,3050.45,4,Salvador/BA/Brasil,Cartão de Crédito,Concluído
TX_12739,2025-02-19 19:14:00,CLI_861,Camiseta,Vestuário,1548.46,4,Rio de Janeiro/RJ/Brasil,Pix,Concluído
TX_12740,2025-11-09 12:28:00,CLI_216,História,Livros,2302.23,1,Bom Despacho/MG/Brasil,Boleto Bancário,Cancelado
TX_12741,2025-01-02 17:05:00,CLI_634,Jogo de Cama,Casa,2644.83,2,Rio de Janeiro/RJ/Brasil,Boleto Bancário,Concluído
TX_12742,2025-10-20 14:20:00,CLI_262,Desenvolvimento Pessoal,Livros,867.75,2,São Paulo/SP/Brasil,Cartão de Crédito,Cancelado
TX_12743,2025-07-12 21:15:00,CLI_874,Fone de Ouvido,Eletrônicos,990.63,4,Salvador/BA/Brasil,Pix,Cancelado
TX_12744,2025-08-16 06:34:00,CLI_816,Jogo de Cama,Casa,23.67,4,São Paulo/SP/Brasil,Cartão de Crédito,Em Processamento
TX_12745,2025-02-17 18:04:00,CLI_917,Camiseta,Vestuário,2678.78,4,Bom Despacho/MG/Brasil,Boleto Bancário,Em Processamento
TX_12746,2025-07-15 12:20:00,CLI_941,Tênis,Vestuário,1199.5,3,Rio de Janeiro/RJ/Brasil,Pix,Em Processamento
TX_12747,2025-05-01 04:33:00,CLI_571,Smartwatch,Eletrônicos,2541.39,2,Rio de Janeiro/RJ/Brasil,Boleto Bancário,Cancelado
TX_12748,2025-09-15 19:46:00,CLI_127,Smartwatch,Eletrônicos,3432.73,2,Salvador/BA/Brasil,Cartão de Crédito,Cancelado
TX_12749,2025-06-11 09:18:00,CLI_993,Smartphone,Eletrônicos,2801.09,5,Curitiba/PR/Brasil,Boleto Bancário,Cancelado
TX_12750,2025-08-17 19:49:00,CLI_430,Fone de Ouvido,Eletrônicos,2465.89,1,Curitiba/PR/Brasil,Boleto Bancário,Cancelado
TX_12751,2025-06-10 06:54:00,CLI_707,História,Livros,1844.04,5,Bom Despacho/MG/Brasil,Boleto Bancário,Em Processamento
TX_12752,2025-08-25 17:33:00,CLI_167,Smartwatch,Eletrônicos,1244.31,1,Rio de Janeiro/RJ/Brasil,Pix,Cancelado
TX_12753,2025-09-19 20:46:00,CLI_880,Fone de Ouvido,Eletrônicos,2497.04,4,Bom Despacho/MG/Brasil,Cartão de Crédito,Cancelado
TX_12754,2025-09-20 15:07:00,CLI_520,Tênis,Vestuário,730.69,1,Salvador/BA/Brasil,Cartão de Crédito,Concluído
TX_12755,2025-03-19 08:07:00,CLI_707,História,Livros,1406.03,1,São Paulo/SP/Brasil,Cartão de Crédito,Concluído
TX_12756,2025-10-08 18:39:00,CLI_202,Fone de Ouvido,Eletrônicos,554.08,5,São Paulo/SP/Brasil,Boleto Bancário,Em Processamento
TX_12757,2026-01-28 04:34:00,CLI_935,Ficção Científica,Livros,2832.35,4,Salvador/BA/Brasil,Cartão de Crédito,Cancelado
TX_12758,2025-01-25 15:31:00,CLI_700,Ficção Científica,Livros,474.86,4,São Paulo/SP/Brasil,Cartão de Crédito,Em Processamento
TX_12759,2025-11-07 07:53:00,CLI_329,Jaqueta,Vestuário,973.03,5,Salvador/BA/Brasil,Boleto Bancário,Cancelado
TX_12760,2025-05-05 10:47:00,CLI_145,Cadeira Escritório,Casa,1481.22,3,São Paulo/SP/Brasil,Pix,Em Processamento
TX_12761,2025-06-23 12:05:00,CLI_807,Biografia,Livros,1569.63,4,Rio de Janeiro/RJ/Brasil,Pix,Concluído
TX_12762,2025-02-21 11:01:00,CLI_437,Notebook,Eletrônicos,1200.82,1,Rio de Janeiro/RJ/Brasil,Boleto Bancário,Concluído
TX_12763,2025-03-07 21:58:00,CLI_195,Ficção Científica,Livros,1843.92,5,Bom Despacho/MG/Brasil,Boleto Bancário,Concluído
TX_12764,2025-01-23 10:37:00,CLI_476,Cafeteira,Casa,3436.77,5,Bom Despacho/MG/Brasil,Cartão de Crédito,Concluído
TX_12765,2025-06-07 16:29:00,CLI_152,Fone de Ouvido,Eletrônicos,2285.13,1,São Paulo/SP/Brasil,Cartão de Crédito,Concluído
TX_12766,2025-07-25 18:17:00,CLI_554,Luminária,Casa,411.7,4,Rio de Janeiro/RJ/Brasil,Boleto Bancário,Em Processamento
TX_12767,2025-11-24 14:56:00,CLI_999,Smartphone,Eletrônicos,3056.4,5,Salvador/BA/Brasil,Pix,Em Processamento
TX_12768,2025-11-24 10:19:00,CLI_923,Notebook,Eletrônicos,2726.25,3,Rio de Janeiro/RJ/Brasil,Pix,Cancelado
TX_12769,2025-08-31 19:36:00,CLI_929,Cafeteira,Casa,1037.65,2,Curitiba/PR/Brasil,Pix,Cancelado
TX_12770,2025-08-10 07:26:00,CLI_237,Luminária,Casa,2151.85,4,São Paulo/SP/Brasil,Cartão de Crédito,Cancelado
TX_12771,2025-10-26 17:00:00,CLI_474,Camiseta,Vestuário,1593.73,2,Bom Despacho/MG/Brasil,Boleto Bancário,Concluído
TX_12772,2025-09-18 13:25:00,CLI_672,Biografia,Livros,2712.47,2,São Paulo/SP/Brasil,Boleto Bancário,Concluído
TX_12773,2025-10-14 12:34:00,CLI_822,Camiseta,Vestuário,2321.68,2,Bom Despacho/MG/Brasil,Cartão de Crédito,Concluído
TX_12774,2025-07-12 12:43:00,CLI_170,Tênis,Vestuário,1931.72,3,São Paulo/SP/Brasil,Boleto Bancário,Concluído
TX_12775,2025-08-27 07:04:00,CLI_407,História,Livros,1031.35,4,São Paulo/SP/Brasil,Pix,Concluído
TX_12776,2025-06-26 21:34:00,CLI_686,Biografia,Livros,1258.23,3,São Paulo/SP/Brasil,Boleto Bancário,Concluído
TX_12777,2025-02-28 14:29:00,CLI_165,Desenvolvimento Pessoal,Livros,1555.21,3,Salvador/BA/Brasil,Cartão de Crédito,Concluído
TX_12778,2025-12-07 03:12:00,CLI_514,Camiseta,Vestuário,1982.44,1,Salvador/BA/Brasil,Boleto Bancário,Concluído
TX_12779,2025-05-21 22:47:00,CLI_591,Notebook,Eletrônicos,1362.31,1,Bom Despacho/MG/Brasil,Boleto Bancário,Em Processamento
TX_12780,2025-08-19 09:49:00,CLI_126,Jogo de Cama,Casa,2579.76,2,Curitiba/PR/Brasil,Boleto Bancário,Concluído
TX_12781,2025-04-14 00:58:00,CLI_931,Desenvolvimento Pessoal,Livros,543.2,3,Rio de Janeiro/RJ/Brasil,Boleto Bancário,Concluído
TX_12782,2025-10-13 06:26:00,CLI_525,Biografia,Livros,1329.23,4,São Paulo/SP/Brasil,Cartão de Crédito,Em Processamento
TX_12783,2025-08-11 02:39:00,CLI_101,História,Livros,501.33,3,Curitiba/PR/Brasil,Boleto Bancário,Cancelado
TX_12784,2025-01-17 04:35:00,CLI_912,Tênis,Vestuário,2973.87,2,Rio de Janeiro/RJ/Brasil,Cartão de Crédito,Concluído
TX_12785,2025-04-17 14:56:00,CLI_533,Luminária,Casa,1944.74,4,São Paulo/SP/Brasil,Pix,Concluído
TX_12786,2025-08-20 20:58:00,CLI_173,Smartphone,Eletrônicos,1155.98,3,Curitiba/PR/Brasil,Pix,Cancelado
TX_12787,2025-01-14 21:03:00,CLI_268,Fone de Ouvido,Eletrônicos,751.34,3,Bom Despacho/MG/Brasil,Cartão de Crédito,Cancelado
TX_12788,2025-08-11 10:29:00,CLI_243,Cadeira Escritório,Casa,3041.91,4,Bom Despacho/MG/Brasil,Cartão de Crédito,Concluído
TX_12789,2026-01-20 04:22:00,CLI_488,Biografia,Livros,775.38,5,Curitiba/PR/Brasil,Boleto Bancário,Concluído
TX_12790,2025-10-26 05:23:00,CLI_754,Desenvolvimento Pessoal,Livros,651.74,4,Bom Despacho/MG/Brasil,Pix,Concluído
TX_12791,2025-01-24 00:53:00,CLI_321,Fone de Ouvido,Eletrônicos,3246.62,5,Salvador/BA/Brasil,Pix,Concluído
TX_12792,2025-02-02 07:06:00,CLI_951,Tênis,Vestuário,3279.72,3,Bom Despacho/MG/Brasil,Pix,Concluído
TX_12793,2025-04-03 18:12:00,CLI_648,História,Livros,812.0,1,Rio de Janeiro/RJ/Brasil,Pix,Cancelado
TX_12794,2025-05-10 12:19:00,CLI_382,Calça Jeans,Vestuário,1332.23,1,São Paulo/SP/Brasil,Pix,Cancelado
TX_12795,2025-07-03 03:10:00,CLI_217,Jogo de Cama,Casa,923.59,5,Rio de Janeiro/RJ/Brasil,Pix,Em Processamento
TX_12796,2025-02-02 04:34:00,CLI_995,Desenvolvimento Pessoal,Livros,2413.39,3,Rio de Janeiro/RJ/Brasil,Cartão de Crédito,Em Processamento
TX_12797,2025-08-14 16:54:00,CLI_766,Cafeteira,Casa,1532.53,1,Rio de Janeiro/RJ/Brasil,Boleto Bancário,Concluído
TX_12798,2025-01-27 02:02:00,CLI_202,Fone de Ouvido,Eletrônicos,2534.96,5,Salvador/BA/Brasil,Pix,Concluído
TX_12799,2025-10-26 02:52:00,CLI_432,Fone de Ouvido,Eletrônicos,335.97,1,Rio de Janeiro/RJ/Brasil,Pix,Concluído
TX_12800,2025-07-31 05:49:00,CLI_746,História,Livros,377.04,1,Salvador/BA/Brasil,Pix,Em Processamento
TX_12801,2025-01-24 20:59:00,CLI_787,Smartwatch,Eletrônicos,1427.78,5,São Paulo/SP/Brasil,Pix,Cancelado
TX_12802,2026-01-25 15:30:00,CLI_959,Jogo de Cama,Casa,199.28,5,Bom Despacho/MG/Brasil,Boleto Bancário,Concluído
TX_12803,2025-12-03 06:45:00,CLI_350,Jaqueta,Vestuário,3236.87,1,Salvador/BA/Brasil,Pix,Concluído
TX_12804,2025-07-26 01:08:00,CLI_154,Calça Jeans,Vestuário,658.63,1,São Paulo/SP/Brasil,Cartão de Crédito,Em Processamento
TX_12805,2025-12-23 00:38:00,CLI_791,Desenvolvimento Pessoal,Livros,1152.65,2,Bom Despacho/MG/Brasil,Cartão de Crédito,Concluído
TX_12806,2025-03-20 00:55:00,CLI_513,Smartphone,Eletrônicos,1439.87,1,Bom Despacho/MG/Brasil,Cartão de Crédito,Concluído
TX_12807,2026-01-14 20:05:00,CLI_679,Fone de Ouvido,Eletrônicos,508.71,1,Bom Despacho/MG/Brasil,Pix,Cancelado
TX_12808,2025-03-14 04:23:00,CLI_238,Calça Jeans,Vestuário,2987.29,3,Salvador/BA/Brasil,Cartão de Crédito,Concluído
TX_12809,2025-03-08 06:17:00,CLI_780,Jogo de Cama,Casa,628.71,3,Salvador/BA/Brasil,Pix,
TX_12810,2026-01-23 01:34:00,CLI_970,Smartphone,Eletrônicos,278.21,2,Salvador/BA/Brasil,Pix,Em Processamento
TX_12811,2025-10-22 03:26:00,CLI_297,Jogo de Cama,Casa,,2,Rio de Janeiro/RJ/Brasil,Pix,Concluído
TX_12812,2025-03-23 08:18:00,CLI_850,Ficção Científica,Livros,2098.0,3,Rio de Janeiro/RJ/Brasil,Pix,Concluído
TX_12813,2025-06-05 06:20:00,CLI_612,Jogo de Cama,Casa,1408.05,3,Rio de Janeiro/RJ/Brasil,Boleto Bancário,Cancelado
TX_12814,2025-05-16 19:55:00,CLI_624,Ficção Científica,Livros,1513.72,2,Rio de Janeiro/RJ/Brasil,Pix,Concluído
TX_12815,2025-08-12 15:29:00,CLI_751,Fone de Ouvido,Eletrônicos,2350.02,2,Rio de Janeiro/RJ/Brasil,Pix,Em Processamento
TX_12816,2025-08-30 07:55:00,CLI_464,Jogo de Cama,Casa,1425.61,1,Salvador/BA/Brasil,Pix,Concluído
TX_12817,2025-06-20 19:12:00,CLI_967,História,Livros,246.18,4,Bom Despacho/MG/Brasil,Pix,Concluído
TX_12818,2025-02-01 21:08:00,CLI_526,Jogo de Cama,Casa,1466.46,1,Salvador/BA/Brasil,Pix,Cancelado
TX_12819,2025-07-27 19:51:00,CLI_814,Jogo de Cama,Casa,1307.48,3,Rio de Janeiro/RJ/Brasil,Pix,Concluído
TX_12820,2025-12-08 07:57:00,CLI_446,História,Livros,741.2,5,Bom Despacho/MG/Brasil,Boleto Bancário,Cancelado
TX_12821,2025-03-20 09:53:00,CLI_307,Tênis,Vestuário,3072.84,4,Rio de Janeiro/RJ/Brasil,Pix,Em Processamento
TX_12822,2025-06-23 16:12:00,CLI_183,Tênis,Vestuário,560.94,4,São Paulo/SP/Brasil,Boleto Bancário,Cancelado
TX_12823,2025-05-19 07:15:00,CLI_775,Calça Jeans,Vestuário,,5,Bom Despacho/MG/Brasil,Pix,Em Processamento
TX_12824,2025-01-14 14:05:00,CLI_903,Biografia,Livros,367.92,5,Salvador/BA/Brasil,Cartão de Crédito,Concluído
TX_12825,2025-11-08 18:38:00,CLI_906,Biografia,Livros,2305.6,4,Salvador/BA/Brasil,Cartão de Crédito,Concluído
TX_12826,2025-07-21 17:35:00,CLI_771,Camiseta,Vestuário,700.62,4,São Paulo/SP/Brasil,Cartão de Crédito,Concluído
TX_12827,2025-04-17 16:10:00,CLI_233,Camiseta,Vestuário,1337.7,4,Curitiba/PR/Brasil,Boleto Bancário,Concluído
TX_12828,2025-10-02 20:56:00,CLI_533,Smartphone,Eletrônicos,2853.6,5,Bom Despacho/MG/Brasil,Boleto Bancário,Concluído
TX_12829,2025-10-21 07:05:00,CLI_220,Jaqueta,Vestuário,474.37,1,Bom Despacho/MG/Brasil,Pix,Cancelado
TX_12830,2025-07-23 06:16:00,CLI_431,Tênis,Vestuário,2253.92,2,Curitiba/PR/Brasil,Boleto Bancário,Em Processamento
TX_12831,2025-06-26 13:50:00,CLI_310,Jaqueta,Vestuário,3211.31,2,Bom Despacho/MG/Brasil,Boleto Bancário,Concluído
TX_12832,2025-10-29 21:31:00,CLI_407,Biografia,Livros,54.55,4,Salvador/BA/Brasil,Boleto Bancário,Concluído
TX_12833,2025-11-25 14:07:00,CLI_819,Smartphone,Eletrônicos,3189.99,3,Rio de Janeiro/RJ/Brasil,Boleto Bancário,Cancelado
TX_12834,2025-12-11 00:52:00,CLI_521,Smartwatch,Eletrônicos,2391.52,5,Curitiba/PR/Brasil,Cartão de Crédito,Concluído
TX_12835,2025-02-26 01:07:00,CLI_207,Jogo de Cama,Casa,3346.42,1,Salvador/BA/Brasil,Cartão de Crédito,Concluído
TX_12836,2026-02-02 08:25:00,CLI_681,Smartphone,Eletrônicos,2111.69,5,Curitiba/PR/Brasil,Cartão de Crédito,Concluído
TX_12837,2025-05-20 09:16:00,CLI_320,Calça Jeans,Vestuário,1674.69,4,Rio de Janeiro/RJ/Brasil,Pix,Concluído
TX_12838,2025-01-24 19:13:00,CLI_658,Luminária,Casa,2793.04,3,Bom Despacho/MG/Brasil,Cartão de Crédito,Concluído
TX_12839,2025-11-04 07:23:00,CLI_138,Smartwatch,Eletrônicos,272.59,3,Curitiba/PR/Brasil,Boleto Bancário,Concluído
TX_12840,2025-05-25 19:44:00,CLI_770,Smartwatch,Eletrônicos,2490.66,1,São Paulo/SP/Brasil,Cartão de Crédito,Concluído
TX_12841,2025-03-19 18:04:00,CLI_675,Jogo de Cama,Casa,2910.32,4,São Paulo/SP/Brasil,Pix,Concluído
TX_12842,2025-11-14 20:33:00,CLI_140,Ficção Científica,Livros,873.87,2,São Paulo/SP/Brasil,Cartão de Crédito,Concluído
TX_12843,2025-10-11 08:54:00,CLI_259,Cafeteira,Casa,3487.5,2,Bom Despacho/MG/Brasil,Pix,Concluído
TX_12844,2025-12-23 16:19:00,CLI_679,Smartwatch,Eletrônicos,3445.53,1,São Paulo/SP/Brasil,Pix,Em Processamento
TX_12845,2025-07-15 02:00:00,CLI_181,Notebook,Eletrônicos,1143.88,4,Salvador/BA/Brasil,Cartão de Crédito,Concluído
TX_12846,2025-03-11 03:20:00,CLI_696,Ficção Científica,Livros,2391.23,1,Rio de Janeiro/RJ/Brasil,Cartão de Crédito,Concluído
TX_12847,2025-09-24 18:57:00,CLI_922,Ficção Científica,Livros,2298.39,3,Rio de Janeiro/RJ/Brasil,Cartão de Crédito,
TX_12848,2025-06-12 04:39:00,CLI_596,Jaqueta,Vestuário,3269.59,1,Bom Despacho/MG/Brasil,Boleto Bancário,Concluído
TX_12849,2025-07-08 16:45:00,CLI_489,História,Livros,1041.56,4,Salvador/BA/Brasil,Cartão de Crédito,Em Processamento
TX_12850,2025-02-10 01:16:00,CLI_752,Notebook,Eletrônicos,1755.12,5,Salvador/BA/Brasil,Cartão de Crédito,Cancelado
TX_12851,2025-05-08 21:53:00,CLI_255,Fone de Ouvido,Eletrônicos,429.61,3,Rio de Janeiro/RJ/Brasil,Cartão de Crédito,Concluído
TX_12852,2025-04-22 11:18:00,CLI_152,Camiseta,Vestuário,1447.21,4,Bom Despacho/MG/Brasil,Boleto Bancário,Concluído
TX_12853,2025-10-08 08:38:00,CLI_933,Ficção Científica,Livros,1215.21,2,Curitiba/PR/Brasil,Pix,Concluído
TX_12854,2025-01-02 04:44:00,CLI_748,Desenvolvimento Pessoal,Livros,1281.05,4,São Paulo/SP/Brasil,Boleto Bancário,Concluído
TX_12855,2025-09-27 12:15:00,CLI_536,Desenvolvimento Pessoal,Livros,1375.64,3,Salvador/BA/Brasil,Boleto Bancário,Em Processamento
TX_12856,2025-07-09 03:37:00,CLI_705,Camiseta,Vestuário,3466.57,3,São Paulo/SP/Brasil,Pix,Cancelado
TX_12857,2025-07-07 12:25:00,CLI_896,Cadeira Escritório,Casa,1774.46,2,Rio de Janeiro/RJ/Brasil,Cartão de Crédito,Cancelado
TX_12858,2025-07-19 13:47:00,CLI_236,Smartwatch,Eletrônicos,2665.07,3,Rio de Janeiro/RJ/Brasil,Pix,Concluído
TX_12859,2025-01-05 16:15:00,CLI_123,Fone de Ouvido,Eletrônicos,2326.73,1,Curitiba/PR/Brasil,Pix,Concluído
TX_12860,2025-07-13 17:22:00,CLI_763,Notebook,Eletrônicos,3345.69,4,São Paulo/SP/Brasil,Cartão de Crédito,Concluído
TX_12861,2025-01-03 00:07:00,CLI_753,Smartwatch,Eletrônicos,3431.92,4,São Paulo/SP/Brasil,Pix,Em Processamento
TX_12862,2025-09-06 04:37:00,CLI_649,Fone de Ouvido,Eletrônicos,505.4,4,São Paulo/SP/Brasil,Pix,Concluído
TX_12863,2025-06-29 22:30:00,CLI_265,Camiseta,Vestuário,502.92,2,São Paulo/SP/Brasil,Boleto Bancário,Concluído
TX_12864,2025-03-21 09:41:00,CLI_113,Calça Jeans,Vestuário,1883.13,4,Salvador/BA/Brasil,Pix,Concluído
TX_12865,2025-10-30 20:19:00,CLI_404,Tênis,Vestuário,126.34,3,Salvador/BA/Brasil,Cartão de Crédito,Concluído
TX_12866,2025-03-01 07:47:00,CLI_481,Cadeira Escritório,Casa,3116.33,1,Salvador/BA/Brasil,Boleto Bancário,Concluído
TX_12867,2026-02-01 10:43:00,CLI_298,Tênis,Vestuário,1125.62,4,São Paulo/SP/Brasil,Cartão de Crédito,Concluído
TX_12868,2025-05-29 04:00:00,CLI_754,Camiseta,Vestuário,2455.23,3,Curitiba/PR/Brasil,Pix,Em Processamento
TX_12869,2025-05-04 00:59:00,CLI_230,Smartwatch,Eletrônicos,3244.32,1,Salvador/BA/Brasil,Cartão de Crédito,Concluído
TX_12870,2025-05-28 11:14:00,CLI_348,Luminária,Casa,1064.97,5,Salvador/BA/Brasil,Pix,Concluído
TX_12871,2025-08-29 18:58:00,CLI_519,Fone de Ouvido,Eletrônicos,2802.54,3,Bom Despacho/MG/Brasil,Boleto Bancário,Concluído
TX_12872,2025-11-25 17:24:00,CLI_790,Notebook,Eletrônicos,1950.8,5,São Paulo/SP/Brasil,Cartão de Crédito,Concluído
TX_12873,2025-09-12 19:05:00,CLI_757,Biografia,Livros,2490.63,1,Bom Despacho/MG/Brasil,Boleto Bancário,Concluído
TX_12874,2025-02-19 07:34:00,CLI_943,Ficção Científica,Livros,2317.38,4,Rio de Janeiro/RJ/Brasil,Pix,Concluído
TX_12875,2025-06-19 18:51:00,CLI_430,Ficção Científica,Livros,3353.01,4,Bom Despacho/MG/Brasil,Pix,Em Processamento
TX_12876,2026-01-24 09:29:00,CLI_291,Luminária,Casa,2022.06,1,Salvador/BA/Brasil,Pix,Em Processamento
TX_12877,2025-07-03 05:13:00,CLI_632,Ficção Científica,Livros,2132.96,5,Bom Despacho/MG/Brasil,Pix,Concluído
TX_12878,2025-07-18 11:19:00,CLI_530,Ficção Científica,Livros,1617.05,2,São Paulo/SP/Brasil,Pix,Concluído
TX_12879,2025-02-12 13:37:00,CLI_425,Cadeira Escritório,Casa,516.5,4,São Paulo/SP/Brasil,Cartão de Crédito,Concluído
TX_12880,2025-10-28 18:50:00,CLI_159,Ficção Científica,Livros,502.95,2,Bom Despacho/MG/Brasil,Boleto Bancário,Concluído
TX_12881,2026-01-06 13:36:00,CLI_730,Jogo de Cama,Casa,2154.03,5,Curitiba/PR/Brasil,Pix,Concluído
TX_12882,2026-02-01 17:01:00,CLI_980,Cafeteira,Casa,3184.25,3,Curitiba/PR/Brasil,Cartão de Crédito,Em Processamento
TX_12883,2026-01-16 04:48:00,CLI_356,Jogo de Cama,Casa,621.77,3,Rio de Janeiro/RJ/Brasil,Boleto Bancário,Concluído
TX_12884,2025-08-21 04:18:00,CLI_415,Fone de Ouvido,Eletrônicos,400.48,3,São Paulo/SP/Brasil,Pix,Concluído
TX_12885,2025-10-01 11:32:00,CLI_422,Ficção Científica,Livros,1613.0,5,Bom Despacho/MG/Brasil,Cartão de Crédito,Cancelado
TX_12886,2025-07-13 00:30:00,CLI_266,Jaqueta,Vestuário,,3,Salvador/BA/Brasil,Pix,Concluído
TX_12887,2025-12-03 04:55:00,CLI_735,Calça Jeans,Vestuário,2784.98,5,Rio de Janeiro/RJ/Brasil,Pix,Concluído
TX_12888,2025-06-14 21:50:00,CLI_650,Calça Jeans,Vestuário,3226.85,2,São Paulo/SP/Brasil,Boleto Bancário,Cancelado
TX_12889,2025-01-11 04:46:00,CLI_719,Camiseta,Vestuário,1531.27,2,Bom Despacho/MG/Brasil,Boleto Bancário,Em Processamento
TX_12890,2025-02-20 16:34:00,CLI_402,Smartwatch,Eletrônicos,3330.21,5,Rio de Janeiro/RJ/Brasil,Cartão de Crédito,Concluído
TX_12891,2025-07-28 15:50:00,CLI_654,Fone de Ouvido,Eletrônicos,3247.72,2,São Paulo/SP/Brasil,Cartão de Crédito,Concluído
TX_12892,2025-07-15 20:37:00,CLI_314,Calça Jeans,Vestuário,1669.81,1,Curitiba/PR/Brasil,Pix,Concluído
TX_12893,2025-04-21 04:08:00,CLI_959,Tênis,Vestuário,,2,São Paulo/SP/Brasil,Boleto Bancário,Concluído
TX_12894,2025-04-05 05:09:00,CLI_146,Cafeteira,Casa,1471.68,5,São Paulo/SP/Brasil,Cartão de Crédito,Concluído
TX_12895,2025-07-11 21:07:00,CLI_331,Calça Jeans,Vestuário,1720.59,4,Rio de Janeiro/RJ/Brasil,Cartão de Crédito,Em Processamento
TX_12896,2025-11-27 00:44:00,CLI_288,Smartphone,Eletrônicos,2484.94,3,São Paulo/SP/Brasil,Pix,Concluído
TX_12897,2025-06-24 12:51:00,CLI_832,Biografia,Livros,2517.03,3,Rio de Janeiro/RJ/Brasil,Boleto Bancário,Cancelado
TX_12898,2025-11-04 10:33:00,CLI_102,Fone de Ouvido,Eletrônicos,2548.92,5,Bom Despacho/MG/Brasil,Boleto Bancário,Concluído
TX_12899,2026-02-04 11:44:00,CLI_844,Camiseta,Vestuário,2816.25,2,Bom Despacho/MG/Brasil,Cartão de Crédito,Concluído
TX_12900,2025-08-27 18:14:00,CLI_886,Smartwatch,Eletrônicos,278.01,3,Curitiba/PR/Brasil,Pix,Concluído
TX_12901,2025-08-16 00:26:00,CLI_901,Desenvolvimento Pessoal,Livros,2594.21,5,Rio de Janeiro/RJ/Brasil,Pix,Concluído
TX_12902,2025-12-10 15:24:00,CLI_610,Camiseta,Vestuário,1506.26,4,São Paulo/SP/Brasil,Boleto Bancário,Cancelado
TX_12903,2025-04-01 22:29:00,CLI_582,Luminária,Casa,2273.64,4,Bom Despacho/MG/Brasil,Cartão de Crédito,Concluído
TX_12904,2025-02-14 23:54:00,CLI_763,Notebook,Eletrônicos,1134.22,5,Salvador/BA/Brasil,Cartão de Crédito,Cancelado
TX_12905,2025-03-09 08:23:00,CLI_170,Smartphone,Eletrônicos,2367.98,4,Rio de Janeiro/RJ/Brasil,Pix,Em Processamento
TX_12906,2025-11-19 16:18:00,CLI_747,Ficção Científica,Livros,1505.11,3,Curitiba/PR/Brasil,Cartão de Crédito,Concluído
TX_12907,2025-03-05 18:24:00,CLI_464,Calça Jeans,Vestuário,2056.42,1,Curitiba/PR/Brasil,Cartão de Crédito,Cancelado
TX_12908,2025-04-23 16:59:00,CLI_185,Cafeteira,Casa,304.7,2,Curitiba/PR/Brasil,Boleto Bancário,Concluído
TX_12909,2025-01-15 08:21:00,CLI_564,Camiseta,Vestuário,2908.17,2,São Paulo/SP/Brasil,Boleto Bancário,Em Processamento
TX_12910,2025-04-17 04:53:00,CLI_365,Calça Jeans,Vestuário,1539.18,5,São Paulo/SP/Brasil,Boleto Bancário,Em Processamento
TX_12911,2025-04-17 04:19:00,CLI_590,História,Livros,2646.06,5,Salvador/BA/Brasil,Boleto Bancário,Concluído
TX_12912,2025-04-14 23:18:00,CLI_608,Smartwatch,Eletrônicos,1453.38,5,Salvador/BA/Brasil,Cartão de Crédito,Concluído
TX_12913,2025-02-18 03:21:00,CLI_897,Calça Jeans,Vestuário,972.65,1,São Paulo/SP/Brasil,Pix,Concluído
TX_12914,2025-05-30 06:16:00,CLI_541,Jaqueta,Vestuário,1566.23,2,Curitiba/PR/Brasil,Pix,Concluído
TX_12915,2025-05-24 10:47:00,CLI_453,Jaqueta,Vestuário,783.82,2,Rio de Janeiro/RJ/Brasil,Pix,Concluído
TX_12916,2025-11-11 16:01:00,CLI_520,Desenvolvimento Pessoal,Livros,921.72,4,Curitiba/PR/Brasil,Boleto Bancário,Concluído
TX_12917,2025-05-23 19:43:00,CLI_394,Biografia,Livros,2482.93,1,Rio de Janeiro/RJ/Brasil,Cartão de Crédito,Concluído
TX_12918,2025-01-03 14:06:00,CLI_692,Biografia,Livros,466.7,5,Bom Despacho/MG/Brasil,Pix,Concluído
TX_12919,2025-03-15 22:56:00,CLI_155,Desenvolvimento Pessoal,Livros,3034.29,2,São Paulo/SP/Brasil,Pix,Cancelado
TX_12920,2025-04-29 10:54:00,CLI_819,Biografia,Livros,90.92,4,Salvador/BA/Brasil,Boleto Bancário,Concluído
TX_12921,2025-02-07 04:28:00,CLI_689,Cafeteira,Casa,399.21,4,Rio de Janeiro/RJ/Brasil,Boleto Bancário,Concluído
TX_12922,2025-04-11 09:59:00,CLI_605,Notebook,Eletrônicos,1623.22,1,Rio de Janeiro/RJ/Brasil,Pix,Concluído
TX_12923,2025-07-11 03:58:00,CLI_984,História,Livros,1826.34,1,Rio de Janeiro/RJ/Brasil,Pix,Concluído
TX_12924,2025-09-29 04:34:00,CLI_195,Calça Jeans,Vestuário,1034.73,5,Salvador/BA/Brasil,Boleto Bancário,Concluído
TX_12925,2025-11-27 05:19:00,CLI_810,Calça Jeans,Vestuário,210.51,5,Curitiba/PR/Brasil,Boleto Bancário,Concluído
TX_12926,2025-09-07 13:39:00,CLI_884,Luminária,Casa,2558.51,1,Curitiba/PR/Brasil,Pix,Concluído
TX_12927,2025-09-24 14:33:00,CLI_305,Biografia,Livros,30.14,1,Rio de Janeiro/RJ/Brasil,Cartão de Crédito,Concluído
TX_12928,2025-05-30 17:10:00,CLI_374,Smartphone,Eletrônicos,455.85,3,Salvador/BA/Brasil,Boleto Bancário,Concluído
TX_12929,2025-08-20 23:03:00,CLI_690,Calça Jeans,Vestuário,1342.87,5,Curitiba/PR/Brasil,Cartão de Crédito,Em Processamento
TX_12930,2025-12-24 07:03:00,CLI_490,História,Livros,45.41,3,São Paulo/SP/Brasil,Boleto Bancário,Concluído
TX_12931,2025-03-10 00:49:00,CLI_675,Cadeira Escritório,Casa,3449.02,4,Salvador/BA/Brasil,Pix,Em Processamento
TX_12932,2025-03-16 08:55:00,CLI_736,Smartphone,Eletrônicos,1303.03,1,Rio de Janeiro/RJ/Brasil,Boleto Bancário,Concluído
TX_12933,2025-02-09 03:41:00,CLI_439,Luminária,Casa,1031.83,1,São Paulo/SP/Brasil,Pix,Concluído
TX_12934,2025-09-26 17:23:00,CLI_690,Smartphone,Eletrônicos,2241.64,1,Rio de Janeiro/RJ/Brasil,Pix,Concluído
TX_12935,2025-02-01 09:16:00,CLI_347,Smartphone,Eletrônicos,237.6,4,Bom Despacho/MG/Brasil,Pix,Em Processamento
TX_12936,2025-06-19 06:31:00,CLI_634,Luminária,Casa,2225.55,1,Rio de Janeiro/RJ/Brasil,Pix,Em Processamento
TX_12937,2025-08-23 10:54:00,CLI_460,Jaqueta,Vestuário,1777.32,2,Bom Despacho/MG/Brasil,Cartão de Crédito,Em Processamento
TX_12938,2025-09-22 10:50:00,CLI_490,Smartphone,Eletrônicos,997.19,1,Curitiba/PR/Brasil,Pix,Cancelado
TX_12939,2025-11-08 01:16:00,CLI_258,Luminária,Casa,3111.69,1,São Paulo/SP/Brasil,Pix,Em Processamento
TX_12940,2025-08-12 03:11:00,CLI_209,Jaqueta,Vestuário,1289.86,4,São Paulo/SP/Brasil,Pix,Em Processamento
TX_12941,2025-10-19 19:29:00,CLI_581,Ficção Científica,Livros,2895.71,4,São Paulo/SP/Brasil,Pix,Concluído
TX_12942,2025-07-31 02:14:00,CLI_587,Calça Jeans,Vestuário,3046.2,3,Rio de Janeiro/RJ/Brasil,Cartão de Crédito,Concluído
TX_12943,2025-05-11 12:10:00,CLI_759,Tênis,Vestuário,1893.83,5,Rio de Janeiro/RJ/Brasil,Pix,Cancelado
TX_12944,2025-10-07 12:36:00,CLI_352,Cadeira Escritório,Casa,1286.14,2,Rio de Janeiro/RJ/Brasil,Cartão de Crédito,Em Processamento
TX_12945,2025-07-18 13:39:00,CLI_775,Tênis,Vestuário,509.96,4,Rio de Janeiro/RJ/Brasil,Boleto Bancário,Cancelado
TX_12946,2025-12-15 11:16:00,CLI_652,Luminária,Casa,2853.13,4,São Paulo/SP/Brasil,Pix,Em Processamento
TX_12947,2026-02-02 06:54:00,CLI_106,Biografia,Livros,543.41,5,São Paulo/SP/Brasil,Pix,Concluído
TX_12948,2025-09-03 13:06:00,CLI_540,Jaqueta,Vestuário,2079.96,2,Rio de Janeiro/RJ/Brasil,Pix,Concluído
TX_12949,2025-03-26 10:55:00,CLI_228,Fone de Ouvido,Eletrônicos,3063.64,3,São Paulo/SP/Brasil,Pix,Cancelado
TX_12950,2025-10-06 15:56:00,CLI_937,Notebook,Eletrônicos,678.7,1,São Paulo/SP/Brasil,Boleto Bancário,Em Processamento
TX_12951,2025-11-24 15:35:00,CLI_883,Biografia,Livros,2902.85,5,São Paulo/SP/Brasil,Boleto Bancário,Concluído
TX_12952,2025-08-22 03:57:00,CLI_223,História,Livros,3077.69,5,Curitiba/PR/Brasil,Pix,Concluído
TX_12953,2025-12-01 17:12:00,CLI_499,Jogo de Cama,Casa,706.49,5,Curitiba/PR/Brasil,Cartão de Crédito,Concluído
TX_12954,2025-02-07 01:38:00,CLI_947,Ficção Científica,Livros,508.32,3,Rio de Janeiro/RJ/Brasil,Cartão de Crédito,Concluído
TX_12955,2025-04-21 23:08:00,CLI_153,Cafeteira,Casa,1230.56,4,Curitiba/PR/Brasil,Boleto Bancário,Cancelado
TX_12956,2025-12-31 14:34:00,CLI_223,Ficção Científica,Livros,2377.33,5,Salvador/BA/Brasil,Boleto Bancário,Cancelado
TX_12957,2025-12-30 20:49:00,CLI_544,Smartwatch,Eletrônicos,1234.29,4,Bom Despacho/MG/Brasil,Pix,Cancelado
TX_12958,2025-11-07 20:48:00,CLI_840,Desenvolvimento Pessoal,Livros,2389.2,5,São Paulo/SP/Brasil,Cartão de Crédito,Concluído
TX_12959,2025-01-09 20:59:00,CLI_830,Cafeteira,Casa,1292.76,2,São Paulo/SP/Brasil,Pix,Concluído
TX_12960,2026-02-04 15:39:00,CLI_739,Desenvolvimento Pessoal,Livros,713.01,2,Rio de Janeiro/RJ/Brasil,Cartão de Crédito,Concluído
TX_12961,2025-11-16 00:27:00,CLI_569,Fone de Ouvido,Eletrônicos,89.06,3,Rio de Janeiro/RJ/Brasil,Pix,Concluído
TX_12962,2025-06-21 16:49:00,CLI_907,Ficção Científica,Livros,2247.28,1,São Paulo/SP/Brasil,Cartão de Crédito,Concluído
TX_12963,2025-02-05 13:32:00,CLI_825,Smartphone,Eletrônicos,2903.38,2,São Paulo/SP/Brasil,Pix,Concluído
TX_12964,2025-07-25 11:54:00,CLI_673,Smartphone,Eletrônicos,2007.79,2,Rio de Janeiro/RJ/Brasil,Boleto Bancário,Concluído
TX_12965,2025-08-22 18:59:00,CLI_974,Desenvolvimento Pessoal,Livros,723.53,3,Salvador/BA/Brasil,Pix,Em Processamento
TX_12966,2025-02-15 20:29:00,CLI_291,Tênis,Vestuário,390.67,5,Curitiba/PR/Brasil,Pix,Cancelado
TX_12967,2025-05-05 17:14:00,CLI_523,Fone de Ouvido,Eletrônicos,3447.55,4,Curitiba/PR/Brasil,Pix,Concluído
TX_12968,2025-02-16 16:53:00,CLI_809,Camiseta,Vestuário,498.4,4,Rio de Janeiro/RJ/Brasil,Pix,Concluído
TX_12969,2025-07-21 18:23:00,CLI_441,Calça Jeans,Vestuário,934.59,5,Bom Despacho/MG/Brasil,Cartão de Crédito,Cancelado
TX_12970,2025-01-21 01:10:00,CLI_805,Tênis,Vestuário,3083.82,2,São Paulo/SP/Brasil,Cartão de Crédito,Em Processamento
TX_12971,2025-06-05 22:45:00,CLI_864,Ficção Científica,Livros,1328.81,1,São Paulo/SP/Brasil,Pix,Concluído
TX_12972,2025-04-17 04:53:00,CLI_607,Fone de Ouvido,Eletrônicos,3072.78,4,Bom Despacho/MG/Brasil,Boleto Bancário,Concluído
TX_12973,2025-06-13 14:21:00,CLI_965,Notebook,Eletrônicos,2299.26,2,Rio de Janeiro/RJ/Brasil,Pix,Em Processamento
TX_12974,2025-01-30 01:56:00,CLI_839,Camiseta,Vestuário,146.44,1,São Paulo/SP/Brasil,Boleto Bancário,Em Processamento
TX_12975,2025-08-16 17:47:00,CLI_216,Camiseta,Vestuário,2549.01,3,Salvador/BA/Brasil,Boleto Bancário,Concluído
TX_12976,2025-12-24 09:30:00,CLI_166,Calça Jeans,Vestuário,1182.83,5,Bom Despacho/MG/Brasil,Cartão de Crédito,Em Processamento
TX_12977,2025-05-15 07:31:00,CLI_748,Notebook,Eletrônicos,1560.53,4,São Paulo/SP/Brasil,Cartão de Crédito,Concluído
TX_12978,2025-10-01 21:56:00,CLI_125,História,Livros,1798.78,1,Rio de Janeiro/RJ/Brasil,Cartão de Crédito,Concluído
TX_12979,2026-01-25 19:31:00,CLI_410,Ficção Científica,Livros,2732.64,3,Bom Despacho/MG/Brasil,Pix,Concluído
TX_12980,2025-02-15 01:14:00,CLI_457,Jogo de Cama,Casa,2387.87,2,São Paulo/SP/Brasil,Boleto Bancário,Concluído
TX_12981,2025-04-14 20:38:00,CLI_558,Smartwatch,Eletrônicos,2171.29,3,Curitiba/PR/Brasil,Cartão de Crédito,Concluído
TX_12982,2025-12-08 14:24:00,CLI_720,Fone de Ouvido,Eletrônicos,826.24,4,Rio de Janeiro/RJ/Brasil,Boleto Bancário,Concluído
TX_12983,2025-09-06 14:34:00,CLI_590,Smartphone,Eletrônicos,2419.93,1,Curitiba/PR/Brasil,Boleto Bancário,Cancelado
TX_12984,2025-12-03 18:07:00,CLI_655,História,Livros,2839.56,2,Rio de Janeiro/RJ/Brasil,Pix,Concluído
TX_12985,2025-02-14 22:20:00,CLI_506,Desenvolvimento Pessoal,Livros,3078.66,2,São Paulo/SP/Brasil,Pix,Cancelado
TX_12986,2025-08-06 14:45:00,CLI_545,Calça Jeans,Vestuário,1561.83,5,Rio de Janeiro/RJ/Brasil,Cartão de Crédito,Em Processamento
TX_12987,2025-02-13 13:29:00,CLI_936,Jaqueta,Vestuário,1147.15,2,Curitiba/PR/Brasil,Boleto Bancário,Em Processamento
TX_12988,2025-10-25 19:55:00,CLI_347,Smartwatch,Eletrônicos,2832.36,5,Bom Despacho/MG/Brasil,Boleto Bancário,Concluído
TX_12989,2025-11-15 16:16:00,CLI_591,Tênis,Vestuário,1635.01,4,Bom Despacho/MG/Brasil,Pix,Em Processamento
TX_12990,2025-01-13 18:44:00,CLI_958,História,Livros,670.04,5,Bom Despacho/MG/Brasil,Pix,Em Processamento
TX_12991,2025-02-07 09:55:00,CLI_227,Fone de Ouvido,Eletrônicos,2709.63,1,São Paulo/SP/Brasil,Pix,Concluído
TX_12992,2025-02-05 04:44:00,CLI_704,Biografia,Livros,3351.07,3,Salvador/BA/Brasil,Pix,Concluído
TX_12993,2025-11-28 03:53:00,CLI_961,Smartwatch,Eletrônicos,3419.83,5,São Paulo/SP/Brasil,Pix,Concluído
TX_12994,2025-01-03 20:35:00,CLI_288,Fone de Ouvido,Eletrônicos,927.69,5,São Paulo/SP/Brasil,Boleto Bancário,Concluído
TX_12995,2025-11-24 15:48:00,CLI_150,História,Livros,2198.21,1,Bom Despacho/MG/Brasil,Cartão de Crédito,Em Processamento
TX_12996,2025-02-22 05:07:00,CLI_448,Camiseta,Vestuário,2223.17,1,São Paulo/SP/Brasil,Boleto Bancário,Em Processamento
TX_12997,2025-05-21 05:50:00,CLI_685,Ficção Científica,Livros,2643.51,1,Curitiba/PR/Brasil,Pix,Em Processamento
TX_12998,2025-03-24 07:45:00,CLI_971,Jogo de Cama,Casa,673.78,5,Rio de Janeiro/RJ/Brasil,Cartão de Crédito,Concluído
TX_12999,2025-01-22 00:27:00,CLI_901,Smartwatch,Eletrônicos,3333.51,2,Rio de Janeiro/RJ/Brasil,Cartão de Crédito,Concluído
TX_13000,2025-11-30 14:27:00,CLI_242,Jogo de Cama,Casa,919.57,5,Curitiba/PR/Brasil,Pix,Concluído
TX_13001,2025-01-13 23:48:00,CLI_928,Jaqueta,Vestuário,1153.31,1,Bom Despacho/MG/Brasil,Boleto Bancário,Concluído
TX_13002,2025-07-08 13:55:00,CLI_794,Cadeira Escritório,Casa,2722.75,4,Salvador/BA/Brasil,Pix,Concluído
TX_13003,2025-07-05 22:02:00,CLI_411,História,Livros,897.23,3,Rio de Janeiro/RJ/Brasil,Cartão de Crédito,Concluído
TX_13004,2025-07-14 22:22:00,CLI_539,Luminária,Casa,3138.69,5,Bom Despacho/MG/Brasil,Boleto Bancário,Cancelado
TX_13005,2025-09-17 06:46:00,CLI_905,Jogo de Cama,Casa,1048.91,2,Bom Despacho/MG/Brasil,Boleto Bancário,Concluído
TX_13006,2025-09-11 07:22:00,CLI_544,Biografia,Livros,3425.55,3,Curitiba/PR/Brasil,Boleto Bancário,Concluído
TX_13007,2025-12-06 15:43:00,CLI_584,Calça Jeans,Vestuário,1286.74,4,São Paulo/SP/Brasil,Cartão de Crédito,Em Processamento
TX_13008,2026-01-31 22:12:00,CLI_518,Jogo de Cama,Casa,2703.52,5,Rio de Janeiro/RJ/Brasil,Boleto Bancário,Concluído
TX_13009,2026-01-09 14:41:00,CLI_711,Cafeteira,Casa,2421.42,5,Rio de Janeiro/RJ/Brasil,Cartão de Crédito,Concluído
TX_13010,2025-01-31 12:19:00,CLI_838,Fone de Ouvido,Eletrônicos,126.11,2,Bom Despacho/MG/Brasil,Boleto Bancário,Concluído
TX_13011,2026-01-11 00:16:00,CLI_152,História,Livros,1610.73,3,Rio de Janeiro/RJ/Brasil,Cartão de Crédito,Em Processamento
TX_13012,2025-08-17 07:45:00,CLI_856,Camiseta,Vestuário,1722.73,2,Curitiba/PR/Brasil,Boleto Bancário,Concluído
TX_13013,2025-05-04 19:11:00,CLI_129,Cafeteira,Casa,236.07,2,São Paulo/SP/Brasil,Pix,Em Processamento
TX_13014,2025-01-20 23:05:00,CLI_235,Luminária,Casa,2416.61,1,Bom Despacho/MG/Brasil,Pix,Concluído
TX_13015,2025-02-18 10:38:00,CLI_314,Notebook,Eletrônicos,1211.81,1,Salvador/BA/Brasil,Cartão de Crédito,Cancelado
TX_13016,2026-01-20 16:46:00,CLI_735,Jogo de Cama,Casa,3006.78,3,Rio de Janeiro/RJ/Brasil,Cartão de Crédito,Concluído
TX_13017,2025-05-03 22:25:00,CLI_461,Smartphone,Eletrônicos,2022.72,3,Rio de Janeiro/RJ/Brasil,Cartão de Crédito,Cancelado
TX_13018,2025-05-16 05:05:00,CLI_664,Jogo de Cama,Casa,1527.95,4,Curitiba/PR/Brasil,Cartão de Crédito,Concluído
TX_13019,2025-07-06 16:55:00,CLI_328,Smartphone,Eletrônicos,1856.93,5,Salvador/BA/Brasil,Boleto Bancário,Concluído
TX_13020,2025-02-11 08:51:00,CLI_747,Cafeteira,Casa,2651.75,1,Bom Despacho/MG/Brasil,Boleto Bancário,Concluído
TX_13021,2025-02-10 16:16:00,CLI_781,Tênis,Vestuário,3158.04,3,São Paulo/SP/Brasil,Pix,Concluído
TX_13022,2025-12-24 01:04:00,CLI_883,Jogo de Cama,Casa,1471.31,4,Curitiba/PR/Brasil,Cartão de Crédito,Em Processamento
TX_13023,2025-04-13 08:26:00,CLI_552,Smartwatch,Eletrônicos,886.88,1,Curitiba/PR/Brasil,Cartão de Crédito,Concluído
TX_13024,2025-08-05 05:41:00,CLI_879,Cadeira Escritório,Casa,1497.53,1,Bom Despacho/MG/Brasil,Cartão de Crédito,Cancelado
TX_13025,2025-03-02 17:26:00,CLI_902,Fone de Ouvido,Eletrônicos,2297.68,4,Salvador/BA/Brasil,Cartão de Crédito,Concluído
TX_13026,2025-04-30 02:51:00,CLI_717,Smartwatch,Eletrônicos,2915.42,2,Salvador/BA/Brasil,Cartão de Crédito,Concluído
TX_13027,2026-01-17 16:51:00,CLI_160,Luminária,Casa,1098.01,1,Curitiba/PR/Brasil,Boleto Bancário,Concluído
TX_13028,2025-08-14 07:46:00,CLI_792,Calça Jeans,Vestuário,2816.34,2,Curitiba/PR/Brasil,Cartão de Crédito,Concluído
TX_13029,2025-09-15 11:44:00,CLI_970,Camiseta,Vestuário,3276.12,3,Bom Despacho/MG/Brasil,Boleto Bancário,Concluído
TX_13030,2025-11-08 08:16:00,CLI_510,Notebook,Eletrônicos,1052.76,1,Bom Despacho/MG/Brasil,Boleto Bancário,Concluído
TX_13031,2025-05-07 08:42:00,CLI_235,Calça Jeans,Vestuário,1657.76,3,São Paulo/SP/Brasil,Pix,Cancelado
TX_13032,2025-11-09 02:10:00,CLI_212,Biografia,Livros,2518.4,3,Salvador/BA/Brasil,Boleto Bancário,Concluído
TX_13033,2025-02-13 17:47:00,CLI_971,Cafeteira,Casa,2479.76,3,Rio de Janeiro/RJ/Brasil,Cartão de Crédito,Cancelado
TX_13034,2025-01-20 23:24:00,CLI_768,Jogo de Cama,Casa,2997.3,5,São Paulo/SP/Brasil,Pix,Cancelado
TX_13035,2025-01-09 13:55:00,CLI_250,Smartphone,Eletrônicos,2396.37,1,Bom Despacho/MG/Brasil,Boleto Bancário,
TX_13036,2025-02-02 15:25:00,CLI_318,Jaqueta,Vestuário,3002.46,5,Bom Despacho/MG/Brasil,Cartão de Crédito,Cancelado
TX_13037,2026-01-10 17:11:00,CLI_600,Camiseta,Vestuário,811.63,5,São Paulo/SP/Brasil,Cartão de Crédito,Concluído
TX_13038,2025-10-18 02:34:00,CLI_905,Notebook,Eletrônicos,1138.09,2,Curitiba/PR/Brasil,Boleto Bancário,Cancelado
TX_13039,2026-01-31 00:55:00,CLI_467,História,Livros,492.13,5,São Paulo/SP/Brasil,Boleto Bancário,Cancelado
TX_13040,2025-11-26 09:58:00,CLI_454,Ficção Científica,Livros,2978.79,5,Curitiba/PR/Brasil,Boleto Bancário,Concluído
TX_13041,2025-05-11 09:21:00,CLI_425,Jogo de Cama,Casa,193.15,2,São Paulo/SP/Brasil,Cartão de Crédito,Concluído
TX_13042,2025-09-11 18:56:00,CLI_727,Biografia,Livros,134.24,2,Salvador/BA/Brasil,Boleto Bancário,Concluído
TX_13043,2025-11-01 10:47:00,CLI_615,Luminária,Casa,1408.18,4,Rio de Janeiro/RJ/Brasil,Cartão de Crédito,Concluído
TX_13044,2025-11-06 07:01:00,CLI_379,Fone de Ouvido,Eletrônicos,1437.18,4,São Paulo/SP/Brasil,Boleto Bancário,Concluído
TX_13045,2025-12-31 04:59:00,CLI_345,Luminária,Casa,2763.99,5,Salvador/BA/Brasil,Boleto Bancário,Concluído
TX_13046,2025-10-09 22:41:00,CLI_235,Smartphone,Eletrônicos,1570.73,1,Rio de Janeiro/RJ/Brasil,Cartão de Crédito,Concluído
TX_13047,2025-05-24 12:48:00,CLI_161,Notebook,Eletrônicos,365.42,3,Rio de Janeiro/RJ/Brasil,Cartão de Crédito,Concluído
TX_13048,2025-10-02 22:26:00,CLI_660,Smartphone,Eletrônicos,604.17,2,Rio de Janeiro/RJ/Brasil,Cartão de Crédito,Concluído
TX_13049,2025-09-25 04:08:00,CLI_841,Camiseta,Vestuário,2732.38,4,Curitiba/PR/Brasil,Cartão de Crédito,Cancelado
TX_13050,2025-10-17 23:05:00,CLI_783,Notebook,Eletrônicos,2385.57,4,Salvador/BA/Brasil,Cartão de Crédito,Cancelado
TX_13051,2025-10-31 10:27:00,CLI_763,Smartwatch,Eletrônicos,1709.03,4,Salvador/BA/Brasil,Cartão de Crédito,Concluído
TX_13052,2025-03-08 02:45:00,CLI_363,Smartphone,Eletrônicos,2450.14,1,Bom Despacho/MG/Brasil,Cartão de Crédito,Cancelado
TX_13053,2025-08-11 08:14:00,CLI_375,Smartwatch,Eletrônicos,1968.79,1,São Paulo/SP/Brasil,Boleto Bancário,Em Processamento
TX_13054,2025-04-21 15:39:00,CLI_106,Luminária,Casa,1858.87,1,Rio de Janeiro/RJ/Brasil,Cartão de Crédito,Em Processamento
TX_13055,2025-07-05 08:51:00,CLI_472,Fone de Ouvido,Eletrônicos,1479.8,4,Bom Despacho/MG/Brasil,Cartão de Crédito,Em Processamento
TX_13056,2025-07-19 03:55:00,CLI_714,Desenvolvimento Pessoal,Livros,663.43,4,Bom Despacho/MG/Brasil,Pix,Concluído
TX_13057,2026-01-11 23:21:00,CLI_930,Jaqueta,Vestuário,420.41,5,Curitiba/PR/Brasil,Boleto Bancário,Cancelado
TX_13058,2025-10-27 12:05:00,CLI_510,Jaqueta,Vestuário,386.33,4,Rio de Janeiro/RJ/Brasil,Pix,Cancelado
TX_13059,2025-07-06 16:52:00,CLI_312,Camiseta,Vestuário,1613.8,2,Bom Despacho/MG/Brasil,Boleto Bancário,Em Processamento
TX_13060,2025-03-26 04:46:00,CLI_322,Desenvolvimento Pessoal,Livros,2410.56,3,São Paulo/SP/Brasil,Boleto Bancário,Cancelado
TX_13061,2025-07-20 13:00:00,CLI_280,Fone de Ouvido,Eletrônicos,1737.42,2,Bom Despacho/MG/Brasil,Boleto Bancário,Concluído
TX_13062,2025-02-06 15:36:00,CLI_526,Fone de Ouvido,Eletrônicos,2730.29,3,São Paulo/SP/Brasil,Cartão de Crédito,Concluído
TX_13063,2025-09-19 07:44:00,CLI_215,Jogo de Cama,Casa,2109.36,5,Bom Despacho/MG/Brasil,Boleto Bancário,Cancelado
TX_13064,2025-09-03 00:55:00,CLI_961,Jaqueta,Vestuário,887.13,3,Bom Despacho/MG/Brasil,Pix,Em Processamento
TX_13065,2025-04-21 12:52:00,CLI_664,História,Livros,1962.18,2,São Paulo/SP/Brasil,Cartão de Crédito,Concluído
TX_13066,2025-12-16 20:35:00,CLI_756,Jogo de Cama,Casa,809.01,2,Curitiba/PR/Brasil,Boleto Bancário,Concluído
TX_13067,2026-02-04 20:16:00,CLI_216,Jogo de Cama,Casa,2319.7,2,Rio de Janeiro/RJ/Brasil,Pix,Concluído
TX_13068,2025-04-25 09:33:00,CLI_165,Desenvolvimento Pessoal,Livros,167.23,3,Salvador/BA/Brasil,Cartão de Crédito,Cancelado
TX_13069,2025-10-06 15:25:00,CLI_274,Camiseta,Vestuário,462.06,2,São Paulo/SP/Brasil,Pix,Cancelado
TX_13070,2025-02-14 18:18:00,CLI_216,Notebook,Eletrônicos,1570.53,5,São Paulo/SP/Brasil,Pix,Concluído
TX_13071,2025-09-27 20:55:00,CLI_846,Desenvolvimento Pessoal,Livros,2768.35,5,Curitiba/PR/Brasil,Boleto Bancário,Concluído
TX_13072,2025-11-11 15:19:00,CLI_739,Desenvolvimento Pessoal,Livros,2106.93,3,Salvador/BA/Brasil,Cartão de Crédito,Concluído
TX_13073,2025-02-26 09:31:00,CLI_659,Smartwatch,Eletrônicos,2990.03,3,São Paulo/SP/Brasil,Pix,Concluído
TX_13074,2025-08-10 02:37:00,CLI_604,Smartphone,Eletrônicos,751.24,3,São Paulo/SP/Brasil,Pix,Concluído
TX_13075,2025-02-18 05:44:00,CLI_710,Smartwatch,Eletrônicos,1621.58,3,Rio de Janeiro/RJ/Brasil,Pix,
TX_13076,2025-08-03 20:22:00,CLI_412,Jaqueta,Vestuário,2136.68,2,São Paulo/SP/Brasil,Pix,Em Processamento
TX_13077,2025-04-19 17:56:00,CLI_973,Smartphone,Eletrônicos,2418.75,5,Salvador/BA/Brasil,Boleto Bancário,Em Processamento
TX_13078,2025-03-27 23:48:00,CLI_148,Smartwatch,Eletrônicos,411.69,2,Salvador/BA/Brasil,Boleto Bancário,
TX_13079,2025-09-10 11:52:00,CLI_293,Ficção Científica,Livros,2786.78,2,Curitiba/PR/Brasil,Cartão de Crédito,Cancelado
TX_13080,2025-03-03 08:15:00,CLI_178,Calça Jeans,Vestuário,1653.67,5,Curitiba/PR/Brasil,Pix,Concluído
TX_13081,2025-12-19 20:33:00,CLI_954,Smartphone,Eletrônicos,211.14,4,Bom Despacho/MG/Brasil,Boleto Bancário,Concluído
TX_13082,2025-09-22 11:21:00,CLI_615,Cafeteira,Casa,798.8,4,Bom Despacho/MG/Brasil,Cartão de Crédito,Em Processamento
TX_13083,2025-05-23 07:26:00,CLI_718,Notebook,Eletrônicos,2217.93,2,Curitiba/PR/Brasil,Pix,Concluído
TX_13084,2025-02-05 20:29:00,CLI_817,Smartwatch,Eletrônicos,2593.09,3,Bom Despacho/MG/Brasil,Boleto Bancário,Concluído
TX_13085,2025-04-02 03:37:00,CLI_938,Cadeira Escritório,Casa,2465.7,2,Curitiba/PR/Brasil,Boleto Bancário,Concluído
TX_13086,2025-12-23 18:30:00,CLI_504,Ficção Científica,Livros,827.95,5,São Paulo/SP/Brasil,Pix,Concluído
TX_13087,2026-01-06 18:56:00,CLI_357,Luminária,Casa,1124.41,1,Rio de Janeiro/RJ/Brasil,Pix,Cancelado
TX_13088,2025-05-05 00:17:00,CLI_890,Camiseta,Vestuário,2806.41,5,Salvador/BA/Brasil,Pix,Em Processamento
TX_13089,2025-08-08 23:44:00,CLI_777,Luminária,Casa,1080.9,5,Salvador/BA/Brasil,Boleto Bancário,Cancelado
TX_13090,2025-10-15 20:51:00,CLI_719,Tênis,Vestuário,3033.86,1,São Paulo/SP/Brasil,Pix,Cancelado
TX_13091,2025-08-03 13:40:00,CLI_620,Tênis,Vestuário,239.34,2,São Paulo/SP/Brasil,Cartão de Crédito,Em Processamento
TX_13092,2025-08-20 00:58:00,CLI_589,Biografia,Livros,2428.05,1,Curitiba/PR/Brasil,Pix,Concluído
TX_13093,2025-06-06 04:31:00,CLI_766,Luminária,Casa,613.2,2,Rio de Janeiro/RJ/Brasil,Boleto Bancário,Concluído
TX_13094,2025-07-30 22:59:00,CLI_351,Notebook,Eletrônicos,659.12,2,São Paulo/SP/Brasil,Pix,Concluído
TX_13095,2025-10-06 03:24:00,CLI_764,Luminária,Casa,2771.3,3,São Paulo/SP/Brasil,Pix,Concluído
TX_13096,2025-12-09 22:48:00,CLI_131,Cafeteira,Casa,563.34,3,Rio de Janeiro/RJ/Brasil,Cartão de Crédito,Concluído
TX_13097,2025-07-30 11:58:00,CLI_818,Fone de Ouvido,Eletrônicos,3132.14,1,Curitiba/PR/Brasil,Cartão de Crédito,Em Processamento
TX_13098,2025-08-02 09:21:00,CLI_108,Ficção Científica,Livros,2150.22,5,Bom Despacho/MG/Brasil,Pix,Concluído
TX_13099,2025-04-09 21:11:00,CLI_652,Cadeira Escritório,Casa,2175.84,1,Bom Despacho/MG/Brasil,Cartão de Crédito,Cancelado
TX_13100,2025-11-22 04:34:00,CLI_407,Fone de Ouvido,Eletrônicos,2938.12,1,Bom Despacho/MG/Brasil,Boleto Bancário,Em Processamento
TX_13101,2025-02-08 22:46:00,CLI_941,Notebook,Eletrônicos,2732.96,1,Curitiba/PR/Brasil,Boleto Bancário,Concluído
TX_13102,2025-11-12 09:07:00,CLI_285,Cadeira Escritório,Casa,2626.48,5,Bom Despacho/MG/Brasil,Cartão de Crédito,Concluído
TX_13103,2025-07-15 13:01:00,CLI_543,Calça Jeans,Vestuário,2047.05,4,Curitiba/PR/Brasil,Boleto Bancário,Concluído
TX_13104,2025-04-29 18:20:00,CLI_492,Tênis,Vestuário,340.05,3,Rio de Janeiro/RJ/Brasil,Cartão de Crédito,Concluído
TX_13105,2025-04-29 10:25:00,CLI_229,Camiseta,Vestuário,992.34,2,Salvador/BA/Brasil,Pix,Concluído
TX_13106,2025-09-20 06:24:00,CLI_376,História,Livros,1444.24,2,Rio de Janeiro/RJ/Brasil,Pix,Em Processamento
TX_13107,2025-04-17 16:07:00,CLI_479,Calça Jeans,Vestuário,372.31,5,Bom Despacho/MG/Brasil,Pix,Cancelado
TX_13108,2025-08-11 12:21:00,CLI_931,Luminária,Casa,1018.58,3,Salvador/BA/Brasil,Cartão de Crédito,Em Processamento
TX_13109,2025-03-10 18:55:00,CLI_437,Jaqueta,Vestuário,1212.19,4,Salvador/BA/Brasil,Pix,Concluído
TX_13110,2025-06-27 05:34:00,CLI_877,Luminária,Casa,2986.19,5,Salvador/BA/Brasil,Boleto Bancário,Concluído
TX_13111,2025-05-08 19:25:00,CLI_537,Cadeira Escritório,Casa,2826.24,5,São Paulo/SP/Brasil,Pix,Concluído
TX_13112,2025-11-04 03:16:00,CLI_959,Jogo de Cama,Casa,3018.68,4,Bom Despacho/MG/Brasil,Pix,Concluído
TX_13113,2025-10-09 17:51:00,CLI_306,Cadeira Escritório,Casa,30.79,5,São Paulo/SP/Brasil,Boleto Bancário,Concluído
TX_13114,2025-09-18 15:32:00,CLI_317,Jogo de Cama,Casa,3271.95,3,Salvador/BA/Brasil,Boleto Bancário,Em Processamento
TX_13115,2025-08-11 14:40:00,CLI_560,História,Livros,2067.81,5,Salvador/BA/Brasil,Boleto Bancário,Concluído
TX_13116,2025-12-25 03:38:00,CLI_568,Ficção Científica,Livros,2455.48,1,Curitiba/PR/Brasil,Pix,Em Processamento
TX_13117,2025-11-15 15:01:00,CLI_184,Smartphone,Eletrônicos,296.57,2,Bom Despacho/MG/Brasil,Boleto Bancário,Concluído
TX_13118,2025-07-20 16:23:00,CLI_949,Ficção Científica,Livros,1264.36,4,Bom Despacho/MG/Brasil,Boleto Bancário,Concluído
TX_13119,2025-10-05 17:14:00,CLI_532,Fone de Ouvido,Eletrônicos,3303.73,1,São Paulo/SP/Brasil,Pix,Cancelado
TX_13120,2026-01-06 23:18:00,CLI_285,Cafeteira,Casa,727.37,2,Salvador/BA/Brasil,Pix,Em Processamento
TX_13121,2025-05-23 11:03:00,CLI_877,Desenvolvimento Pessoal,Livros,3184.02,3,São Paulo/SP/Brasil,Pix,Cancelado
TX_13122,2025-06-09 01:33:00,CLI_238,Jaqueta,Vestuário,2889.51,3,Bom Despacho/MG/Brasil,Cartão de Crédito,Em Processamento
TX_13123,2025-12-26 18:19:00,CLI_701,Ficção Científica,Livros,599.85,3,Curitiba/PR/Brasil,Pix,Concluído
TX_13124,2025-06-19 01:54:00,CLI_982,Luminária,Casa,2393.47,2,Rio de Janeiro/RJ/Brasil,Boleto Bancário,Concluído
TX_13125,2026-01-22 12:50:00,CLI_995,História,Livros,2910.76,5,Rio de Janeiro/RJ/Brasil,Cartão de Crédito,Cancelado
TX_13126,2025-05-06 13:53:00,CLI_980,Tênis,Vestuário,1964.12,1,Salvador/BA/Brasil,Boleto Bancário,Cancelado
TX_13127,2025-06-29 07:32:00,CLI_119,Tênis,Vestuário,2524.52,1,Salvador/BA/Brasil,Cartão de Crédito,Concluído
TX_13128,2025-10-23 12:52:00,CLI_715,Jaqueta,Vestuário,1177.12,5,Salvador/BA/Brasil,Boleto Bancário,Concluído
TX_13129,2025-07-08 05:01:00,CLI_989,Fone de Ouvido,Eletrônicos,3164.4,4,Salvador/BA/Brasil,Pix,Concluído
TX_13130,2025-04-21 13:13:00,CLI_435,História,Livros,1461.11,1,São Paulo/SP/Brasil,Cartão de Crédito,Cancelado
TX_13131,2025-12-15 09:36:00,CLI_316,Tênis,Vestuário,2206.61,3,Bom Despacho/MG/Brasil,Pix,Em Processamento
TX_13132,2025-02-23 18:20:00,CLI_173,Biografia,Livros,2364.81,2,Rio de Janeiro/RJ/Brasil,Cartão de Crédito,Concluído
TX_13133,2025-02-15 16:16:00,CLI_831,Cadeira Escritório,Casa,2950.11,1,Curitiba/PR/Brasil,Pix,Concluído
TX_13134,2025-05-24 12:11:00,CLI_572,Smartwatch,Eletrônicos,1623.5,4,Bom Despacho/MG/Brasil,Cartão de Crédito,Cancelado
TX_13135,2025-07-20 15:10:00,CLI_651,Jaqueta,Vestuário,1106.37,1,Rio de Janeiro/RJ/Brasil,Boleto Bancário,Em Processamento
TX_13136,2025-09-11 12:46:00,CLI_727,História,Livros,965.06,3,Bom Despacho/MG/Brasil,Boleto Bancário,Concluído
TX_13137,2025-10-28 12:05:00,CLI_968,Cafeteira,Casa,678.05,4,Rio de Janeiro/RJ/Brasil,Pix,Concluído
TX_13138,2025-08-27 14:19:00,CLI_670,Jaqueta,Vestuário,1671.49,1,Curitiba/PR/Brasil,Pix,Concluído
TX_13139,2025-08-28 12:06:00,CLI_182,Smartwatch,Eletrônicos,1088.82,4,Curitiba/PR/Brasil,Pix,Concluído
TX_13140,2025-06-12 16:04:00,CLI_884,Luminária,Casa,738.82,2,São Paulo/SP/Brasil,Cartão de Crédito,Em Processamento
TX_13141,2025-10-20 09:28:00,CLI_856,Smartphone,Eletrônicos,131.74,4,São Paulo/SP/Brasil,Pix,Cancelado
TX_13142,2026-01-17 09:54:00,CLI_839,Jogo de Cama,Casa,932.92,2,Rio de Janeiro/RJ/Brasil,Boleto Bancário,Concluído
TX_13143,2025-06-25 06:09:00,CLI_305,Desenvolvimento Pessoal,Livros,3029.24,2,Rio de Janeiro/RJ/Brasil,Pix,Cancelado
TX_13144,2025-05-14 15:55:00,CLI_129,Smartphone,Eletrônicos,2996.3,5,São Paulo/SP/Brasil,Boleto Bancário,Concluído
TX_13145,2025-06-07 19:57:00,CLI_871,Smartphone,Eletrônicos,2334.88,4,Rio de Janeiro/RJ/Brasil,Cartão de Crédito,Concluído
TX_13146,2025-02-14 18:41:00,CLI_204,Desenvolvimento Pessoal,Livros,2394.72,3,São Paulo/SP/Brasil,Boleto Bancário,Concluído
TX_13147,2025-08-07 02:36:00,CLI_419,Desenvolvimento Pessoal,Livros,2559.63,4,Curitiba/PR/Brasil,Pix,Cancelado
TX_13148,2025-09-07 22:49:00,CLI_100,Smartwatch,Eletrônicos,993.11,4,Salvador/BA/Brasil,Boleto Bancário,Em Processamento
TX_13149,2025-10-08 05:01:00,CLI_825,História,Livros,2155.17,3,Curitiba/PR/Brasil,Boleto Bancário,Concluído
TX_13150,2025-11-04 20:00:00,CLI_483,Cadeira Escritório,Casa,73.46,5,Bom Despacho/MG/Brasil,Cartão de Crédito,Concluído
TX_13151,2025-01-02 06:09:00,CLI_688,Calça Jeans,Vestuário,2469.74,4,Rio de Janeiro/RJ/Brasil,Pix,Concluído
TX_13152,2025-09-04 23:13:00,CLI_347,Fone de Ouvido,Eletrônicos,2186.65,4,Bom Despacho/MG/Brasil,Cartão de Crédito,Concluído
TX_13153,2025-07-01 02:17:00,CLI_321,Fone de Ouvido,Eletrônicos,3066.71,5,São Paulo/SP/Brasil,Pix,Cancelado
TX_13154,2025-06-07 15:23:00,CLI_988,Fone de Ouvido,Eletrônicos,864.07,5,Curitiba/PR/Brasil,Boleto Bancário,Concluído
TX_13155,2025-06-23 05:43:00,CLI_367,Cadeira Escritório,Casa,1601.4,3,Salvador/BA/Brasil,Cartão de Crédito,Concluído
TX_13156,2025-05-15 09:37:00,CLI_205,Tênis,Vestuário,73.15,2,Salvador/BA/Brasil,Boleto Bancário,Concluído
TX_13157,2025-02-12 18:20:00,CLI_865,Biografia,Livros,2391.63,4,Bom Despacho/MG/Brasil,Pix,Concluído
TX_13158,2025-02-18 06:57:00,CLI_192,História,Livros,3393.27,3,Bom Despacho/MG/Brasil,Cartão de Crédito,Em Processamento
TX_13159,2025-07-01 17:32:00,CLI_482,Camiseta,Vestuário,696.65,4,Rio de Janeiro/RJ/Brasil,Pix,Em Processamento
TX_13160,2025-11-15 17:59:00,CLI_894,Fone de Ouvido,Eletrônicos,1889.81,2,Rio de Janeiro/RJ/Brasil,Boleto Bancário,Concluído
TX_13161,2025-11-15 21:09:00,CLI_159,Desenvolvimento Pessoal,Livros,2833.83,5,Bom Despacho/MG/Brasil,Pix,Concluído
TX_13162,2025-07-04 17:42:00,CLI_959,Jaqueta,Vestuário,3106.54,1,Bom Despacho/MG/Brasil,Pix,Cancelado
TX_13163,2025-10-03 07:00:00,CLI_974,Jogo de Cama,Casa,353.4,2,Rio de Janeiro/RJ/Brasil,Pix,Em Processamento
TX_13164,2025-04-11 18:11:00,CLI_166,Smartphone,Eletrônicos,2869.65,4,São Paulo/SP/Brasil,Cartão de Crédito,Concluído
TX_13165,2025-03-22 03:30:00,CLI_805,Calça Jeans,Vestuário,2134.81,3,Bom Despacho/MG/Brasil,Boleto Bancário,Cancelado
TX_13166,2026-01-12 03:28:00,CLI_277,Camiseta,Vestuário,235.65,3,Salvador/BA/Brasil,Cartão de Crédito,Cancelado
TX_13167,2025-02-14 10:05:00,CLI_841,Tênis,Vestuário,1414.5,2,São Paulo/SP/Brasil,Cartão de Crédito,Concluído
TX_13168,2025-04-11 01:50:00,CLI_164,Cafeteira,Casa,1132.74,1,Bom Despacho/MG/Brasil,Cartão de Crédito,Concluído
TX_13169,2025-08-19 15:03:00,CLI_645,Cafeteira,Casa,321.51,1,São Paulo/SP/Brasil,Cartão de Crédito,Em Processamento
TX_13170,2025-10-09 10:20:00,CLI_779,Desenvolvimento Pessoal,Livros,2691.67,3,Salvador/BA/Brasil,Pix,Cancelado
TX_13171,2025-06-16 10:21:00,CLI_222,Biografia,Livros,2744.05,2,Bom Despacho/MG/Brasil,Boleto Bancário,Em Processamento
TX_13172,2025-11-11 20:24:00,CLI_373,Notebook,Eletrônicos,1204.23,1,Curitiba/PR/Brasil,Pix,Concluído
TX_13173,2025-08-03 03:34:00,CLI_811,Smartphone,Eletrônicos,2622.52,4,São Paulo/SP/Brasil,Boleto Bancário,Em Processamento
TX_13174,2026-01-21 23:58:00,CLI_844,Smartphone,Eletrônicos,1849.63,2,São Paulo/SP/Brasil,Cartão de Crédito,Concluído
TX_13175,2025-10-02 04:49:00,CLI_527,Camiseta,Vestuário,2887.43,2,Curitiba/PR/Brasil,Cartão de Crédito,Concluído
TX_13176,2025-03-29 22:11:00,CLI_900,Desenvolvimento Pessoal,Livros,1342.89,5,Curitiba/PR/Brasil,Boleto Bancário,Cancelado
TX_13177,2025-04-10 21:33:00,CLI_377,Camiseta,Vestuário,1745.54,1,Salvador/BA/Brasil,Boleto Bancário,Concluído
TX_13178,2025-04-28 04:44:00,CLI_777,Fone de Ouvido,Eletrônicos,2801.79,3,Salvador/BA/Brasil,Pix,Concluído
TX_13179,2025-12-27 06:52:00,CLI_261,Jaqueta,Vestuário,523.0,1,São Paulo/SP/Brasil,Boleto Bancário,Cancelado
TX_13180,2025-09-10 04:23:00,CLI_360,Cafeteira,Casa,2820.64,5,Salvador/BA/Brasil,Pix,Concluído
TX_13181,2025-06-01 11:25:00,CLI_290,Tênis,Vestuário,3154.87,1,São Paulo/SP/Brasil,Pix,Em Processamento
TX_13182,2025-07-24 00:32:00,CLI_925,Notebook,Eletrônicos,1339.66,3,Salvador/BA/Brasil,Boleto Bancário,Concluído
TX_13183,2025-01-07 14:17:00,CLI_901,Calça Jeans,Vestuário,1264.76,3,Bom Despacho/MG/Brasil,Pix,Concluído
TX_13184,2025-06-24 01:25:00,CLI_835,História,Livros,2034.81,3,Salvador/BA/Brasil,Cartão de Crédito,Em Processamento
TX_13185,2025-12-19 08:51:00,CLI_309,Cadeira Escritório,Casa,137.94,4,Curitiba/PR/Brasil,Pix,Concluído
TX_13186,2025-09-21 19:04:00,CLI_603,Biografia,Livros,1864.99,5,Rio de Janeiro/RJ/Brasil,Pix,Cancelado
TX_13187,2025-11-16 08:06:00,CLI_175,Cadeira Escritório,Casa,732.92,1,Salvador/BA/Brasil,Pix,Concluído
TX_13188,2025-02-20 06:36:00,CLI_669,Camiseta,Vestuário,1346.93,3,São Paulo/SP/Brasil,Pix,Em Processamento
TX_13189,2026-01-21 19:42:00,CLI_730,Cadeira Escritório,Casa,68.75,5,São Paulo/SP/Brasil,Cartão de Crédito,Concluído
TX_13190,2025-09-24 20:01:00,CLI_916,Luminária,Casa,3466.29,3,Bom Despacho/MG/Brasil,Boleto Bancário,Concluído
TX_13191,2025-02-07 20:06:00,CLI_828,Tênis,Vestuário,2640.9,3,Bom Despacho/MG/Brasil,Pix,Em Processamento
TX_13192,2025-06-07 15:02:00,CLI_231,Fone de Ouvido,Eletrônicos,1969.37,5,Rio de Janeiro/RJ/Brasil,Pix,Concluído
TX_13193,2025-11-24 01:55:00,CLI_939,História,Livros,1981.93,2,Rio de Janeiro/RJ/Brasil,Cartão de Crédito,Cancelado
TX_13194,2025-05-11 17:25:00,CLI_877,Ficção Científica,Livros,1816.98,5,Salvador/BA/Brasil,Boleto Bancário,Cancelado
TX_13195,2025-10-31 05:41:00,CLI_476,Cadeira Escritório,Casa,2713.43,5,Rio de Janeiro/RJ/Brasil,Boleto Bancário,Concluído
TX_13196,2025-01-01 03:46:00,CLI_639,Calça Jeans,Vestuário,775.89,2,Salvador/BA/Brasil,Pix,Concluído
TX_13197,2025-09-21 11:42:00,CLI_537,Smartwatch,Eletrônicos,1880.09,3,Salvador/BA/Brasil,Boleto Bancário,Cancelado
TX_13198,2025-09-15 00:37:00,CLI_725,História,Livros,3322.58,3,Curitiba/PR/Brasil,Pix,Em Processamento
TX_13199,2026-01-11 09:34:00,CLI_688,Jaqueta,Vestuário,1149.21,5,Bom Despacho/MG/Brasil,Pix,Concluído
TX_13200,2025-07-02 21:42:00,CLI_305,Camiseta,Vestuário,297.85,4,Rio de Janeiro/RJ/Brasil,Pix,Concluído
TX_13201,2025-12-25 21:15:00,CLI_600,Jogo de Cama,Casa,971.76,4,Salvador/BA/Brasil,Pix,Concluído
TX_13202,2025-07-17 23:20:00,CLI_260,Fone de Ouvido,Eletrônicos,1508.47,3,Salvador/BA/Brasil,Cartão de Crédito,Concluído
TX_13203,2025-06-21 07:38:00,CLI_374,História,Livros,2151.75,3,Bom Despacho/MG/Brasil,Pix,Concluído
TX_13204,2025-02-27 20:52:00,CLI_512,Cadeira Escritório,Casa,1550.49,5,Bom Despacho/MG/Brasil,Pix,Concluído
TX_13205,2025-04-16 11:58:00,CLI_854,Smartphone,Eletrônicos,1772.54,2,Salvador/BA/Brasil,Cartão de Crédito,Concluído
TX_13206,2025-02-13 11:10:00,CLI_689,Biografia,Livros,1671.77,2,São Paulo/SP/Brasil,Cartão de Crédito,Concluído
TX_13207,2025-05-24 18:28:00,CLI_910,Calça Jeans,Vestuário,2611.7,3,Salvador/BA/Brasil,Boleto Bancário,Em Processamento
TX_13208,2025-07-30 18:53:00,CLI_149,Jaqueta,Vestuário,1993.52,5,Curitiba/PR/Brasil,Pix,Cancelado
TX_13209,2025-01-18 09:22:00,CLI_108,Smartphone,Eletrônicos,2780.81,2,Salvador/BA/Brasil,Pix,Em Processamento
TX_13210,2025-04-23 14:58:00,CLI_865,Smartphone,Eletrônicos,858.41,5,Bom Despacho/MG/Brasil,Pix,Cancelado
TX_13211,2025-06-17 08:54:00,CLI_379,Ficção Científica,Livros,1467.65,1,Bom Despacho/MG/Brasil,Pix,Concluído
TX_13212,2025-11-11 14:55:00,CLI_596,Jaqueta,Vestuário,2997.44,4,São Paulo/SP/Brasil,Boleto Bancário,Concluído
TX_13213,2025-11-19 11:21:00,CLI_867,Biografia,Livros,733.64,3,São Paulo/SP/Brasil,Boleto Bancário,Em Processamento
TX_13214,2025-12-20 05:13:00,CLI_827,Smartphone,Eletrônicos,1864.54,3,Salvador/BA/Brasil,Pix,Cancelado
TX_13215,2025-03-29 02:55:00,CLI_465,Tênis,Vestuário,3394.93,2,São Paulo/SP/Brasil,Boleto Bancário,Concluído
TX_13216,2025-06-24 10:55:00,CLI_662,Smartwatch,Eletrônicos,498.58,2,Curitiba/PR/Brasil,Pix,Concluído
TX_13217,2025-11-07 12:39:00,CLI_507,Desenvolvimento Pessoal,Livros,1679.76,5,Rio de Janeiro/RJ/Brasil,Pix,Concluído
TX_13218,2025-10-15 20:48:00,CLI_895,Ficção Científica,Livros,2915.2,4,Curitiba/PR/Brasil,Pix,Concluído
TX_13219,2025-09-05 12:47:00,CLI_479,Smartphone,Eletrônicos,253.8,5,Curitiba/PR/Brasil,Boleto Bancário,Concluído
TX_13220,2025-11-06 05:38:00,CLI_447,Luminária,Casa,732.94,1,Bom Despacho/MG/Brasil,Pix,Concluído
TX_13221,2026-02-04 21:59:00,CLI_444,Calça Jeans,Vestuário,2325.43,4,Salvador/BA/Brasil,Pix,Cancelado
TX_13222,2025-07-14 10:53:00,CLI_696,História,Livros,3144.15,4,Bom Despacho/MG/Brasil,Cartão de Crédito,Concluído
TX_13223,2025-05-15 22:08:00,CLI_912,Cafeteira,Casa,2483.65,3,Salvador/BA/Brasil,Cartão de Crédito,Cancelado
TX_13224,2025-06-22 14:00:00,CLI_919,História,Livros,1979.42,2,São Paulo/SP/Brasil,Boleto Bancário,Concluído
TX_13225,2025-07-27 23:41:00,CLI_346,Luminária,Casa,1055.13,1,Curitiba/PR/Brasil,Pix,Concluído
TX_13226,2025-03-05 01:44:00,CLI_779,Cadeira Escritório,Casa,181.37,1,Curitiba/PR/Brasil,Pix,Concluído
TX_13227,2026-01-28 09:49:00,CLI_729,História,Livros,3363.88,2,Rio de Janeiro/RJ/Brasil,Boleto Bancário,Concluído
TX_13228,2025-03-30 12:01:00,CLI_474,Cadeira Escritório,Casa,1647.02,5,Rio de Janeiro/RJ/Brasil,Pix,Cancelado
TX_13229,2025-06-25 09:13:00,CLI_763,Luminária,Casa,3382.92,4,Rio de Janeiro/RJ/Brasil,Pix,Concluído
TX_13230,2025-08-28 07:18:00,CLI_734,Desenvolvimento Pessoal,Livros,2333.19,2,Bom Despacho/MG/Brasil,Cartão de Crédito,Concluído
TX_13231,2025-10-10 00:36:00,CLI_954,Cafeteira,Casa,2716.74,5,Bom Despacho/MG/Brasil,Pix,Cancelado
TX_13232,2025-09-14 03:20:00,CLI_769,Cadeira Escritório,Casa,1439.61,1,Bom Despacho/MG/Brasil,Cartão de Crédito,Em Processamento
TX_13233,2025-07-30 05:43:00,CLI_344,Luminária,Casa,758.72,3,Rio de Janeiro/RJ/Brasil,Pix,Concluído
TX_13234,2025-02-22 08:35:00,CLI_510,Luminária,Casa,2826.92,4,Curitiba/PR/Brasil,Boleto Bancário,Concluído
TX_13235,2025-09-08 23:40:00,CLI_351,Cadeira Escritório,Casa,3410.06,1,Salvador/BA/Brasil,Boleto Bancário,Concluído
TX_13236,2025-09-23 07:23:00,CLI_611,Cafeteira,Casa,3286.82,3,São Paulo/SP/Brasil,Boleto Bancário,Cancelado
TX_13237,2025-01-14 06:31:00,CLI_723,Smartphone,Eletrônicos,2888.89,1,Curitiba/PR/Brasil,Cartão de Crédito,Concluído
TX_13238,2025-12-14 01:03:00,CLI_774,Desenvolvimento Pessoal,Livros,2964.65,1,Salvador/BA/Brasil,Pix,Concluído
TX_13239,2025-11-27 09:12:00,CLI_688,História,Livros,131.55,5,Salvador/BA/Brasil,Pix,Em Processamento
TX_13240,2025-12-15 03:20:00,CLI_507,Tênis,Vestuário,3164.97,2,Bom Despacho/MG/Brasil,Cartão de Crédito,Concluído
TX_13241,2025-07-25 23:06:00,CLI_355,Jaqueta,Vestuário,1245.0,2,Curitiba/PR/Brasil,Pix,Cancelado
TX_13242,2025-12-27 17:59:00,CLI_708,Tênis,Vestuário,1435.2,4,Bom Despacho/MG/Brasil,Cartão de Crédito,Cancelado
TX_13243,2025-10-03 07:19:00,CLI_376,Calça Jeans,Vestuário,2730.13,2,Salvador/BA/Brasil,Cartão de Crédito,Concluído
TX_13244,2025-01-04 02:32:00,CLI_378,Notebook,Eletrônicos,675.62,5,Salvador/BA/Brasil,Pix,Concluído
TX_13245,2025-11-11 07:44:00,CLI_542,Jaqueta,Vestuário,1427.08,2,Bom Despacho/MG/Brasil,Pix,Cancelado
TX_13246,2025-12-22 09:08:00,CLI_632,História,Livros,3371.98,2,São Paulo/SP/Brasil,Boleto Bancário,Concluído
TX_13247,2025-07-06 21:27:00,CLI_547,Smartwatch,Eletrônicos,2954.53,5,Rio de Janeiro/RJ/Brasil,Cartão de Crédito,Cancelado
TX_13248,2025-04-03 22:50:00,CLI_525,Notebook,Eletrônicos,841.94,4,Bom Despacho/MG/Brasil,Boleto Bancário,Concluído
TX_13249,2026-01-26 17:51:00,CLI_499,Notebook,Eletrônicos,1510.64,5,Salvador/BA/Brasil,Cartão de Crédito,Concluído
TX_13250,2025-03-27 02:34:00,CLI_370,Calça Jeans,Vestuário,2198.78,2,Rio de Janeiro/RJ/Brasil,Pix,Concluído
TX_13251,2025-10-27 16:41:00,CLI_908,Ficção Científica,Livros,2252.06,5,São Paulo/SP/Brasil,Cartão de Crédito,Concluído
TX_13252,2025-08-20 09:00:00,CLI_744,Cadeira Escritório,Casa,2207.47,4,Bom Despacho/MG/Brasil,Pix,Concluído
TX_13253,2025-05-24 09:46:00,CLI_178,Tênis,Vestuário,396.17,1,Bom Despacho/MG/Brasil,Boleto Bancário,Em Processamento
TX_13254,2025-07-15 15:21:00,CLI_292,Luminária,Casa,1796.56,1,Rio de Janeiro/RJ/Brasil,Boleto Bancário,Concluído
TX_13255,2025-10-10 22:07:00,CLI_758,Camiseta,Vestuário,1896.46,5,Rio de Janeiro/RJ/Brasil,Cartão de Crédito,Cancelado
TX_13256,2025-10-02 09:32:00,CLI_982,Desenvolvimento Pessoal,Livros,1745.84,1,São Paulo/SP/Brasil,Pix,Cancelado
TX_13257,2025-02-08 08:54:00,CLI_777,Calça Jeans,Vestuário,1834.96,2,São Paulo/SP/Brasil,Cartão de Crédito,Concluído
TX_13258,2025-02-26 06:18:00,CLI_553,Luminária,Casa,603.91,2,São Paulo/SP/Brasil,Pix,Concluído
TX_13259,2025-09-04 13:28:00,CLI_398,Camiseta,Vestuário,1648.46,4,Salvador/BA/Brasil,Cartão de Crédito,Em Processamento
TX_13260,2025-08-11 03:42:00,CLI_656,Smartwatch,Eletrônicos,841.78,4,Curitiba/PR/Brasil,Pix,Concluído
TX_13261,2025-08-04 22:19:00,CLI_594,Luminária,Casa,,1,Curitiba/PR/Brasil,Boleto Bancário,Cancelado
TX_13262,2025-03-17 01:25:00,CLI_388,Camiseta,Vestuário,1916.42,5,Curitiba/PR/Brasil,Pix,Em Processamento
TX_13263,2025-09-14 13:18:00,CLI_933,Fone de Ouvido,Eletrônicos,2016.45,1,São Paulo/SP/Brasil,Cartão de Crédito,Concluído
TX_13264,2025-07-25 08:45:00,CLI_729,Desenvolvimento Pessoal,Livros,1511.46,3,Bom Despacho/MG/Brasil,Cartão de Crédito,Em Processamento
TX_13265,2025-06-15 23:22:00,CLI_870,Smartwatch,Eletrônicos,818.96,1,São Paulo/SP/Brasil,Pix,Concluído
TX_13266,2025-04-28 10:11:00,CLI_233,Smartwatch,Eletrônicos,1186.98,1,São Paulo/SP/Brasil,Boleto Bancário,Em Processamento
TX_13267,2025-10-10 02:21:00,CLI_855,Ficção Científica,Livros,3023.87,5,São Paulo/SP/Brasil,Boleto Bancário,Concluído
TX_13268,2025-03-14 19:46:00,CLI_500,Jaqueta,Vestuário,1633.95,1,Salvador/BA/Brasil,Pix,Concluído
TX_13269,2025-05-07 02:17:00,CLI_712,Camiseta,Vestuário,882.65,4,Bom Despacho/MG/Brasil,Boleto Bancário,Concluído
TX_13270,2025-01-02 04:47:00,CLI_278,Jogo de Cama,Casa,409.09,5,Curitiba/PR/Brasil,Boleto Bancário,Concluído
TX_13271,2025-09-21 00:21:00,CLI_244,Desenvolvimento Pessoal,Livros,3028.97,5,Bom Despacho/MG/Brasil,Cartão de Crédito,Concluído
TX_13272,2025-06-02 06:33:00,CLI_798,Jogo de Cama,Casa,2939.6,1,Salvador/BA/Brasil,Cartão de Crédito,Cancelado
TX_13273,2025-06-17 02:52:00,CLI_591,Cadeira Escritório,Casa,1100.57,3,Rio de Janeiro/RJ/Brasil,Pix,Em Processamento
TX_13274,2025-01-14 05:33:00,CLI_852,Tênis,Vestuário,298.98,1,São Paulo/SP/Brasil,Cartão de Crédito,Concluído
TX_13275,2025-10-20 11:16:00,CLI_476,Calça Jeans,Vestuário,1803.6,5,São Paulo/SP/Brasil,Boleto Bancário,Cancelado
TX_13276,2026-01-24 20:34:00,CLI_564,Notebook,Eletrônicos,363.38,4,Bom Despacho/MG/Brasil,Cartão de Crédito,Cancelado
TX_13277,2025-06-26 14:01:00,CLI_612,Notebook,Eletrônicos,1589.88,1,São Paulo/SP/Brasil,Boleto Bancário,Concluído
TX_13278,2025-12-24 13:02:00,CLI_104,Notebook,Eletrônicos,1164.91,4,Bom Despacho/MG/Brasil,Pix,Em Processamento
TX_13279,2025-05-03 15:17:00,CLI_494,Tênis,Vestuário,1961.78,1,Rio de Janeiro/RJ/Brasil,Boleto Bancário,Cancelado
TX_13280,2025-12-08 14:52:00,CLI_978,História,Livros,226.33,4,Curitiba/PR/Brasil,Pix,Concluído
TX_13281,2026-01-02 15:31:00,CLI_792,Cafeteira,Casa,2228.05,2,Salvador/BA/Brasil,Cartão de Crédito,Cancelado
TX_13282,2025-04-26 06:02:00,CLI_370,Camiseta,Vestuário,2036.8,4,Rio de Janeiro/RJ/Brasil,Boleto Bancário,Cancelado
TX_13283,2025-06-24 03:58:00,CLI_898,Cadeira Escritório,Casa,16.12,5,Bom Despacho/MG/Brasil,Pix,Em Processamento
TX_13284,2026-01-07 07:24:00,CLI_963,Fone de Ouvido,Eletrônicos,422.98,1,Curitiba/PR/Brasil,Pix,Cancelado
TX_13285,2025-03-25 16:30:00,CLI_152,Fone de Ouvido,Eletrônicos,1600.72,5,Bom Despacho/MG/Brasil,Pix,Em Processamento
TX_13286,2025-03-02 03:35:00,CLI_210,Cadeira Escritório,Casa,193.52,5,Curitiba/PR/Brasil,Pix,Cancelado
TX_13287,2025-05-29 22:59:00,CLI_861,Cadeira Escritório,Casa,1238.56,3,Bom Despacho/MG/Brasil,Pix,Concluído
TX_13288,2025-07-18 23:19:00,CLI_690,Biografia,Livros,747.16,5,Rio de Janeiro/RJ/Brasil,Pix,Concluído
TX_13289,2025-01-06 20:46:00,CLI_619,Notebook,Eletrônicos,913.51,4,Salvador/BA/Brasil,Boleto Bancário,Concluído
TX_13290,2025-07-14 20:08:00,CLI_846,Ficção Científica,Livros,2097.15,4,Curitiba/PR/Brasil,Cartão de Crédito,Concluído
TX_13291,2025-09-01 01:09:00,CLI_739,Jaqueta,Vestuário,,4,Salvador/BA/Brasil,Pix,Cancelado
TX_13292,2025-01-21 22:19:00,CLI_310,Desenvolvimento Pessoal,Livros,1999.72,4,Curitiba/PR/Brasil,Cartão de Crédito,Cancelado
TX_13293,2025-10-29 06:16:00,CLI_863,Jaqueta,Vestuário,2830.52,4,Curitiba/PR/Brasil,Cartão de Crédito,Concluído
TX_13294,2025-07-03 04:12:00,CLI_233,Smartwatch,Eletrônicos,1945.34,4,Rio de Janeiro/RJ/Brasil,Cartão de Crédito,Concluído
TX_13295,2025-12-01 05:43:00,CLI_394,Smartwatch,Eletrônicos,717.98,2,Salvador/BA/Brasil,Cartão de Crédito,Concluído
TX_13296,2025-11-12 20:07:00,CLI_335,Notebook,Eletrônicos,894.03,4,Rio de Janeiro/RJ/Brasil,Cartão de Crédito,Cancelado
TX_13297,2025-05-13 07:44:00,CLI_796,Smartwatch,Eletrônicos,3211.2,4,Salvador/BA/Brasil,Boleto Bancário,Concluído
TX_13298,2025-08-13 18:21:00,CLI_501,Calça Jeans,Vestuário,1141.07,2,Bom Despacho/MG/Brasil,Boleto Bancário,Concluído
TX_13299,2025-06-25 08:16:00,CLI_593,Notebook,Eletrônicos,2508.18,1,Salvador/BA/Brasil,Cartão de Crédito,Cancelado
TX_13300,2025-10-12 11:28:00,CLI_394,Cafeteira,Casa,1868.0,3,Salvador/BA/Brasil,Cartão de Crédito,Concluído
TX_13301,2025-03-27 12:21:00,CLI_458,Smartphone,Eletrônicos,3371.35,2,Bom Despacho/MG/Brasil,Boleto Bancário,Concluído
TX_13302,2025-07-30 10:19:00,CLI_235,Jogo de Cama,Casa,1287.59,1,Curitiba/PR/Brasil,Pix,Em Processamento
TX_13303,2025-07-23 00:56:00,CLI_795,História,Livros,643.79,2,Salvador/BA/Brasil,Boleto Bancário,Em Processamento
TX_13304,2025-05-08 02:33:00,CLI_592,Calça Jeans,Vestuário,134.13,1,São Paulo/SP/Brasil,Boleto Bancário,Concluído
TX_13305,2025-10-31 19:41:00,CLI_777,História,Livros,474.04,4,Rio de Janeiro/RJ/Brasil,Boleto Bancário,Em Processamento
TX_13306,2025-09-12 06:55:00,CLI_946,Biografia,Livros,2794.57,1,Salvador/BA/Brasil,Pix,Concluído
TX_13307,2025-03-30 19:40:00,CLI_937,Cafeteira,Casa,409.15,5,Curitiba/PR/Brasil,Pix,Concluído
TX_13308,2025-01-05 08:00:00,CLI_299,Luminária,Casa,2664.44,5,Curitiba/PR/Brasil,Boleto Bancário,Em Processamento
TX_13309,2025-01-10 11:03:00,CLI_180,Smartwatch,Eletrônicos,2460.02,2,São Paulo/SP/Brasil,Boleto Bancário,Cancelado
TX_13310,2025-03-18 00:43:00,CLI_250,Cafeteira,Casa,2388.65,1,São Paulo/SP/Brasil,Cartão de Crédito,Cancelado
TX_13311,2025-05-20 02:16:00,CLI_507,Cafeteira,Casa,974.86,4,Bom Despacho/MG/Brasil,Boleto Bancário,Concluído
TX_13312,2025-07-27 14:10:00,CLI_234,Smartphone,Eletrônicos,3062.44,3,Bom Despacho/MG/Brasil,Boleto Bancário,
TX_13313,2025-07-27 23:14:00,CLI_796,Fone de Ouvido,Eletrônicos,2005.47,3,Rio de Janeiro/RJ/Brasil,Pix,Concluído
TX_13314,2025-01-29 16:25:00,CLI_647,Notebook,Eletrônicos,3181.29,3,Curitiba/PR/Brasil,Pix,Em Processamento
TX_13315,2025-10-21 12:42:00,CLI_619,Calça Jeans,Vestuário,3333.93,2,São Paulo/SP/Brasil,Cartão de Crédito,Em Processamento
TX_13316,2025-12-29 21:59:00,CLI_110,Jaqueta,Vestuário,1500.46,1,Salvador/BA/Brasil,Pix,Concluído
TX_13317,2025-03-10 13:41:00,CLI_597,Biografia,Livros,278.04,5,Rio de Janeiro/RJ/Brasil,Pix,
TX_13318,2025-02-18 12:27:00,CLI_145,Smartwatch,Eletrônicos,2532.45,5,São Paulo/SP/Brasil,Pix,Cancelado
TX_13319,2025-11-13 04:24:00,CLI_458,Biografia,Livros,271.54,2,São Paulo/SP/Brasil,Cartão de Crédito,Concluído
TX_13320,2025-05-02 07:44:00,CLI_821,Tênis,Vestuário,535.64,5,Rio de Janeiro/RJ/Brasil,Pix,Concluído
TX_13321,2025-10-27 11:37:00,CLI_617,Jogo de Cama,Casa,577.92,1,Curitiba/PR/Brasil,Pix,Em Processamento
TX_13322,2025-02-09 14:39:00,CLI_962,Cafeteira,Casa,750.38,5,São Paulo/SP/Brasil,Boleto Bancário,Cancelado
TX_13323,2025-03-26 00:39:00,CLI_906,Fone de Ouvido,Eletrônicos,1641.26,4,Salvador/BA/Brasil,Pix,Concluído
TX_13324,2025-10-15 15:57:00,CLI_946,Jogo de Cama,Casa,845.21,4,Bom Despacho/MG/Brasil,Cartão de Crédito,Cancelado
TX_13325,2025-02-10 17:39:00,CLI_658,Tênis,Vestuário,843.51,1,Salvador/BA/Brasil,Cartão de Crédito,Concluído
TX_13326,2026-01-24 22:02:00,CLI_544,História,Livros,2483.36,4,Rio de Janeiro/RJ/Brasil,Pix,Concluído
TX_13327,2025-11-22 10:26:00,CLI_302,Cafeteira,Casa,2209.38,3,Rio de Janeiro/RJ/Brasil,Pix,Em Processamento
TX_13328,2025-11-06 12:50:00,CLI_470,História,Livros,1675.79,3,Rio de Janeiro/RJ/Brasil,Pix,Concluído
TX_13329,2025-11-11 19:30:00,CLI_148,Camiseta,Vestuário,2673.7,2,Rio de Janeiro/RJ/Brasil,Pix,Em Processamento
TX_13330,2025-05-31 16:04:00,CLI_695,Fone de Ouvido,Eletrônicos,3026.54,1,Rio de Janeiro/RJ/Brasil,Boleto Bancário,Concluído
TX_13331,2025-11-04 02:14:00,CLI_529,Fone de Ouvido,Eletrônicos,2451.02,4,São Paulo/SP/Brasil,Cartão de Crédito,Cancelado
TX_13332,2025-03-27 13:50:00,CLI_491,Biografia,Livros,2435.41,2,Bom Despacho/MG/Brasil,Cartão de Crédito,Concluído
TX_13333,2025-04-24 14:04:00,CLI_900,Jogo de Cama,Casa,2104.59,1,São Paulo/SP/Brasil,Boleto Bancário,Concluído
TX_13334,2025-12-14 11:20:00,CLI_251,Luminária,Casa,1641.66,1,São Paulo/SP/Brasil,Boleto Bancário,Concluído
TX_13335,2025-07-22 10:36:00,CLI_167,Biografia,Livros,916.31,3,Rio de Janeiro/RJ/Brasil,Pix,Em Processamento
TX_13336,2025-09-25 09:04:00,CLI_228,Smartphone,Eletrônicos,3215.65,2,São Paulo/SP/Brasil,Cartão de Crédito,Concluído
TX_13337,2025-03-25 05:23:00,CLI_689,Cadeira Escritório,Casa,1892.38,2,Bom Despacho/MG/Brasil,Boleto Bancário,Concluído
TX_13338,2025-09-02 02:48:00,CLI_461,História,Livros,883.45,5,Curitiba/PR/Brasil,Cartão de Crédito,Concluído
TX_13339,2026-01-15 10:16:00,CLI_576,Jaqueta,Vestuário,2554.15,2,Rio de Janeiro/RJ/Brasil,Pix,Concluído
TX_13340,2025-03-15 20:39:00,CLI_676,Smartphone,Eletrônicos,70.41,1,Rio de Janeiro/RJ/Brasil,Boleto Bancário,Concluído
TX_13341,2025-07-28 02:18:00,CLI_985,Desenvolvimento Pessoal,Livros,2944.88,3,Curitiba/PR/Brasil,Pix,Concluído
TX_13342,2026-01-13 11:05:00,CLI_425,História,Livros,920.43,1,Rio de Janeiro/RJ/Brasil,Boleto Bancário,Concluído
TX_13343,2025-07-25 21:08:00,CLI_604,Calça Jeans,Vestuário,2101.44,1,São Paulo/SP/Brasil,Boleto Bancário,Cancelado
TX_13344,2025-10-20 07:40:00,CLI_736,Desenvolvimento Pessoal,Livros,699.64,2,Bom Despacho/MG/Brasil,Boleto Bancário,Em Processamento
TX_13345,2025-06-13 07:14:00,CLI_857,Ficção Científica,Livros,2725.89,5,Bom Despacho/MG/Brasil,Cartão de Crédito,Concluído
TX_13346,2025-12-22 07:35:00,CLI_442,Jaqueta,Vestuário,1606.51,2,Salvador/BA/Brasil,Boleto Bancário,Concluído
TX_13347,2025-09-04 07:56:00,CLI_383,Calça Jeans,Vestuário,1201.25,2,São Paulo/SP/Brasil,Cartão de Crédito,Concluído
TX_13348,2025-02-21 06:06:00,CLI_256,Jaqueta,Vestuário,1036.52,4,Bom Despacho/MG/Brasil,Pix,Concluído
TX_13349,2025-03-22 01:52:00,CLI_347,Jogo de Cama,Casa,817.08,1,Curitiba/PR/Brasil,Pix,Concluído
TX_13350,2025-05-08 04:30:00,CLI_434,Ficção Científica,Livros,348.99,1,Rio de Janeiro/RJ/Brasil,Pix,Concluído
TX_13351,2025-10-01 17:01:00,CLI_155,Cafeteira,Casa,2816.84,3,Bom Despacho/MG/Brasil,Boleto Bancário,Concluído
TX_13352,2025-11-28 23:27:00,CLI_791,Jogo de Cama,Casa,1057.55,3,Rio de Janeiro/RJ/Brasil,Pix,Concluído
TX_13353,2025-11-14 05:20:00,CLI_480,Smartphone,Eletrônicos,2848.35,1,Salvador/BA/Brasil,Cartão de Crédito,Concluído
TX_13354,2026-01-30 17:38:00,CLI_177,Camiseta,Vestuário,2058.54,2,Curitiba/PR/Brasil,Boleto Bancário,Concluído
TX_13355,2026-01-09 23:30:00,CLI_417,Fone de Ouvido,Eletrônicos,2145.17,3,Rio de Janeiro/RJ/Brasil,Cartão de Crédito,Em Processamento
TX_13356,2025-12-21 16:58:00,CLI_978,Ficção Científica,Livros,2651.23,3,Bom Despacho/MG/Brasil,Pix,Concluído
TX_13357,2025-03-30 17:34:00,CLI_746,História,Livros,2278.84,3,Rio de Janeiro/RJ/Brasil,Pix,Concluído
TX_13358,2026-01-17 14:00:00,CLI_237,Smartwatch,Eletrônicos,2961.13,1,São Paulo/SP/Brasil,Boleto Bancário,Em Processamento
TX_13359,2025-06-11 04:29:00,CLI_109,Cadeira Escritório,Casa,3060.89,1,Rio de Janeiro/RJ/Brasil,Pix,Cancelado
TX_13360,2025-05-29 05:15:00,CLI_156,Fone de Ouvido,Eletrônicos,1110.66,5,São Paulo/SP/Brasil,Boleto Bancário,Cancelado
TX_13361,2025-08-17 15:43:00,CLI_998,Cadeira Escritório,Casa,284.55,2,Salvador/BA/Brasil,Boleto Bancário,Concluído
TX_13362,2025-01-22 20:14:00,CLI_138,Ficção Científica,Livros,395.93,1,Salvador/BA/Brasil,Pix,Cancelado
TX_13363,2025-11-04 05:04:00,CLI_597,Smartphone,Eletrônicos,2911.24,5,Rio de Janeiro/RJ/Brasil,Boleto Bancário,Em Processamento
TX_13364,2025-05-24 13:20:00,CLI_772,Notebook,Eletrônicos,414.31,2,São Paulo/SP/Brasil,Boleto Bancário,Em Processamento
TX_13365,2025-08-31 18:17:00,CLI_851,Smartwatch,Eletrônicos,1242.82,5,Salvador/BA/Brasil,Boleto Bancário,Concluído
TX_13366,2025-11-18 01:12:00,CLI_776,Ficção Científica,Livros,2075.37,3,Bom Despacho/MG/Brasil,Pix,Em Processamento
TX_13367,2025-04-01 17:53:00,CLI_135,Jaqueta,Vestuário,56.93,2,Curitiba/PR/Brasil,Boleto Bancário,Cancelado
TX_13368,2025-02-27 22:58:00,CLI_784,Camiseta,Vestuário,3303.58,3,Salvador/BA/Brasil,Pix,Concluído
TX_13369,2025-06-30 14:20:00,CLI_389,Jaqueta,Vestuário,76.83,5,Rio de Janeiro/RJ/Brasil,Cartão de Crédito,Concluído
TX_13370,2025-11-06 15:08:00,CLI_632,Camiseta,Vestuário,2664.42,5,Curitiba/PR/Brasil,Boleto Bancário,Em Processamento
TX_13371,2025-06-27 09:41:00,CLI_722,Luminária,Casa,1926.96,4,Bom Despacho/MG/Brasil,Pix,Concluído
TX_13372,2025-05-15 19:15:00,CLI_136,Cadeira Escritório,Casa,3304.21,4,Curitiba/PR/Brasil,Boleto Bancário,Em Processamento
TX_13373,2025-02-05 19:09:00,CLI_445,História,Livros,2673.57,1,Bom Despacho/MG/Brasil,Cartão de Crédito,Cancelado
TX_13374,2025-01-24 11:59:00,CLI_784,Cafeteira,Casa,2132.56,3,Curitiba/PR/Brasil,Pix,Concluído
TX_13375,2025-09-15 01:39:00,CLI_740,Jogo de Cama,Casa,2300.54,2,São Paulo/SP/Brasil,Boleto Bancário,Concluído
TX_13376,2025-06-28 18:03:00,CLI_954,Smartphone,Eletrônicos,3365.22,4,Rio de Janeiro/RJ/Brasil,Pix,Concluído
TX_13377,2025-09-04 08:15:00,CLI_118,Jaqueta,Vestuário,2374.37,1,Curitiba/PR/Brasil,Pix,Cancelado
TX_13378,2026-02-05 05:29:00,CLI_959,Ficção Científica,Livros,1463.66,3,Salvador/BA/Brasil,Pix,Em Processamento
TX_13379,2025-02-22 04:54:00,CLI_368,Biografia,Livros,2331.78,2,São Paulo/SP/Brasil,Pix,Concluído
TX_13380,2025-12-03 01:58:00,CLI_450,Cafeteira,Casa,1045.82,1,São Paulo/SP/Brasil,Boleto Bancário,Concluído
TX_13381,2025-11-20 15:38:00,CLI_342,Jaqueta,Vestuário,1828.69,4,Curitiba/PR/Brasil,Cartão de Crédito,Concluído
TX_13382,2025-04-20 00:27:00,CLI_307,Ficção Científica,Livros,2797.19,3,Curitiba/PR/Brasil,Cartão de Crédito,Em Processamento
TX_13383,2025-01-16 19:48:00,CLI_181,Camiseta,Vestuário,1029.31,3,São Paulo/SP/Brasil,Cartão de Crédito,Em Processamento
TX_13384,2025-09-09 23:36:00,CLI_831,Jogo de Cama,Casa,983.76,4,São Paulo/SP/Brasil,Boleto Bancário,Em Processamento
TX_13385,2025-07-31 13:13:00,CLI_256,Desenvolvimento Pessoal,Livros,1799.27,4,Bom Despacho/MG/Brasil,Boleto Bancário,Concluído
TX_13386,2025-11-07 12:53:00,CLI_260,Luminária,Casa,521.27,2,Salvador/BA/Brasil,Pix,Concluído
TX_13387,2025-03-26 04:20:00,CLI_355,Ficção Científica,Livros,145.18,2,São Paulo/SP/Brasil,Pix,Concluído
TX_13388,2025-08-20 03:29:00,CLI_288,Cadeira Escritório,Casa,1267.6,3,Curitiba/PR/Brasil,Boleto Bancário,Em Processamento
TX_13389,2025-09-22 21:28:00,CLI_269,Fone de Ouvido,Eletrônicos,2706.13,5,São Paulo/SP/Brasil,Cartão de Crédito,Concluído
TX_13390,2025-08-09 01:28:00,CLI_826,Smartwatch,Eletrônicos,1904.79,1,Curitiba/PR/Brasil,Cartão de Crédito,Concluído
TX_13391,2025-10-11 10:01:00,CLI_889,Jaqueta,Vestuário,974.81,5,Salvador/BA/Brasil,Cartão de Crédito,Em Processamento
TX_13392,2025-02-12 11:08:00,CLI_243,Biografia,Livros,1665.62,5,Curitiba/PR/Brasil,Pix,Em Processamento
TX_13393,2025-03-21 00:30:00,CLI_248,Cafeteira,Casa,572.85,3,Bom Despacho/MG/Brasil,Boleto Bancário,Em Processamento
TX_13394,2025-10-06 13:24:00,CLI_295,Tênis,Vestuário,2538.79,2,Salvador/BA/Brasil,Pix,Concluído
TX_13395,2025-07-07 01:25:00,CLI_331,Ficção Científica,Livros,3301.43,1,Bom Despacho/MG/Brasil,Boleto Bancário,Concluído
TX_13396,2025-11-20 20:02:00,CLI_931,Jaqueta,Vestuário,439.42,3,Curitiba/PR/Brasil,Cartão de Crédito,Em Processamento
TX_13397,2025-07-16 02:54:00,CLI_125,Jaqueta,Vestuário,933.97,1,São Paulo/SP/Brasil,Boleto Bancário,Em Processamento
TX_13398,2025-11-12 04:16:00,CLI_851,Smartphone,Eletrônicos,1113.92,4,Salvador/BA/Brasil,Boleto Bancário,Em Processamento
TX_13399,2025-07-29 19:07:00,CLI_665,Tênis,Vestuário,2346.75,2,Curitiba/PR/Brasil,Pix,Concluído
TX_13400,2025-02-10 09:35:00,CLI_195,Notebook,Eletrônicos,705.04,1,Bom Despacho/MG/Brasil,Boleto Bancário,Concluído
TX_13401,2025-01-05 11:40:00,CLI_187,Smartphone,Eletrônicos,2445.47,2,Bom Despacho/MG/Brasil,Cartão de Crédito,Concluído
TX_13402,2025-12-09 00:04:00,CLI_417,Smartwatch,Eletrônicos,1101.69,1,Salvador/BA/Brasil,Boleto Bancário,Concluído
TX_13403,2026-01-17 09:22:00,CLI_911,Ficção Científica,Livros,181.47,4,Salvador/BA/Brasil,Pix,Concluído
TX_13404,2025-04-19 02:21:00,CLI_122,Cadeira Escritório,Casa,704.79,3,Salvador/BA/Brasil,Pix,Cancelado
TX_13405,2025-03-06 05:12:00,CLI_568,Cafeteira,Casa,1158.51,4,Curitiba/PR/Brasil,Boleto Bancário,Concluído
TX_13406,2025-01-14 07:35:00,CLI_319,Smartwatch,Eletrônicos,3004.61,4,Bom Despacho/MG/Brasil,Pix,Concluído
TX_13407,2025-04-28 08:25:00,CLI_723,Ficção Científica,Livros,386.3,2,Salvador/BA/Brasil,Pix,Em Processamento
TX_13408,2025-11-19 13:48:00,CLI_407,Luminária,Casa,261.77,4,Rio de Janeiro/RJ/Brasil,Cartão de Crédito,Concluído
TX_13409,2025-06-29 07:58:00,CLI_166,Jaqueta,Vestuário,2464.34,5,Curitiba/PR/Brasil,Cartão de Crédito,Concluído
TX_13410,2025-02-14 23:23:00,CLI_956,História,Livros,141.18,1,Rio de Janeiro/RJ/Brasil,Boleto Bancário,Em Processamento
TX_13411,2025-07-28 03:13:00,CLI_269,Desenvolvimento Pessoal,Livros,1137.59,4,Bom Despacho/MG/Brasil,Cartão de Crédito,Cancelado
TX_13412,2025-05-24 15:02:00,CLI_397,Luminária,Casa,3327.78,4,São Paulo/SP/Brasil,Pix,Em Processamento
TX_13413,2025-09-23 20:10:00,CLI_378,Cadeira Escritório,Casa,1788.05,5,Salvador/BA/Brasil,Cartão de Crédito,Cancelado
TX_13414,2025-02-24 00:51:00,CLI_154,Notebook,Eletrônicos,3225.92,4,Curitiba/PR/Brasil,Pix,Concluído
TX_13415,2026-01-27 07:34:00,CLI_769,Smartwatch,Eletrônicos,1689.44,5,Curitiba/PR/Brasil,Pix,Em Processamento
TX_13416,2025-08-16 18:00:00,CLI_205,Calça Jeans,Vestuário,400.61,1,São Paulo/SP/Brasil,Pix,Concluído
TX_13417,2025-05-23 21:01:00,CLI_124,Ficção Científica,Livros,608.22,1,São Paulo/SP/Brasil,Pix,Concluído
TX_13418,2025-06-21 20:12:00,CLI_533,Luminária,Casa,1575.37,2,Bom Despacho/MG/Brasil,Cartão de Crédito,Concluído
TX_13419,2025-07-11 05:31:00,CLI_334,Cadeira Escritório,Casa,1992.9,1,Bom Despacho/MG/Brasil,Pix,Concluído
TX_13420,2025-05-05 00:02:00,CLI_997,Calça Jeans,Vestuário,3279.75,1,Bom Despacho/MG/Brasil,Pix,Em Processamento
TX_13421,2025-06-28 07:19:00,CLI_836,Jaqueta,Vestuário,1359.92,1,Curitiba/PR/Brasil,Boleto Bancário,Em Processamento
TX_13422,2025-02-23 15:30:00,CLI_321,História,Livros,3365.93,3,Rio de Janeiro/RJ/Brasil,Pix,Concluído
TX_13423,2025-04-11 19:07:00,CLI_942,Cadeira Escritório,Casa,1231.25,5,Rio de Janeiro/RJ/Brasil,Pix,Concluído
TX_13424,2025-12-04 13:14:00,CLI_666,Calça Jeans,Vestuário,1594.52,1,Curitiba/PR/Brasil,Pix,Concluído
TX_13425,2025-04-13 04:14:00,CLI_883,Tênis,Vestuário,1693.39,5,Salvador/BA/Brasil,Pix,Cancelado
TX_13426,2025-07-07 12:25:00,CLI_672,Smartwatch,Eletrônicos,2249.18,4,São Paulo/SP/Brasil,Cartão de Crédito,Concluído
TX_13427,2026-01-03 04:08:00,CLI_497,Biografia,Livros,489.82,1,São Paulo/SP/Brasil,Pix,Em Processamento
TX_13428,2025-07-21 10:19:00,CLI_510,Tênis,Vestuário,742.06,5,Bom Despacho/MG/Brasil,Boleto Bancário,Em Processamento
TX_13429,2025-06-01 22:37:00,CLI_743,Ficção Científica,Livros,2265.92,3,São Paulo/SP/Brasil,Pix,Concluído
TX_13430,2025-12-05 04:30:00,CLI_586,Calça Jeans,Vestuário,2439.2,1,Bom Despacho/MG/Brasil,Boleto Bancário,Em Processamento
TX_13431,2025-03-19 12:21:00,CLI_429,História,Livros,454.61,1,Salvador/BA/Brasil,Pix,Concluído
TX_13432,2025-01-04 01:38:00,CLI_782,Jaqueta,Vestuário,294.51,1,São Paulo/SP/Brasil,Boleto Bancário,Concluído
TX_13433,2025-02-07 14:10:00,CLI_172,Fone de Ouvido,Eletrônicos,2963.62,4,Curitiba/PR/Brasil,Cartão de Crédito,Em Processamento
TX_13434,2025-11-17 17:33:00,CLI_183,Cafeteira,Casa,500.51,1,Salvador/BA/Brasil,Cartão de Crédito,Concluído
TX_13435,2025-09-29 10:20:00,CLI_781,Notebook,Eletrônicos,3400.72,5,Rio de Janeiro/RJ/Brasil,Boleto Bancário,Concluído
TX_13436,2025-04-11 23:00:00,CLI_323,História,Livros,271.41,3,Rio de Janeiro/RJ/Brasil,Boleto Bancário,Concluído
TX_13437,2025-11-18 08:21:00,CLI_743,Smartwatch,Eletrônicos,3471.62,3,Curitiba/PR/Brasil,Pix,Cancelado
TX_13438,2025-02-06 18:06:00,CLI_660,Notebook,Eletrônicos,489.7,2,Rio de Janeiro/RJ/Brasil,Cartão de Crédito,Cancelado
TX_13439,2026-01-08 13:34:00,CLI_941,Camiseta,Vestuário,1016.68,4,Salvador/BA/Brasil,Pix,Concluído
TX_13440,2025-04-08 14:06:00,CLI_368,Camiseta,Vestuário,2679.55,4,Rio de Janeiro/RJ/Brasil,Boleto Bancário,Concluído
TX_13441,2025-11-17 20:48:00,CLI_705,Biografia,Livros,245.42,4,Bom Despacho/MG/Brasil,Pix,Concluído
TX_13442,2025-04-26 19:42:00,CLI_782,Notebook,Eletrônicos,251.0,5,Rio de Janeiro/RJ/Brasil,Boleto Bancário,Concluído
TX_13443,2025-10-01 05:05:00,CLI_750,Tênis,Vestuário,2820.57,4,Rio de Janeiro/RJ/Brasil,Cartão de Crédito,Concluído
TX_13444,2025-10-26 08:52:00,CLI_719,Biografia,Livros,2962.31,5,Curitiba/PR/Brasil,Pix,Concluído
TX_13445,2025-11-11 14:08:00,CLI_879,Tênis,Vestuário,911.56,3,Rio de Janeiro/RJ/Brasil,Boleto Bancário,Em Processamento
TX_13446,2026-01-28 18:30:00,CLI_545,Jogo de Cama,Casa,1782.93,1,Curitiba/PR/Brasil,Cartão de Crédito,Concluído
TX_13447,2025-08-07 08:47:00,CLI_124,Calça Jeans,Vestuário,2123.42,5,São Paulo/SP/Brasil,Cartão de Crédito,Concluído
TX_13448,2025-06-20 10:49:00,CLI_819,História,Livros,1226.8,1,São Paulo/SP/Brasil,Boleto Bancário,Cancelado
TX_13449,2025-09-03 20:48:00,CLI_153,Jaqueta,Vestuário,613.48,3,Salvador/BA/Brasil,Boleto Bancário,Concluído
TX_13450,2025-07-19 08:02:00,CLI_579,Camiseta,Vestuário,601.52,4,Bom Despacho/MG/Brasil,Cartão de Crédito,Cancelado
TX_13451,2025-03-16 06:29:00,CLI_431,Ficção Científica,Livros,1787.89,1,Rio de Janeiro/RJ/Brasil,Boleto Bancário,Concluído
TX_13452,2025-12-03 21:08:00,CLI_703,Tênis,Vestuário,1993.69,4,Bom Despacho/MG/Brasil,Pix,Concluído
TX_13453,2025-07-03 16:41:00,CLI_973,Biografia,Livros,2032.36,3,Salvador/BA/Brasil,Cartão de Crédito,Em Processamento
TX_13454,2025-05-18 23:17:00,CLI_187,Tênis,Vestuário,271.11,4,Curitiba/PR/Brasil,Boleto Bancário,Concluído
TX_13455,2025-04-22 18:00:00,CLI_535,História,Livros,532.24,3,São Paulo/SP/Brasil,Pix,Cancelado
TX_13456,2025-03-24 12:27:00,CLI_668,Ficção Científica,Livros,1031.45,2,São Paulo/SP/Brasil,Cartão de Crédito,Concluído
TX_13457,2025-01-22 12:20:00,CLI_507,Smartphone,Eletrônicos,3347.5,1,Salvador/BA/Brasil,Boleto Bancário,Em Processamento
TX_13458,2025-11-23 19:04:00,CLI_242,Calça Jeans,Vestuário,1796.8,2,Bom Despacho/MG/Brasil,Cartão de Crédito,Concluído
TX_13459,2025-09-26 06:55:00,CLI_185,Smartwatch,Eletrônicos,,4,Salvador/BA/Brasil,Cartão de Crédito,Cancelado
TX_13460,2025-06-28 05:05:00,CLI_288,Cafeteira,Casa,24.3,2,Salvador/BA/Brasil,Cartão de Crédito,Concluído
TX_13461,2025-06-01 04:42:00,CLI_657,Ficção Científica,Livros,1652.81,1,Salvador/BA/Brasil,Pix,Concluído
TX_13462,2025-11-19 13:30:00,CLI_434,História,Livros,245.79,5,Rio de Janeiro/RJ/Brasil,Boleto Bancário,Concluído
TX_13463,2025-12-17 00:39:00,CLI_118,Cafeteira,Casa,3350.13,1,São Paulo/SP/Brasil,Cartão de Crédito,Em Processamento
TX_13464,2026-01-29 08:44:00,CLI_827,Fone de Ouvido,Eletrônicos,464.21,4,Salvador/BA/Brasil,Cartão de Crédito,Concluído
TX_13465,2025-08-03 00:21:00,CLI_562,Smartphone,Eletrônicos,484.22,2,Rio de Janeiro/RJ/Brasil,Pix,Concluído
TX_13466,2025-12-28 06:29:00,CLI_785,Calça Jeans,Vestuário,961.93,2,São Paulo/SP/Brasil,Boleto Bancário,Concluído
TX_13467,2025-04-15 19:36:00,CLI_217,Jaqueta,Vestuário,3432.43,5,Bom Despacho/MG/Brasil,Cartão de Crédito,Em Processamento
TX_13468,2025-12-30 13:31:00,CLI_326,Smartphone,Eletrônicos,447.03,4,Curitiba/PR/Brasil,Boleto Bancário,Cancelado
TX_13469,2025-05-08 07:02:00,CLI_978,Desenvolvimento Pessoal,Livros,20.0,3,São Paulo/SP/Brasil,Pix,Concluído
TX_13470,2025-02-20 14:52:00,CLI_500,Smartphone,Eletrônicos,934.7,4,Curitiba/PR/Brasil,Cartão de Crédito,Concluído
TX_13471,2025-10-10 00:56:00,CLI_202,Cafeteira,Casa,1162.25,1,Bom Despacho/MG/Brasil,Pix,Cancelado
TX_13472,2025-07-31 23:39:00,CLI_274,Jogo de Cama,Casa,1812.3,5,Salvador/BA/Brasil,Cartão de Crédito,Concluído
TX_13473,2025-01-04 10:50:00,CLI_937,Smartphone,Eletrônicos,78.28,5,Bom Despacho/MG/Brasil,Pix,Em Processamento
TX_13474,2025-03-04 11:15:00,CLI_956,Ficção Científica,Livros,581.06,3,Rio de Janeiro/RJ/Brasil,Pix,Concluído
TX_13475,2025-12-05 18:51:00,CLI_149,Calça Jeans,Vestuário,1145.45,5,Rio de Janeiro/RJ/Brasil,Cartão de Crédito,Cancelado
TX_13476,2025-06-29 09:15:00,CLI_857,Desenvolvimento Pessoal,Livros,214.57,3,Rio de Janeiro/RJ/Brasil,Pix,Cancelado
TX_13477,2025-11-02 12:25:00,CLI_147,Tênis,Vestuário,2703.99,1,Rio de Janeiro/RJ/Brasil,Cartão de Crédito,Concluído
TX_13478,2025-09-17 23:24:00,CLI_545,Tênis,Vestuário,2924.36,4,Bom Despacho/MG/Brasil,Pix,Em Processamento
TX_13479,2025-04-24 02:48:00,CLI_555,Jaqueta,Vestuário,978.12,5,São Paulo/SP/Brasil,Cartão de Crédito,Concluído
TX_13480,2025-10-01 17:19:00,CLI_107,Fone de Ouvido,Eletrônicos,2477.84,5,Bom Despacho/MG/Brasil,Pix,Concluído
TX_13481,2025-03-09 06:04:00,CLI_723,Ficção Científica,Livros,3470.92,2,Bom Despacho/MG/Brasil,Pix,Concluído
TX_13482,2025-04-03 01:32:00,CLI_433,Cafeteira,Casa,2581.54,3,Salvador/BA/Brasil,Boleto Bancário,Cancelado
TX_13483,2025-09-11 20:27:00,CLI_721,Desenvolvimento Pessoal,Livros,3439.2,1,Curitiba/PR/Brasil,Cartão de Crédito,Concluído
TX_13484,2025-12-29 10:25:00,CLI_876,Biografia,Livros,1169.78,4,São Paulo/SP/Brasil,Cartão de Crédito,Cancelado
TX_13485,2025-02-14 13:16:00,CLI_100,Cafeteira,Casa,1929.98,3,São Paulo/SP/Brasil,Boleto Bancário,Em Processamento
TX_13486,2025-06-28 22:30:00,CLI_271,Ficção Científica,Livros,647.65,2,São Paulo/SP/Brasil,Cartão de Crédito,Cancelado
TX_13487,2025-09-21 06:40:00,CLI_378,Ficção Científica,Livros,1612.89,1,São Paulo/SP/Brasil,Cartão de Crédito,Em Processamento
TX_13488,2025-05-24 13:19:00,CLI_208,Camiseta,Vestuário,2595.55,2,Curitiba/PR/Brasil,Boleto Bancário,Em Processamento
TX_13489,2025-02-23 21:37:00,CLI_436,Biografia,Livros,2440.32,1,Curitiba/PR/Brasil,Cartão de Crédito,Concluído
TX_13490,2025-09-20 12:28:00,CLI_851,Desenvolvimento Pessoal,Livros,2254.84,5,Rio de Janeiro/RJ/Brasil,Boleto Bancário,Em Processamento
TX_13491,2026-01-31 08:48:00,CLI_894,Ficção Científica,Livros,833.46,5,Salvador/BA/Brasil,Pix,Cancelado
TX_13492,2025-01-05 22:01:00,CLI_104,Camiseta,Vestuário,1653.87,4,Salvador/BA/Brasil,Boleto Bancário,Concluído
TX_13493,2025-08-25 23:20:00,CLI_757,Cafeteira,Casa,2313.17,3,Bom Despacho/MG/Brasil,Pix,Concluído
TX_13494,2025-10-25 05:48:00,CLI_861,Smartwatch,Eletrônicos,1499.76,4,Curitiba/PR/Brasil,Boleto Bancário,Concluído
TX_13495,2026-01-29 15:25:00,CLI_950,Jogo de Cama,Casa,1250.98,5,Bom Despacho/MG/Brasil,Cartão de Crédito,Cancelado
TX_13496,2025-06-24 19:47:00,CLI_767,Fone de Ouvido,Eletrônicos,3219.82,2,Rio de Janeiro/RJ/Brasil,Boleto Bancário,Em Processamento
TX_13497,2025-11-07 19:32:00,CLI_539,Luminária,Casa,1283.1,3,Curitiba/PR/Brasil,Pix,Em Processamento
TX_13498,2025-08-02 22:43:00,CLI_916,Jaqueta,Vestuário,,4,Bom Despacho/MG/Brasil,Pix,Em Processamento
TX_13499,2025-12-13 01:19:00,CLI_600,Jogo de Cama,Casa,2945.91,2,Bom Despacho/MG/Brasil,Cartão de Crédito,Cancelado
TX_13500,2025-07-18 03:12:00,CLI_802,Smartwatch,Eletrônicos,2234.32,2,Curitiba/PR/Brasil,Pix,Concluído
TX_13501,2025-10-01 07:26:00,CLI_497,Smartwatch,Eletrônicos,2049.78,2,Salvador/BA/Brasil,Cartão de Crédito,Concluído
TX_13502,2025-05-01 06:27:00,CLI_518,Cafeteira,Casa,2042.03,5,São Paulo/SP/Brasil,Pix,Concluído
TX_13503,2025-04-25 02:58:00,CLI_883,Luminária,Casa,3498.88,2,Rio de Janeiro/RJ/Brasil,Boleto Bancário,Cancelado
TX_13504,2025-08-23 08:07:00,CLI_421,Jogo de Cama,Casa,2434.83,3,Rio de Janeiro/RJ/Brasil,Cartão de Crédito,Concluído
TX_13505,2025-11-01 23:33:00,CLI_154,Biografia,Livros,671.49,2,Bom Despacho/MG/Brasil,Cartão de Crédito,Concluído
TX_13506,2025-05-30 14:28:00,CLI_911,História,Livros,2149.12,1,São Paulo/SP/Brasil,Boleto Bancário,Concluído
TX_13507,2025-06-26 23:43:00,CLI_562,Cafeteira,Casa,3453.63,1,Bom Despacho/MG/Brasil,Cartão de Crédito,Concluído
TX_13508,2025-08-29 08:35:00,CLI_175,Smartwatch,Eletrônicos,693.05,3,São Paulo/SP/Brasil,Pix,Concluído
TX_13509,2025-02-26 05:27:00,CLI_210,Cadeira Escritório,Casa,1935.28,2,Curitiba/PR/Brasil,Boleto Bancário,Em Processamento
TX_13510,2025-12-13 00:29:00,CLI_962,Notebook,Eletrônicos,1473.39,1,Curitiba/PR/Brasil,Pix,Cancelado
TX_13511,2025-03-18 18:28:00,CLI_764,Notebook,Eletrônicos,840.44,1,Rio de Janeiro/RJ/Brasil,Pix,Cancelado
TX_13512,2025-10-13 23:43:00,CLI_461,Cafeteira,Casa,880.44,1,Curitiba/PR/Brasil,Pix,Concluído
TX_13513,2025-10-25 11:21:00,CLI_152,Cafeteira,Casa,454.35,4,Bom Despacho/MG/Brasil,Cartão de Crédito,Concluído
TX_13514,2025-09-13 16:37:00,CLI_886,Ficção Científica,Livros,1893.18,3,Curitiba/PR/Brasil,Cartão de Crédito,Concluído
TX_13515,2025-04-09 19:40:00,CLI_840,Jaqueta,Vestuário,2108.11,3,Curitiba/PR/Brasil,Boleto Bancário,Cancelado
TX_13516,2025-04-02 23:41:00,CLI_859,Smartphone,Eletrônicos,2889.46,4,Salvador/BA/Brasil,Boleto Bancário,Cancelado
TX_13517,2025-01-09 06:16:00,CLI_802,Jaqueta,Vestuário,655.41,1,Salvador/BA/Brasil,Boleto Bancário,Cancelado
TX_13518,2025-07-25 03:33:00,CLI_568,Cafeteira,Casa,2709.81,1,São Paulo/SP/Brasil,Pix,Cancelado
TX_13519,2025-12-14 03:40:00,CLI_276,Smartphone,Eletrônicos,149.77,2,Bom Despacho/MG/Brasil,Boleto Bancário,Concluído
TX_13520,2025-01-17 15:36:00,CLI_546,Cafeteira,Casa,2102.98,2,Salvador/BA/Brasil,Cartão de Crédito,Cancelado
TX_13521,2025-11-29 06:36:00,CLI_802,Camiseta,Vestuário,843.28,2,Salvador/BA/Brasil,Boleto Bancário,Concluído
TX_13522,2025-03-17 03:50:00,CLI_102,Jaqueta,Vestuário,2977.6,2,Salvador/BA/Brasil,Cartão de Crédito,Cancelado
TX_13523,2025-08-02 01:26:00,CLI_986,Notebook,Eletrônicos,208.95,5,Rio de Janeiro/RJ/Brasil,Cartão de Crédito,Concluído
TX_13524,2026-01-19 09:32:00,CLI_286,Jaqueta,Vestuário,1597.29,1,Curitiba/PR/Brasil,Pix,Concluído
TX_13525,2025-10-02 15:11:00,CLI_908,Cadeira Escritório,Casa,595.3,5,Salvador/BA/Brasil,Cartão de Crédito,Concluído
TX_13526,2025-03-23 23:39:00,CLI_776,Biografia,Livros,1822.16,1,Rio de Janeiro/RJ/Brasil,Cartão de Crédito,Concluído
TX_13527,2025-05-13 14:11:00,CLI_820,Ficção Científica,Livros,1475.52,5,Bom Despacho/MG/Brasil,Boleto Bancário,Concluído
TX_13528,2025-07-29 00:26:00,CLI_964,Tênis,Vestuário,1994.02,1,Curitiba/PR/Brasil,Boleto Bancário,Cancelado
TX_13529,2025-12-22 21:25:00,CLI_363,Cadeira Escritório,Casa,3210.1,3,Rio de Janeiro/RJ/Brasil,Cartão de Crédito,Concluído
TX_13530,2025-10-09 15:53:00,CLI_811,Biografia,Livros,888.37,4,Curitiba/PR/Brasil,Boleto Bancário,Em Processamento
TX_13531,2025-01-02 23:47:00,CLI_815,Luminária,Casa,2126.9,4,Curitiba/PR/Brasil,Pix,Cancelado
TX_13532,2025-08-11 02:56:00,CLI_245,História,Livros,3168.51,5,São Paulo/SP/Brasil,Boleto Bancário,Em Processamento
TX_13533,2025-06-06 05:17:00,CLI_508,Biografia,Livros,1835.75,5,Salvador/BA/Brasil,Cartão de Crédito,Em Processamento
TX_13534,2025-12-29 21:58:00,CLI_874,Jaqueta,Vestuário,1331.13,1,São Paulo/SP/Brasil,Pix,Concluído
TX_13535,2025-09-10 02:32:00,CLI_760,Fone de Ouvido,Eletrônicos,1813.07,4,Rio de Janeiro/RJ/Brasil,Cartão de Crédito,Concluído
TX_13536,2025-09-21 00:21:00,CLI_913,História,Livros,716.41,4,Salvador/BA/Brasil,Pix,Concluído
TX_13537,2025-03-15 15:54:00,CLI_696,Desenvolvimento Pessoal,Livros,1840.08,1,São Paulo/SP/Brasil,Cartão de Crédito,Concluído
TX_13538,2025-07-11 22:56:00,CLI_802,Tênis,Vestuário,956.15,4,Rio de Janeiro/RJ/Brasil,Cartão de Crédito,Concluído
TX_13539,2025-01-11 17:49:00,CLI_550,Fone de Ouvido,Eletrônicos,24.63,1,Salvador/BA/Brasil,Pix,Concluído
TX_13540,2025-07-07 05:49:00,CLI_140,História,Livros,1686.19,1,São Paulo/SP/Brasil,Boleto Bancário,Concluído
TX_13541,2025-05-26 07:43:00,CLI_330,Desenvolvimento Pessoal,Livros,1494.9,5,São Paulo/SP/Brasil,Boleto Bancário,Concluído
TX_13542,2025-12-25 05:10:00,CLI_763,História,Livros,3193.36,4,Curitiba/PR/Brasil,Cartão de Crédito,Concluído
TX_13543,2025-01-18 19:28:00,CLI_100,Luminária,Casa,193.58,4,São Paulo/SP/Brasil,Cartão de Crédito,Concluído
TX_13544,2026-01-07 06:01:00,CLI_112,Desenvolvimento Pessoal,Livros,1312.2,2,São Paulo/SP/Brasil,Pix,Concluído
TX_13545,2025-12-27 23:18:00,CLI_732,Biografia,Livros,627.05,1,Rio de Janeiro/RJ/Brasil,Cartão de Crédito,Concluído
TX_13546,2025-11-05 16:09:00,CLI_375,Desenvolvimento Pessoal,Livros,2274.75,3,Salvador/BA/Brasil,Boleto Bancário,Concluído
TX_13547,2026-01-19 15:24:00,CLI_866,Desenvolvimento Pessoal,Livros,1092.67,2,Salvador/BA/Brasil,Pix,Concluído
TX_13548,2025-01-29 09:36:00,CLI_185,Desenvolvimento Pessoal,Livros,,1,Rio de Janeiro/RJ/Brasil,Pix,Concluído
TX_13549,2025-12-15 12:30:00,CLI_195,Desenvolvimento Pessoal,Livros,3153.09,2,São Paulo/SP/Brasil,Cartão de Crédito,Cancelado
TX_13550,2026-01-20 13:29:00,CLI_859,Jaqueta,Vestuário,2013.4,5,Curitiba/PR/Brasil,Pix,Cancelado
TX_13551,2025-09-29 10:55:00,CLI_451,Smartwatch,Eletrônicos,1744.97,1,São Paulo/SP/Brasil,Pix,Concluído
TX_13552,2025-06-02 21:00:00,CLI_840,Fone de Ouvido,Eletrônicos,1377.58,5,Salvador/BA/Brasil,Cartão de Crédito,Concluído
TX_13553,2025-01-30 07:13:00,CLI_939,Luminária,Casa,2792.42,5,Salvador/BA/Brasil,Pix,Concluído
TX_13554,2025-08-16 08:43:00,CLI_371,Luminária,Casa,1167.49,5,Bom Despacho/MG/Brasil,Boleto Bancário,Em Processamento
TX_13555,2025-05-13 12:45:00,CLI_883,Biografia,Livros,863.55,2,Rio de Janeiro/RJ/Brasil,Pix,Em Processamento
TX_13556,2025-02-16 23:36:00,CLI_158,Smartphone,Eletrônicos,3189.99,5,São Paulo/SP/Brasil,Pix,Concluído
TX_13557,2025-09-19 20:48:00,CLI_667,Cadeira Escritório,Casa,2344.07,3,Curitiba/PR/Brasil,Boleto Bancário,Concluído
TX_13558,2025-07-02 19:41:00,CLI_521,Camiseta,Vestuário,425.48,2,Rio de Janeiro/RJ/Brasil,Cartão de Crédito,Cancelado
TX_13559,2025-01-05 01:21:00,CLI_259,Tênis,Vestuário,530.07,4,Salvador/BA/Brasil,Pix,Concluído
TX_13560,2025-01-05 11:25:00,CLI_971,Cadeira Escritório,Casa,1171.61,5,Rio de Janeiro/RJ/Brasil,Cartão de Crédito,Em Processamento
TX_13561,2025-03-14 02:11:00,CLI_974,Ficção Científica,Livros,2659.06,3,Salvador/BA/Brasil,Pix,Concluído
TX_13562,2025-07-17 00:10:00,CLI_401,Cadeira Escritório,Casa,623.15,2,Bom Despacho/MG/Brasil,Pix,Concluído
TX_13563,2025-04-03 02:45:00,CLI_368,Desenvolvimento Pessoal,Livros,1512.78,4,Curitiba/PR/Brasil,Cartão de Crédito,Cancelado
TX_13564,2025-06-26 04:55:00,CLI_736,Luminária,Casa,2915.15,2,Bom Despacho/MG/Brasil,Pix,Cancelado
TX_13565,2025-10-05 17:54:00,CLI_572,História,Livros,3293.37,3,Salvador/BA/Brasil,Pix,Concluído
TX_13566,2026-01-24 10:03:00,CLI_170,Cafeteira,Casa,836.07,1,Curitiba/PR/Brasil,Cartão de Crédito,Em Processamento
TX_13567,2025-01-02 23:35:00,CLI_436,Calça Jeans,Vestuário,3369.53,4,Curitiba/PR/Brasil,Cartão de Crédito,Cancelado
TX_13568,2025-04-17 08:34:00,CLI_485,Luminária,Casa,3136.91,5,Salvador/BA/Brasil,Boleto Bancário,Concluído
TX_13569,2025-09-28 09:46:00,CLI_906,Notebook,Eletrônicos,1041.7,5,Bom Despacho/MG/Brasil,Cartão de Crédito,Cancelado
TX_13570,2025-02-05 12:17:00,CLI_519,Cadeira Escritório,Casa,1947.03,4,São Paulo/SP/Brasil,Cartão de Crédito,Concluído
TX_13571,2025-01-15 22:26:00,CLI_528,Camiseta,Vestuário,1183.48,3,Curitiba/PR/Brasil,Boleto Bancário,Concluído
TX_13572,2025-07-13 01:11:00,CLI_234,Jogo de Cama,Casa,2477.34,4,São Paulo/SP/Brasil,Boleto Bancário,Concluído
TX_13573,2025-04-20 15:01:00,CLI_791,Calça Jeans,Vestuário,629.27,4,São Paulo/SP/Brasil,Cartão de Crédito,Em Processamento
TX_13574,2025-06-02 15:35:00,CLI_993,Biografia,Livros,3062.07,4,Bom Despacho/MG/Brasil,Cartão de Crédito,Concluído
TX_13575,2025-04-18 18:33:00,CLI_815,Notebook,Eletrônicos,64.96,5,São Paulo/SP/Brasil,Cartão de Crédito,Em Processamento
TX_13576,2025-08-02 02:38:00,CLI_426,Ficção Científica,Livros,2443.89,3,Curitiba/PR/Brasil,Pix,Em Processamento
TX_13577,2025-04-29 12:04:00,CLI_543,Cadeira Escritório,Casa,1151.47,3,Curitiba/PR/Brasil,Cartão de Crédito,Em Processamento
TX_13578,2025-12-15 17:49:00,CLI_280,Notebook,Eletrônicos,1194.98,1,Salvador/BA/Brasil,Cartão de Crédito,Em Processamento
TX_13579,2025-01-22 10:47:00,CLI_954,História,Livros,3333.72,3,Salvador/BA/Brasil,Pix,Em Processamento
TX_13580,2025-09-14 05:20:00,CLI_809,Jogo de Cama,Casa,2944.83,3,Salvador/BA/Brasil,Pix,Concluído
TX_13581,2025-05-05 02:42:00,CLI_785,Jogo de Cama,Casa,782.46,2,São Paulo/SP/Brasil,Boleto Bancário,Em Processamento
TX_13582,2025-04-18 05:26:00,CLI_117,Ficção Científica,Livros,739.83,4,Rio de Janeiro/RJ/Brasil,Pix,Em Processamento
TX_13583,2025-08-15 16:24:00,CLI_658,Desenvolvimento Pessoal,Livros,1371.36,4,Rio de Janeiro/RJ/Brasil,Boleto Bancário,Concluído
TX_13584,2025-09-28 15:47:00,CLI_856,Jaqueta,Vestuário,1334.84,1,Rio de Janeiro/RJ/Brasil,Boleto Bancário,Concluído
TX_13585,2025-09-05 15:19:00,CLI_674,Camiseta,Vestuário,804.34,3,Salvador/BA/Brasil,Pix,Concluído
TX_13586,2025-12-07 18:19:00,CLI_333,Smartwatch,Eletrônicos,2886.22,3,Rio de Janeiro/RJ/Brasil,Boleto Bancário,Concluído
TX_13587,2025-06-25 14:30:00,CLI_277,Cadeira Escritório,Casa,687.18,2,Rio de Janeiro/RJ/Brasil,Pix,Cancelado
TX_13588,2025-06-19 07:16:00,CLI_447,Smartphone,Eletrônicos,1864.63,5,Bom Despacho/MG/Brasil,Pix,Concluído
TX_13589,2025-04-23 21:42:00,CLI_785,Notebook,Eletrônicos,2889.83,2,Curitiba/PR/Brasil,Boleto Bancário,Concluído
TX_13590,2025-12-30 05:34:00,CLI_907,Ficção Científica,Livros,902.19,2,Bom Despacho/MG/Brasil,Pix,Concluído
TX_13591,2025-09-24 20:36:00,CLI_843,Cafeteira,Casa,2767.27,2,Curitiba/PR/Brasil,Boleto Bancário,Cancelado
TX_13592,2025-02-23 03:32:00,CLI_525,Ficção Científica,Livros,1676.22,5,Bom Despacho/MG/Brasil,Boleto Bancário,Concluído
TX_13593,2025-07-24 22:00:00,CLI_571,Cadeira Escritório,Casa,826.47,4,Bom Despacho/MG/Brasil,Pix,Cancelado
TX_13594,2025-09-21 22:54:00,CLI_370,Fone de Ouvido,Eletrônicos,,4,Bom Despacho/MG/Brasil,Pix,Concluído
TX_13595,2025-11-16 02:24:00,CLI_806,Calça Jeans,Vestuário,583.18,5,Rio de Janeiro/RJ/Brasil,Boleto Bancário,Concluído
TX_13596,2025-01-15 00:21:00,CLI_775,Cadeira Escritório,Casa,2973.82,2,Curitiba/PR/Brasil,Cartão de Crédito,Em Processamento
TX_13597,2025-10-31 23:07:00,CLI_962,Cafeteira,Casa,987.48,2,Salvador/BA/Brasil,Pix,Concluído
TX_13598,2025-01-13 21:42:00,CLI_668,Smartwatch,Eletrônicos,2087.32,2,Curitiba/PR/Brasil,Cartão de Crédito,Concluído
TX_13599,2025-05-06 19:39:00,CLI_623,Camiseta,Vestuário,115.84,1,Rio de Janeiro/RJ/Brasil,Cartão de Crédito,Em Processamento
TX_13600,2025-03-15 18:34:00,CLI_329,Ficção Científica,Livros,878.41,4,Curitiba/PR/Brasil,Boleto Bancário,Em Processamento
TX_13601,2026-02-01 02:35:00,CLI_139,Fone de Ouvido,Eletrônicos,1899.82,1,Salvador/BA/Brasil,Cartão de Crédito,Concluído
TX_13602,2025-05-24 06:44:00,CLI_433,Calça Jeans,Vestuário,1421.9,1,Curitiba/PR/Brasil,Cartão de Crédito,Cancelado
TX_13603,2026-01-28 15:43:00,CLI_172,Biografia,Livros,3492.98,4,Salvador/BA/Brasil,Pix,Em Processamento
TX_13604,2025-12-23 19:50:00,CLI_783,Desenvolvimento Pessoal,Livros,3144.44,3,Curitiba/PR/Brasil,Pix,Concluído
TX_13605,2025-01-14 11:41:00,CLI_431,Cafeteira,Casa,3139.48,2,Bom Despacho/MG/Brasil,Boleto Bancário,Cancelado
TX_13606,2025-02-28 10:15:00,CLI_626,Camiseta,Vestuário,1285.46,3,Curitiba/PR/Brasil,Cartão de Crédito,Em Processamento
TX_13607,2025-12-20 10:40:00,CLI_234,Tênis,Vestuário,2590.65,3,Rio de Janeiro/RJ/Brasil,Cartão de Crédito,Concluído
TX_13608,2025-07-21 22:11:00,CLI_420,Biografia,Livros,350.54,1,São Paulo/SP/Brasil,Boleto Bancário,Concluído
TX_13609,2025-09-09 10:04:00,CLI_827,Fone de Ouvido,Eletrônicos,1046.04,2,Bom Despacho/MG/Brasil,Cartão de Crédito,Concluído
TX_13610,2025-11-19 13:09:00,CLI_883,Notebook,Eletrônicos,2186.02,3,Curitiba/PR/Brasil,Pix,Concluído
TX_13611,2025-01-30 06:26:00,CLI_942,Notebook,Eletrônicos,2554.8,2,Bom Despacho/MG/Brasil,Cartão de Crédito,Concluído
TX_13612,2025-01-05 23:58:00,CLI_277,Tênis,Vestuário,2045.88,4,Bom Despacho/MG/Brasil,Cartão de Crédito,Concluído
TX_13613,2025-04-01 03:01:00,CLI_942,Fone de Ouvido,Eletrônicos,1937.6,1,São Paulo/SP/Brasil,Pix,Concluído
TX_13614,2025-06-12 19:53:00,CLI_681,Cadeira Escritório,Casa,228.04,1,Salvador/BA/Brasil,Pix,Cancelado
TX_13615,2025-12-02 08:04:00,CLI_257,Luminária,Casa,1147.34,4,Rio de Janeiro/RJ/Brasil,Cartão de Crédito,Concluído
TX_13616,2025-06-04 07:57:00,CLI_368,Smartphone,Eletrônicos,2806.64,3,Rio de Janeiro/RJ/Brasil,Pix,Concluído
TX_13617,2026-01-28 23:24:00,CLI_738,Calça Jeans,Vestuário,1521.93,2,Salvador/BA/Brasil,Pix,Cancelado
TX_13618,2025-09-10 08:09:00,CLI_397,Ficção Científica,Livros,2870.56,1,Rio de Janeiro/RJ/Brasil,Cartão de Crédito,Concluído
TX_13619,2025-02-14 23:45:00,CLI_824,Notebook,Eletrônicos,725.3,1,Salvador/BA/Brasil,Cartão de Crédito,Concluído
TX_13620,2025-06-06 19:07:00,CLI_135,Fone de Ouvido,Eletrônicos,582.22,5,Salvador/BA/Brasil,Boleto Bancário,Concluído
TX_13621,2025-06-04 12:18:00,CLI_261,Smartwatch,Eletrônicos,671.07,5,Curitiba/PR/Brasil,Cartão de Crédito,Em Processamento
TX_13622,2025-12-10 07:24:00,CLI_296,Notebook,Eletrônicos,1133.45,5,São Paulo/SP/Brasil,Boleto Bancário,Concluído
TX_13623,2025-04-30 14:42:00,CLI_983,Smartwatch,Eletrônicos,2196.73,4,Rio de Janeiro/RJ/Brasil,Cartão de Crédito,Concluído
TX_13624,2025-01-06 22:21:00,CLI_322,Smartwatch,Eletrônicos,2422.37,5,São Paulo/SP/Brasil,Cartão de Crédito,Em Processamento
TX_13625,2025-01-19 10:57:00,CLI_932,Smartwatch,Eletrônicos,3035.83,1,Bom Despacho/MG/Brasil,Cartão de Crédito,Concluído
TX_13626,2025-05-20 08:59:00,CLI_706,Camiseta,Vestuário,1297.06,1,Rio de Janeiro/RJ/Brasil,Pix,Concluído
TX_13627,2025-06-26 01:58:00,CLI_946,Cadeira Escritório,Casa,2508.72,4,Curitiba/PR/Brasil,Pix,Concluído
TX_13628,2025-04-26 02:34:00,CLI_945,Cadeira Escritório,Casa,1329.98,2,Rio de Janeiro/RJ/Brasil,Cartão de Crédito,Cancelado
TX_13629,2025-11-25 17:11:00,CLI_845,Notebook,Eletrônicos,282.75,1,Curitiba/PR/Brasil,Pix,Cancelado
TX_13630,2025-11-10 12:56:00,CLI_980,Notebook,Eletrônicos,2703.63,1,Salvador/BA/Brasil,Pix,Cancelado
TX_13631,2025-06-26 20:16:00,CLI_722,Ficção Científica,Livros,994.06,5,São Paulo/SP/Brasil,Pix,Cancelado
TX_13632,2025-04-22 23:33:00,CLI_572,Calça Jeans,Vestuário,221.54,4,Rio de Janeiro/RJ/Brasil,Cartão de Crédito,Concluído
TX_13633,2025-09-11 02:14:00,CLI_380,Smartphone,Eletrônicos,2301.04,5,Salvador/BA/Brasil,Pix,Concluído
TX_13634,2025-06-02 07:21:00,CLI_964,Calça Jeans,Vestuário,121.71,4,Rio de Janeiro/RJ/Brasil,Pix,Em Processamento
TX_13635,2025-12-23 18:29:00,CLI_810,Desenvolvimento Pessoal,Livros,1848.57,2,Bom Despacho/MG/Brasil,Boleto Bancário,Concluído
TX_13636,2025-11-04 00:10:00,CLI_960,Jaqueta,Vestuário,2028.53,2,Bom Despacho/MG/Brasil,Cartão de Crédito,Em Processamento
TX_13637,2025-10-09 11:31:00,CLI_860,Jogo de Cama,Casa,971.1,3,Bom Despacho/MG/Brasil,Cartão de Crédito,Concluído
TX_13638,2025-04-20 10:36:00,CLI_631,Smartwatch,Eletrônicos,3018.83,2,São Paulo/SP/Brasil,Pix,Cancelado
TX_13639,2025-07-22 19:12:00,CLI_961,Jaqueta,Vestuário,2227.65,2,Rio de Janeiro/RJ/Brasil,Cartão de Crédito,Em Processamento
TX_13640,2025-12-22 08:02:00,CLI_521,Smartphone,Eletrônicos,904.85,3,Bom Despacho/MG/Brasil,Boleto Bancário,Concluído
TX_13641,2025-09-22 14:42:00,CLI_855,História,Livros,1686.43,3,Bom Despacho/MG/Brasil,Cartão de Crédito,Cancelado
TX_13642,2025-03-08 01:19:00,CLI_509,Jaqueta,Vestuário,809.53,4,São Paulo/SP/Brasil,Pix,Concluído
TX_13643,2025-07-24 01:16:00,CLI_224,Jaqueta,Vestuário,921.62,5,Curitiba/PR/Brasil,Pix,Concluído
TX_13644,2025-05-10 02:42:00,CLI_478,Smartphone,Eletrônicos,1546.35,5,Bom Despacho/MG/Brasil,Cartão de Crédito,Concluído
TX_13645,2025-02-07 14:08:00,CLI_651,Jaqueta,Vestuário,1343.51,1,São Paulo/SP/Brasil,Pix,Cancelado
TX_13646,2025-02-08 03:02:00,CLI_628,Notebook,Eletrônicos,2132.39,4,Curitiba/PR/Brasil,Boleto Bancário,Concluído
TX_13647,2025-12-30 21:31:00,CLI_376,Cafeteira,Casa,1336.11,3,Bom Despacho/MG/Brasil,Pix,Concluído
TX_13648,2025-09-17 08:43:00,CLI_969,Biografia,Livros,3301.65,2,Curitiba/PR/Brasil,Pix,Cancelado
TX_13649,2025-04-12 09:54:00,CLI_998,Fone de Ouvido,Eletrônicos,2800.55,3,São Paulo/SP/Brasil,Boleto Bancário,Concluído
TX_13650,2025-07-01 23:01:00,CLI_520,Cafeteira,Casa,2760.93,1,Salvador/BA/Brasil,Cartão de Crédito,Concluído
TX_13651,2025-11-04 14:07:00,CLI_758,Smartphone,Eletrônicos,3428.27,2,São Paulo/SP/Brasil,Pix,Concluído
TX_13652,2025-08-30 09:06:00,CLI_803,Jaqueta,Vestuário,453.09,1,Salvador/BA/Brasil,Boleto Bancário,Cancelado
TX_13653,2025-04-29 18:15:00,CLI_476,Jaqueta,Vestuário,2308.55,1,Salvador/BA/Brasil,Boleto Bancário,Concluído
TX_13654,2025-04-10 08:49:00,CLI_130,Ficção Científica,Livros,2736.41,5,Salvador/BA/Brasil,Boleto Bancário,Concluído
TX_13655,2025-10-06 03:52:00,CLI_171,Desenvolvimento Pessoal,Livros,673.58,3,São Paulo/SP/Brasil,Cartão de Crédito,Concluído
TX_13656,2025-05-20 06:26:00,CLI_992,Cafeteira,Casa,2613.09,4,Salvador/BA/Brasil,Pix,Concluído
TX_13657,2025-09-07 19:28:00,CLI_438,Smartwatch,Eletrônicos,2498.16,5,Rio de Janeiro/RJ/Brasil,Pix,Concluído
TX_13658,2025-07-01 08:42:00,CLI_391,Jogo de Cama,Casa,2151.5,4,Salvador/BA/Brasil,Pix,Em Processamento
TX_13659,2025-02-13 23:46:00,CLI_587,Cafeteira,Casa,2951.35,3,Rio de Janeiro/RJ/Brasil,Pix,Concluído
TX_13660,2025-09-14 00:15:00,CLI_112,Desenvolvimento Pessoal,Livros,406.18,1,Rio de Janeiro/RJ/Brasil,Boleto Bancário,Cancelado
TX_13661,2025-08-25 19:47:00,CLI_778,Tênis,Vestuário,2744.3,3,Bom Despacho/MG/Brasil,Boleto Bancário,Concluído
TX_13662,2025-07-29 07:15:00,CLI_664,Tênis,Vestuário,,2,São Paulo/SP/Brasil,Pix,Concluído
TX_13663,2025-01-28 03:05:00,CLI_555,Ficção Científica,Livros,59.47,5,São Paulo/SP/Brasil,Cartão de Crédito,Concluído
TX_13664,2025-07-27 02:33:00,CLI_855,Cafeteira,Casa,2588.45,1,Curitiba/PR/Brasil,Pix,Em Processamento
TX_13665,2025-12-24 09:50:00,CLI_277,Cafeteira,Casa,2194.91,2,São Paulo/SP/Brasil,Pix,Concluído
TX_13666,2025-09-05 05:46:00,CLI_790,Calça Jeans,Vestuário,1879.04,4,Rio de Janeiro/RJ/Brasil,Boleto Bancário,Concluído
TX_13667,2025-10-12 04:15:00,CLI_775,História,Livros,740.29,2,Salvador/BA/Brasil,Pix,Concluído
TX_13668,2025-12-31 16:07:00,CLI_198,Desenvolvimento Pessoal,Livros,2900.37,3,Curitiba/PR/Brasil,Boleto Bancário,Em Processamento
TX_13669,2025-08-28 01:16:00,CLI_791,Camiseta,Vestuário,3117.02,5,Salvador/BA/Brasil,Pix,Concluído
TX_13670,2025-03-03 03:57:00,CLI_526,Smartwatch,Eletrônicos,430.62,3,Salvador/BA/Brasil,Pix,Concluído
TX_13671,2025-02-22 19:53:00,CLI_976,Cadeira Escritório,Casa,1774.36,1,São Paulo/SP/Brasil,Boleto Bancário,Cancelado
TX_13672,2026-01-10 10:18:00,CLI_994,Cafeteira,Casa,3215.32,2,Rio de Janeiro/RJ/Brasil,Boleto Bancário,Em Processamento
TX_13673,2025-09-12 22:50:00,CLI_594,Jogo de Cama,Casa,3397.15,5,Rio de Janeiro/RJ/Brasil,Boleto Bancário,Cancelado
TX_13674,2025-08-29 19:07:00,CLI_673,Ficção Científica,Livros,3107.44,2,São Paulo/SP/Brasil,Pix,Concluído
TX_13675,2025-03-22 02:57:00,CLI_868,Tênis,Vestuário,2279.56,5,São Paulo/SP/Brasil,Cartão de Crédito,Em Processamento
TX_13676,2025-09-05 19:30:00,CLI_699,Calça Jeans,Vestuário,225.5,4,Curitiba/PR/Brasil,Boleto Bancário,Cancelado
TX_13677,2025-10-05 14:41:00,CLI_469,Ficção Científica,Livros,3188.32,2,Rio de Janeiro/RJ/Brasil,Boleto Bancário,Concluído
TX_13678,2025-07-29 10:29:00,CLI_512,Cadeira Escritório,Casa,2656.56,5,São Paulo/SP/Brasil,Cartão de Crédito,Concluído
TX_13679,2025-12-16 16:07:00,CLI_109,Smartphone,Eletrônicos,2914.4,5,Rio de Janeiro/RJ/Brasil,Cartão de Crédito,Cancelado
TX_13680,2025-09-24 02:04:00,CLI_640,Notebook,Eletrônicos,,4,Curitiba/PR/Brasil,Boleto Bancário,Cancelado
TX_13681,2025-09-13 01:11:00,CLI_684,Calça Jeans,Vestuário,3374.2,5,São Paulo/SP/Brasil,Cartão de Crédito,Concluído
TX_13682,2025-09-09 10:23:00,CLI_653,Jogo de Cama,Casa,1549.3,4,Curitiba/PR/Brasil,Boleto Bancário,Concluído
TX_13683,2025-09-01 09:46:00,CLI_789,Desenvolvimento Pessoal,Livros,3024.23,3,São Paulo/SP/Brasil,Pix,Concluído
TX_13684,2025-08-30 13:29:00,CLI_469,Biografia,Livros,2374.28,1,Curitiba/PR/Brasil,Boleto Bancário,Em Processamento
TX_13685,2025-10-28 09:15:00,CLI_610,Camiseta,Vestuário,1676.05,3,Curitiba/PR/Brasil,Cartão de Crédito,Concluído
TX_13686,2026-01-27 04:31:00,CLI_872,Tênis,Vestuário,534.84,2,Bom Despacho/MG/Brasil,Pix,Concluído
TX_13687,2025-04-21 04:16:00,CLI_965,Biografia,Livros,2605.02,3,São Paulo/SP/Brasil,Pix,Concluído
TX_13688,2025-05-04 00:20:00,CLI_726,Cadeira Escritório,Casa,3188.16,1,Rio de Janeiro/RJ/Brasil,Pix,Concluído
TX_13689,2025-06-21 02:57:00,CLI_543,Smartwatch,Eletrônicos,1809.57,2,Rio de Janeiro/RJ/Brasil,Boleto Bancário,Concluído
TX_13690,2026-01-17 16:20:00,CLI_476,Cadeira Escritório,Casa,440.77,3,Curitiba/PR/Brasil,Boleto Bancário,Em Processamento
TX_13691,2025-10-31 00:50:00,CLI_163,Jaqueta,Vestuário,2524.62,3,Salvador/BA/Brasil,Cartão de Crédito,Cancelado
TX_13692,2025-03-11 16:48:00,CLI_544,Biografia,Livros,818.46,3,Rio de Janeiro/RJ/Brasil,Cartão de Crédito,Concluído
TX_13693,2026-01-31 17:44:00,CLI_336,Cadeira Escritório,Casa,1636.76,2,Rio de Janeiro/RJ/Brasil,Pix,Concluído
TX_13694,2025-04-17 03:28:00,CLI_136,Tênis,Vestuário,827.28,2,Salvador/BA/Brasil,Boleto Bancário,Cancelado
TX_13695,2025-12-21 19:56:00,CLI_419,Smartphone,Eletrônicos,511.87,2,Salvador/BA/Brasil,Pix,Concluído
TX_13696,2025-05-17 06:44:00,CLI_295,Jaqueta,Vestuário,827.78,2,São Paulo/SP/Brasil,Boleto Bancário,Concluído
TX_13697,2025-07-24 21:39:00,CLI_884,Tênis,Vestuário,3389.41,2,Bom Despacho/MG/Brasil,Pix,Cancelado
TX_13698,2025-04-23 15:00:00,CLI_203,Fone de Ouvido,Eletrônicos,2079.66,3,Curitiba/PR/Brasil,Boleto Bancário,Concluído
TX_13699,2025-12-04 13:09:00,CLI_653,História,Livros,72.72,4,Salvador/BA/Brasil,Pix,Concluído
TX_13700,2026-01-08 23:35:00,CLI_247,Cafeteira,Casa,349.07,4,Bom Despacho/MG/Brasil,Boleto Bancário,Em Processamento
TX_13701,2025-12-09 05:22:00,CLI_545,Jaqueta,Vestuário,1023.44,3,Salvador/BA/Brasil,Cartão de Crédito,Concluído
TX_13702,2025-08-08 17:49:00,CLI_642,Biografia,Livros,1278.87,2,Salvador/BA/Brasil,Pix,Concluído
TX_13703,2025-11-05 15:35:00,CLI_728,Camiseta,Vestuário,3186.97,4,Rio de Janeiro/RJ/Brasil,Boleto Bancário,Em Processamento
TX_13704,2025-12-22 12:42:00,CLI_123,Calça Jeans,Vestuário,844.51,1,São Paulo/SP/Brasil,Boleto Bancário,Em Processamento
TX_13705,2025-07-05 02:45:00,CLI_797,Cadeira Escritório,Casa,2402.04,1,Bom Despacho/MG/Brasil,Cartão de Crédito,Concluído
TX_13706,2025-08-11 22:09:00,CLI_636,Smartwatch,Eletrônicos,1425.68,1,Curitiba/PR/Brasil,Pix,Cancelado
TX_13707,2025-08-02 16:04:00,CLI_195,Tênis,Vestuário,3049.85,5,Curitiba/PR/Brasil,Boleto Bancário,Em Processamento
TX_13708,2025-10-14 19:55:00,CLI_466,Biografia,Livros,2538.69,1,Rio de Janeiro/RJ/Brasil,Boleto Bancário,Concluído
TX_13709,2025-06-08 05:00:00,CLI_977,Tênis,Vestuário,1651.91,2,Rio de Janeiro/RJ/Brasil,Cartão de Crédito,Concluído
TX_13710,2026-01-24 13:40:00,CLI_347,Cafeteira,Casa,3177.79,4,Salvador/BA/Brasil,Pix,Concluído
TX_13711,2025-11-06 08:46:00,CLI_729,Biografia,Livros,1188.81,5,Salvador/BA/Brasil,Pix,Concluído
TX_13712,2026-01-16 09:45:00,CLI_524,Tênis,Vestuário,1277.59,3,Bom Despacho/MG/Brasil,Cartão de Crédito,Concluído
TX_13713,2025-09-09 07:24:00,CLI_132,Ficção Científica,Livros,201.71,1,Salvador/BA/Brasil,Cartão de Crédito,Concluído
TX_13714,2025-12-10 12:50:00,CLI_326,Biografia,Livros,2394.89,2,Curitiba/PR/Brasil,Pix,Cancelado
TX_13715,2025-03-29 06:58:00,CLI_391,Biografia,Livros,3214.66,4,Rio de Janeiro/RJ/Brasil,Pix,Em Processamento
TX_13716,2025-12-08 13:21:00,CLI_105,Camiseta,Vestuário,2792.36,5,Curitiba/PR/Brasil,Cartão de Crédito,Concluído
TX_13717,2025-09-23 14:42:00,CLI_505,Fone de Ouvido,Eletrônicos,2524.19,1,Salvador/BA/Brasil,Boleto Bancário,Cancelado
TX_13718,2025-06-08 10:23:00,CLI_873,Calça Jeans,Vestuário,1573.75,5,Curitiba/PR/Brasil,Boleto Bancário,Concluído
TX_13719,2025-07-05 21:30:00,CLI_386,Desenvolvimento Pessoal,Livros,333.41,4,Salvador/BA/Brasil,Cartão de Crédito,Em Processamento
TX_13720,2025-02-19 14:09:00,CLI_399,Notebook,Eletrônicos,3204.79,3,Curitiba/PR/Brasil,Boleto Bancário,Em Processamento
TX_13721,2025-06-29 16:45:00,CLI_934,Smartphone,Eletrônicos,875.53,3,Bom Despacho/MG/Brasil,Pix,Cancelado
TX_13722,2025-04-20 23:30:00,CLI_339,Cafeteira,Casa,1895.37,5,Curitiba/PR/Brasil,Cartão de Crédito,Concluído
TX_13723,2025-07-19 14:54:00,CLI_453,Camiseta,Vestuário,3215.59,1,Bom Despacho/MG/Brasil,Boleto Bancário,Concluído
TX_13724,2025-08-15 03:05:00,CLI_707,Desenvolvimento Pessoal,Livros,1857.4,5,Curitiba/PR/Brasil,Boleto Bancário,Concluído
TX_13725,2025-05-16 12:06:00,CLI_144,Desenvolvimento Pessoal,Livros,2127.71,4,Rio de Janeiro/RJ/Brasil,Boleto Bancário,Concluído
TX_13726,2025-03-22 11:02:00,CLI_159,Camiseta,Vestuário,537.04,1,Curitiba/PR/Brasil,Boleto Bancário,Em Processamento
TX_13727,2025-11-08 21:50:00,CLI_269,Desenvolvimento Pessoal,Livros,939.28,2,Curitiba/PR/Brasil,Pix,Concluído
TX_13728,2025-07-27 20:18:00,CLI_437,Cafeteira,Casa,631.16,1,Salvador/BA/Brasil,Cartão de Crédito,Concluído
TX_13729,2025-05-01 17:13:00,CLI_562,Cadeira Escritório,Casa,236.29,5,São Paulo/SP/Brasil,Boleto Bancário,Concluído
TX_13730,2025-08-03 21:13:00,CLI_397,Tênis,Vestuário,1345.44,1,Bom Despacho/MG/Brasil,Pix,Em Processamento
TX_13731,2025-07-26 08:51:00,CLI_551,Notebook,Eletrônicos,977.57,4,Curitiba/PR/Brasil,Boleto Bancário,Em Processamento
TX_13732,2025-02-11 06:21:00,CLI_281,Smartphone,Eletrônicos,418.54,3,Curitiba/PR/Brasil,Cartão de Crédito,Concluído
TX_13733,2025-10-10 13:57:00,CLI_827,Desenvolvimento Pessoal,Livros,1766.94,1,Bom Despacho/MG/Brasil,Boleto Bancário,Em Processamento
TX_13734,2025-03-04 10:42:00,CLI_633,Smartphone,Eletrônicos,2113.59,2,Bom Despacho/MG/Brasil,Cartão de Crédito,Concluído
TX_13735,2025-01-01 03:25:00,CLI_934,Jaqueta,Vestuário,793.63,3,Curitiba/PR/Brasil,Pix,Concluído
TX_13736,2025-06-23 16:26:00,CLI_297,Notebook,Eletrônicos,2767.52,1,Salvador/BA/Brasil,Cartão de Crédito,Concluído
TX_13737,2025-07-01 15:53:00,CLI_196,Notebook,Eletrônicos,3371.43,1,Bom Despacho/MG/Brasil,Pix,Em Processamento
TX_13738,2025-11-03 10:04:00,CLI_722,Smartwatch,Eletrônicos,1995.19,5,São Paulo/SP/Brasil,Cartão de Crédito,Concluído
TX_13739,2025-07-02 11:28:00,CLI_223,Desenvolvimento Pessoal,Livros,2020.92,5,São Paulo/SP/Brasil,Cartão de Crédito,Em Processamento
TX_13740,2025-09-14 14:46:00,CLI_914,História,Livros,2316.02,1,São Paulo/SP/Brasil,Pix,Concluído
TX_13741,2025-03-17 20:23:00,CLI_971,Fone de Ouvido,Eletrônicos,725.97,2,Salvador/BA/Brasil,Boleto Bancário,Concluído
TX_13742,2025-11-04 14:25:00,CLI_185,Smartwatch,Eletrônicos,550.64,5,São Paulo/SP/Brasil,Cartão de Crédito,Concluído
TX_13743,2025-05-24 19:40:00,CLI_461,Camiseta,Vestuário,583.73,2,Rio de Janeiro/RJ/Brasil,Cartão de Crédito,Em Processamento
TX_13744,2025-04-20 16:18:00,CLI_993,Luminária,Casa,2371.64,4,São Paulo/SP/Brasil,Pix,Concluído
TX_13745,2026-01-02 15:19:00,CLI_361,Cadeira Escritório,Casa,1900.04,4,Rio de Janeiro/RJ/Brasil,Pix,Concluído
TX_13746,2026-01-15 04:28:00,CLI_838,Notebook,Eletrônicos,129.4,2,Curitiba/PR/Brasil,Cartão de Crédito,Cancelado
TX_13747,2025-06-12 16:44:00,CLI_789,Luminária,Casa,340.16,1,Curitiba/PR/Brasil,Cartão de Crédito,Em Processamento
TX_13748,2025-10-05 02:47:00,CLI_224,Ficção Científica,Livros,2340.28,2,São Paulo/SP/Brasil,Boleto Bancário,Concluído
TX_13749,2025-04-04 11:04:00,CLI_465,Calça Jeans,Vestuário,2049.25,5,São Paulo/SP/Brasil,Pix,Em Processamento
TX_13750,2025-03-19 07:32:00,CLI_217,Camiseta,Vestuário,2770.63,3,Curitiba/PR/Brasil,Boleto Bancário,Cancelado
TX_13751,2025-12-27 13:12:00,CLI_748,Smartphone,Eletrônicos,390.46,4,Salvador/BA/Brasil,Boleto Bancário,Concluído
TX_13752,2025-06-26 05:34:00,CLI_191,Cafeteira,Casa,241.88,1,São Paulo/SP/Brasil,Cartão de Crédito,Cancelado
TX_13753,2025-05-21 03:31:00,CLI_805,Smartphone,Eletrônicos,3116.5,1,Curitiba/PR/Brasil,Pix,Concluído
TX_13754,2025-12-26 02:34:00,CLI_808,Ficção Científica,Livros,2144.98,1,Salvador/BA/Brasil,Pix,Concluído
TX_13755,2025-10-16 11:06:00,CLI_369,Tênis,Vestuário,992.51,3,Curitiba/PR/Brasil,Cartão de Crédito,Cancelado
TX_13756,2025-01-18 14:07:00,CLI_947,Fone de Ouvido,Eletrônicos,473.98,4,Salvador/BA/Brasil,Pix,Concluído
TX_13757,2025-10-13 07:31:00,CLI_800,História,Livros,2169.56,5,Salvador/BA/Brasil,Pix,Em Processamento
TX_13758,2025-03-14 20:45:00,CLI_380,Smartwatch,Eletrônicos,287.44,2,Bom Despacho/MG/Brasil,Boleto Bancário,Em Processamento
TX_13759,2025-07-03 15:30:00,CLI_980,Fone de Ouvido,Eletrônicos,3488.89,4,Salvador/BA/Brasil,Pix,Concluído
TX_13760,2025-05-28 15:30:00,CLI_515,Jogo de Cama,Casa,2638.33,5,Salvador/BA/Brasil,Cartão de Crédito,Em Processamento
TX_13761,2025-02-19 13:20:00,CLI_977,Jogo de Cama,Casa,3385.66,4,São Paulo/SP/Brasil,Cartão de Crédito,Em Processamento
TX_13762,2025-05-31 22:56:00,CLI_829,Ficção Científica,Livros,1323.01,5,Curitiba/PR/Brasil,Pix,Em Processamento
TX_13763,2025-03-08 20:46:00,CLI_925,Notebook,Eletrônicos,1569.28,4,Curitiba/PR/Brasil,Cartão de Crédito,Concluído
TX_13764,2026-01-29 18:26:00,CLI_508,História,Livros,1532.32,2,Rio de Janeiro/RJ/Brasil,Pix,Em Processamento
TX_13765,2025-10-08 20:17:00,CLI_746,Tênis,Vestuário,3492.76,4,Curitiba/PR/Brasil,Pix,Concluído
TX_13766,2025-07-13 05:22:00,CLI_959,Smartwatch,Eletrônicos,1749.26,4,Bom Despacho/MG/Brasil,Boleto Bancário,Concluído
TX_13767,2025-07-06 16:58:00,CLI_235,Notebook,Eletrônicos,733.89,2,São Paulo/SP/Brasil,Pix,Concluído
TX_13768,2025-06-24 05:10:00,CLI_449,Jogo de Cama,Casa,2899.9,4,Rio de Janeiro/RJ/Brasil,Cartão de Crédito,Concluído
TX_13769,2025-07-19 02:08:00,CLI_563,Cafeteira,Casa,641.44,3,Salvador/BA/Brasil,Cartão de Crédito,Concluído
TX_13770,2026-01-10 07:46:00,CLI_438,Camiseta,Vestuário,709.28,1,Bom Despacho/MG/Brasil,Cartão de Crédito,Concluído
TX_13771,2025-01-09 11:14:00,CLI_727,Cafeteira,Casa,3362.97,5,Curitiba/PR/Brasil,Cartão de Crédito,Concluído
TX_13772,2025-03-06 04:13:00,CLI_106,Calça Jeans,Vestuário,2121.79,2,Rio de Janeiro/RJ/Brasil,Boleto Bancário,Concluído
TX_13773,2025-05-22 23:50:00,CLI_756,Jogo de Cama,Casa,2798.76,3,São Paulo/SP/Brasil,Cartão de Crédito,Em Processamento
TX_13774,2025-12-22 06:43:00,CLI_797,Biografia,Livros,2952.26,4,Bom Despacho/MG/Brasil,Pix,Em Processamento
TX_13775,2026-01-23 05:04:00,CLI_198,Tênis,Vestuário,3248.98,4,São Paulo/SP/Brasil,Boleto Bancário,Concluído
TX_13776,2025-09-09 21:15:00,CLI_679,Camiseta,Vestuário,3031.25,5,Rio de Janeiro/RJ/Brasil,Cartão de Crédito,Em Processamento
TX_13777,2025-12-15 19:20:00,CLI_492,Smartphone,Eletrônicos,539.85,3,São Paulo/SP/Brasil,Cartão de Crédito,Cancelado
TX_13778,2026-01-31 21:02:00,CLI_872,Cadeira Escritório,Casa,2822.28,2,Salvador/BA/Brasil,Boleto Bancário,Concluído
TX_13779,2025-05-25 11:50:00,CLI_987,Cadeira Escritório,Casa,459.33,2,Curitiba/PR/Brasil,Boleto Bancário,Concluído
TX_13780,2025-11-17 05:05:00,CLI_422,Calça Jeans,Vestuário,1098.2,2,Curitiba/PR/Brasil,Cartão de Crédito,Concluído
TX_13781,2025-02-04 15:54:00,CLI_639,Tênis,Vestuário,2383.28,2,São Paulo/SP/Brasil,Boleto Bancário,Concluído
TX_13782,2025-05-09 11:28:00,CLI_474,Luminária,Casa,817.95,5,Rio de Janeiro/RJ/Brasil,Cartão de Crédito,Em Processamento
TX_13783,2025-05-15 15:03:00,CLI_506,Biografia,Livros,1662.76,4,São Paulo/SP/Brasil,Pix,Concluído
TX_13784,2025-06-14 23:46:00,CLI_947,Jaqueta,Vestuário,1759.43,1,Bom Despacho/MG/Brasil,Boleto Bancário,Concluído
TX_13785,2025-04-17 02:27:00,CLI_800,Smartwatch,Eletrônicos,2949.38,2,Bom Despacho/MG/Brasil,Boleto Bancário,Cancelado
TX_13786,2025-07-10 04:39:00,CLI_505,Jogo de Cama,Casa,462.46,1,São Paulo/SP/Brasil,Pix,Concluído
TX_13787,2025-04-23 00:07:00,CLI_750,Fone de Ouvido,Eletrônicos,2869.35,1,Bom Despacho/MG/Brasil,Pix,Concluído
TX_13788,2025-03-14 20:10:00,CLI_907,Cafeteira,Casa,3037.42,4,Bom Despacho/MG/Brasil,Pix,Concluído
TX_13789,2025-04-15 07:17:00,CLI_170,Desenvolvimento Pessoal,Livros,2089.13,5,Bom Despacho/MG/Brasil,Pix,Concluído
TX_13790,2025-04-27 08:17:00,CLI_383,Fone de Ouvido,Eletrônicos,2752.44,4,Rio de Janeiro/RJ/Brasil,Cartão de Crédito,Em Processamento
TX_13791,2025-02-17 00:51:00,CLI_868,História,Livros,174.29,2,São Paulo/SP/Brasil,Boleto Bancário,Concluído
TX_13792,2025-11-04 20:28:00,CLI_608,Tênis,Vestuário,1284.57,5,Bom Despacho/MG/Brasil,Boleto Bancário,Concluído
TX_13793,2025-09-26 17:17:00,CLI_194,Ficção Científica,Livros,2934.98,4,Salvador/BA/Brasil,Boleto Bancário,Cancelado
TX_13794,2025-07-07 19:32:00,CLI_704,Notebook,Eletrônicos,549.76,5,São Paulo/SP/Brasil,Pix,Concluído
TX_13795,2025-09-21 04:21:00,CLI_602,História,Livros,3162.03,5,Rio de Janeiro/RJ/Brasil,Cartão de Crédito,Concluído
TX_13796,2025-03-27 06:21:00,CLI_334,Camiseta,Vestuário,3050.24,3,Rio de Janeiro/RJ/Brasil,Pix,Em Processamento
TX_13797,2025-05-29 15:22:00,CLI_311,Smartwatch,Eletrônicos,2404.88,3,São Paulo/SP/Brasil,Boleto Bancário,Em Processamento
TX_13798,2025-08-26 10:34:00,CLI_570,Jaqueta,Vestuário,1658.52,4,Salvador/BA/Brasil,Pix,Concluído
TX_13799,2025-07-26 13:08:00,CLI_520,Ficção Científica,Livros,3010.8,3,Rio de Janeiro/RJ/Brasil,Pix,Concluído
TX_13800,2026-01-03 04:45:00,CLI_265,Smartwatch,Eletrônicos,2994.0,5,Curitiba/PR/Brasil,Cartão de Crédito,Concluído
TX_13801,2025-10-25 07:15:00,CLI_979,Calça Jeans,Vestuário,2999.55,4,São Paulo/SP/Brasil,Boleto Bancário,Concluído
TX_13802,2025-03-10 14:33:00,CLI_367,Desenvolvimento Pessoal,Livros,2483.48,2,Curitiba/PR/Brasil,Boleto Bancário,Concluído
TX_13803,2026-01-05 12:17:00,CLI_759,Camiseta,Vestuário,2058.01,4,Bom Despacho/MG/Brasil,Boleto Bancário,Concluído
TX_13804,2025-12-04 13:33:00,CLI_133,Smartwatch,Eletrônicos,3107.74,5,Curitiba/PR/Brasil,Pix,Concluído
TX_13805,2025-05-10 22:18:00,CLI_370,Notebook,Eletrônicos,731.46,3,Rio de Janeiro/RJ/Brasil,Boleto Bancário,Concluído
TX_13806,2025-12-03 10:33:00,CLI_980,Smartphone,Eletrônicos,2797.21,3,Salvador/BA/Brasil,Cartão de Crédito,Concluído
TX_13807,2025-01-15 13:16:00,CLI_867,Jogo de Cama,Casa,834.11,5,São Paulo/SP/Brasil,Boleto Bancário,Concluído
TX_13808,2025-10-14 07:41:00,CLI_908,Ficção Científica,Livros,1326.28,5,Bom Despacho/MG/Brasil,Cartão de Crédito,Concluído
TX_13809,2025-06-29 12:20:00,CLI_855,Desenvolvimento Pessoal,Livros,3447.26,5,Salvador/BA/Brasil,Boleto Bancário,Concluído
TX_13810,2025-11-15 08:25:00,CLI_611,Jogo de Cama,Casa,2014.72,2,São Paulo/SP/Brasil,Cartão de Crédito,Concluído
TX_13811,2025-06-22 19:40:00,CLI_608,Biografia,Livros,632.77,4,Curitiba/PR/Brasil,Pix,Cancelado
TX_13812,2025-07-07 19:23:00,CLI_314,História,Livros,1272.67,5,Curitiba/PR/Brasil,Pix,Concluído
TX_13813,2025-09-06 08:46:00,CLI_709,Tênis,Vestuário,269.31,3,São Paulo/SP/Brasil,Cartão de Crédito,Em Processamento
TX_13814,2025-08-10 16:46:00,CLI_975,Fone de Ouvido,Eletrônicos,469.02,2,Rio de Janeiro/RJ/Brasil,Boleto Bancário,Em Processamento
TX_13815,2025-02-28 12:24:00,CLI_986,Smartwatch,Eletrônicos,111.08,1,Curitiba/PR/Brasil,Cartão de Crédito,Concluído
TX_13816,2025-06-07 17:56:00,CLI_100,Camiseta,Vestuário,1087.74,2,Bom Despacho/MG/Brasil,Boleto Bancário,Concluído
TX_13817,2025-11-13 05:20:00,CLI_876,Desenvolvimento Pessoal,Livros,274.93,5,Curitiba/PR/Brasil,Boleto Bancário,Concluído
TX_13818,2025-07-21 03:19:00,CLI_919,Smartphone,Eletrônicos,3269.19,3,Salvador/BA/Brasil,Pix,Em Processamento
TX_13819,2025-10-20 03:03:00,CLI_450,Fone de Ouvido,Eletrônicos,3434.62,4,Salvador/BA/Brasil,Cartão de Crédito,Em Processamento
TX_13820,2025-11-10 19:32:00,CLI_490,Smartwatch,Eletrônicos,1624.34,2,Curitiba/PR/Brasil,Pix,Cancelado
TX_13821,2025-12-12 13:27:00,CLI_221,Camiseta,Vestuário,172.01,2,Salvador/BA/Brasil,Cartão de Crédito,Cancelado
TX_13822,2025-04-25 23:01:00,CLI_277,Jaqueta,Vestuário,214.11,5,Bom Despacho/MG/Brasil,Pix,Em Processamento
TX_13823,2025-07-05 21:10:00,CLI_580,Biografia,Livros,375.9,3,Bom Despacho/MG/Brasil,Pix,Cancelado
TX_13824,2025-08-28 00:14:00,CLI_221,Calça Jeans,Vestuário,417.98,3,Curitiba/PR/Brasil,Pix,Em Processamento
TX_13825,2025-04-16 21:20:00,CLI_927,Smartwatch,Eletrônicos,652.36,4,Curitiba/PR/Brasil,Cartão de Crédito,Em Processamento
TX_13826,2025-09-18 18:50:00,CLI_804,Desenvolvimento Pessoal,Livros,1883.1,5,Curitiba/PR/Brasil,Pix,Concluído
TX_13827,2025-08-31 06:50:00,CLI_455,Fone de Ouvido,Eletrônicos,1760.83,4,Salvador/BA/Brasil,Boleto Bancário,Concluído
TX_13828,2025-05-21 09:16:00,CLI_608,Calça Jeans,Vestuário,192.95,4,Curitiba/PR/Brasil,Cartão de Crédito,Concluído
TX_13829,2025-12-03 14:28:00,CLI_921,História,Livros,2681.77,3,Curitiba/PR/Brasil,Boleto Bancário,Cancelado
TX_13830,2025-08-16 22:23:00,CLI_859,Cafeteira,Casa,1364.55,5,Salvador/BA/Brasil,Pix,Em Processamento
TX_13831,2025-06-28 12:04:00,CLI_962,Cadeira Escritório,Casa,2204.82,2,São Paulo/SP/Brasil,Pix,Cancelado
TX_13832,2026-01-03 21:47:00,CLI_232,Cafeteira,Casa,897.36,3,São Paulo/SP/Brasil,Cartão de Crédito,Cancelado
TX_13833,2025-11-28 00:11:00,CLI_672,Biografia,Livros,2541.54,5,Salvador/BA/Brasil,Boleto Bancário,Cancelado
TX_13834,2025-05-13 11:21:00,CLI_998,Jogo de Cama,Casa,109.04,4,Salvador/BA/Brasil,Pix,Concluído
TX_13835,2025-01-04 12:47:00,CLI_335,Smartwatch,Eletrônicos,1869.35,2,Salvador/BA/Brasil,Boleto Bancário,Em Processamento
TX_13836,2025-04-07 06:22:00,CLI_838,Cadeira Escritório,Casa,2130.96,2,Salvador/BA/Brasil,Pix,Em Processamento
TX_13837,2025-01-22 23:46:00,CLI_383,Desenvolvimento Pessoal,Livros,2842.81,1,Salvador/BA/Brasil,Pix,Concluído
TX_13838,2025-05-21 02:58:00,CLI_460,Biografia,Livros,19.56,4,São Paulo/SP/Brasil,Cartão de Crédito,Concluído
TX_13839,2025-02-22 01:33:00,CLI_921,Luminária,Casa,2587.26,2,Bom Despacho/MG/Brasil,Pix,Concluído
TX_13840,2025-08-10 07:01:00,CLI_306,Jaqueta,Vestuário,3119.62,4,Salvador/BA/Brasil,Pix,Concluído
TX_13841,2025-08-10 01:16:00,CLI_353,Desenvolvimento Pessoal,Livros,776.16,2,Curitiba/PR/Brasil,Pix,Concluído
TX_13842,2025-06-21 20:17:00,CLI_250,Desenvolvimento Pessoal,Livros,2742.22,5,São Paulo/SP/Brasil,Pix,Concluído
TX_13843,2025-04-02 21:26:00,CLI_600,Smartphone,Eletrônicos,1535.19,4,São Paulo/SP/Brasil,Boleto Bancário,Concluído
TX_13844,2025-06-03 17:40:00,CLI_368,Luminária,Casa,2077.77,4,Curitiba/PR/Brasil,Pix,Em Processamento
TX_13845,2025-04-11 08:03:00,CLI_983,Biografia,Livros,2923.33,4,Salvador/BA/Brasil,Cartão de Crédito,Concluído
TX_13846,2025-08-17 22:22:00,CLI_480,Jogo de Cama,Casa,954.53,4,Bom Despacho/MG/Brasil,Boleto Bancário,Em Processamento
TX_13847,2025-06-26 22:49:00,CLI_875,Tênis,Vestuário,2693.34,2,São Paulo/SP/Brasil,Pix,Concluído
TX_13848,2026-01-07 13:46:00,CLI_981,Jaqueta,Vestuário,1854.58,3,São Paulo/SP/Brasil,Pix,Cancelado
TX_13849,2025-11-22 23:52:00,CLI_654,Smartwatch,Eletrônicos,2385.5,1,São Paulo/SP/Brasil,Cartão de Crédito,Em Processamento
TX_13850,2025-02-18 07:27:00,CLI_683,Calça Jeans,Vestuário,397.61,2,Curitiba/PR/Brasil,Pix,Cancelado
TX_13851,2025-11-27 20:04:00,CLI_633,Cafeteira,Casa,3379.39,1,Salvador/BA/Brasil,Boleto Bancário,Concluído
TX_13852,2025-09-14 15:13:00,CLI_109,Jaqueta,Vestuário,1180.61,5,Curitiba/PR/Brasil,Cartão de Crédito,Cancelado
TX_13853,2025-11-25 12:24:00,CLI_221,Smartphone,Eletrônicos,3104.27,4,Curitiba/PR/Brasil,Pix,Concluído
TX_13854,2025-09-28 06:59:00,CLI_879,Ficção Científica,Livros,1889.38,3,Curitiba/PR/Brasil,Pix,Em Processamento
TX_13855,2025-04-27 08:40:00,CLI_629,Jogo de Cama,Casa,2947.37,3,São Paulo/SP/Brasil,Pix,Concluído
TX_13856,2025-12-20 23:09:00,CLI_107,Desenvolvimento Pessoal,Livros,3039.9,3,Bom Despacho/MG/Brasil,Boleto Bancário,Concluído
TX_13857,2025-01-30 20:58:00,CLI_110,Biografia,Livros,674.16,4,Salvador/BA/Brasil,Boleto Bancário,Em Processamento
TX_13858,2025-05-06 02:49:00,CLI_538,Jaqueta,Vestuário,1731.18,5,Bom Despacho/MG/Brasil,Pix,Em Processamento
TX_13859,2025-01-22 18:48:00,CLI_675,Cafeteira,Casa,2311.58,3,Bom Despacho/MG/Brasil,Boleto Bancário,Em Processamento
TX_13860,2025-04-06 21:21:00,CLI_134,Camiseta,Vestuário,1622.17,3,Rio de Janeiro/RJ/Brasil,Pix,Concluído
TX_13861,2025-11-14 21:19:00,CLI_899,Jogo de Cama,Casa,203.49,3,Curitiba/PR/Brasil,Cartão de Crédito,Concluído
TX_13862,2025-11-03 22:28:00,CLI_737,Notebook,Eletrônicos,1416.69,2,Salvador/BA/Brasil,Cartão de Crédito,Concluído
TX_13863,2025-07-24 12:02:00,CLI_371,Calça Jeans,Vestuário,3392.15,2,Bom Despacho/MG/Brasil,Cartão de Crédito,Cancelado
TX_13864,2025-01-31 06:08:00,CLI_799,Fone de Ouvido,Eletrônicos,1628.25,2,Bom Despacho/MG/Brasil,Cartão de Crédito,Concluído
TX_13865,2025-02-17 19:03:00,CLI_434,Tênis,Vestuário,30.26,3,Rio de Janeiro/RJ/Brasil,Cartão de Crédito,Concluído
TX_13866,2026-01-24 23:38:00,CLI_974,Notebook,Eletrônicos,1355.02,5,São Paulo/SP/Brasil,Cartão de Crédito,Concluído
TX_13867,2025-10-18 08:06:00,CLI_157,Luminária,Casa,3184.76,3,São Paulo/SP/Brasil,Pix,Em Processamento
TX_13868,2025-09-22 12:15:00,CLI_554,Cadeira Escritório,Casa,2651.36,4,Rio de Janeiro/RJ/Brasil,Boleto Bancário,Cancelado
TX_13869,2026-01-02 11:14:00,CLI_753,Calça Jeans,Vestuário,2384.48,2,Bom Despacho/MG/Brasil,Boleto Bancário,Concluído
TX_13870,2025-03-22 16:35:00,CLI_248,Luminária,Casa,3010.58,2,Salvador/BA/Brasil,Boleto Bancário,Concluído
TX_13871,2025-10-28 12:07:00,CLI_988,Desenvolvimento Pessoal,Livros,3349.06,5,Rio de Janeiro/RJ/Brasil,Pix,Concluído
TX_13872,2025-12-18 14:17:00,CLI_892,Cafeteira,Casa,1854.61,5,Curitiba/PR/Brasil,Boleto Bancário,Concluído
TX_13873,2025-01-22 08:19:00,CLI_154,Cafeteira,Casa,3279.96,1,Salvador/BA/Brasil,Boleto Bancário,Cancelado
TX_13874,2026-01-15 17:07:00,CLI_564,Cafeteira,Casa,1366.07,3,Bom Despacho/MG/Brasil,Cartão de Crédito,Concluído
TX_13875,2026-01-13 01:02:00,CLI_622,Luminária,Casa,2008.8,3,Bom Despacho/MG/Brasil,Pix,Cancelado
TX_13876,2025-06-20 00:54:00,CLI_554,Luminária,Casa,3265.73,4,Rio de Janeiro/RJ/Brasil,Boleto Bancário,Concluído
TX_13877,2025-12-24 07:10:00,CLI_477,Cafeteira,Casa,3015.39,5,Salvador/BA/Brasil,Boleto Bancário,
TX_13878,2025-08-17 14:58:00,CLI_894,Notebook,Eletrônicos,1164.13,4,Rio de Janeiro/RJ/Brasil,Pix,Cancelado
TX_13879,2025-10-22 06:08:00,CLI_478,Desenvolvimento Pessoal,Livros,1004.29,1,Bom Despacho/MG/Brasil,Cartão de Crédito,Concluído
TX_13880,2026-01-13 20:01:00,CLI_931,Biografia,Livros,2842.8,4,Bom Despacho/MG/Brasil,Boleto Bancário,Cancelado
TX_13881,2025-02-01 09:43:00,CLI_995,Smartphone,Eletrônicos,1168.3,3,Curitiba/PR/Brasil,Boleto Bancário,Concluído
TX_13882,2025-05-16 03:36:00,CLI_546,Cadeira Escritório,Casa,1500.9,2,Curitiba/PR/Brasil,Boleto Bancário,Em Processamento
TX_13883,2025-03-02 05:15:00,CLI_437,Cadeira Escritório,Casa,1283.59,2,Curitiba/PR/Brasil,Pix,Concluído
TX_13884,2025-08-17 08:59:00,CLI_739,Jaqueta,Vestuário,2573.82,1,Curitiba/PR/Brasil,Pix,Concluído
TX_13885,2025-09-09 05:02:00,CLI_795,Notebook,Eletrônicos,1697.12,3,Rio de Janeiro/RJ/Brasil,Cartão de Crédito,Concluído
TX_13886,2025-12-22 21:25:00,CLI_306,Cafeteira,Casa,977.92,4,São Paulo/SP/Brasil,Boleto Bancário,Concluído
TX_13887,2025-07-06 11:28:00,CLI_669,Fone de Ouvido,Eletrônicos,853.7,3,Bom Despacho/MG/Brasil,Pix,Concluído
TX_13888,2025-04-06 04:11:00,CLI_534,Cafeteira,Casa,3472.48,2,Curitiba/PR/Brasil,Cartão de Crédito,Concluído
TX_13889,2025-09-18 01:50:00,CLI_673,História,Livros,2874.0,5,Curitiba/PR/Brasil,Pix,Concluído
TX_13890,2025-09-15 14:14:00,CLI_877,Luminária,Casa,2515.62,3,São Paulo/SP/Brasil,Cartão de Crédito,Concluído
TX_13891,2025-06-18 23:13:00,CLI_582,Ficção Científica,Livros,1963.66,2,Bom Despacho/MG/Brasil,Cartão de Crédito,Em Processamento
TX_13892,2025-07-20 18:58:00,CLI_492,Biografia,Livros,3106.78,5,Rio de Janeiro/RJ/Brasil,Boleto Bancário,Concluído
TX_13893,2025-09-26 19:39:00,CLI_630,Smartwatch,Eletrônicos,3441.88,5,São Paulo/SP/Brasil,Pix,Concluído
TX_13894,2025-07-10 18:50:00,CLI_301,Smartphone,Eletrônicos,2096.3,1,Bom Despacho/MG/Brasil,Cartão de Crédito,Concluído
TX_13895,2025-03-24 13:51:00,CLI_391,Calça Jeans,Vestuário,183.98,5,São Paulo/SP/Brasil,Boleto Bancário,Concluído
TX_13896,2025-08-10 08:17:00,CLI_611,Calça Jeans,Vestuário,2062.21,2,Salvador/BA/Brasil,Cartão de Crédito,Concluído
TX_13897,2025-10-14 18:10:00,CLI_729,Biografia,Livros,751.22,3,São Paulo/SP/Brasil,Pix,Cancelado
TX_13898,2025-08-10 13:47:00,CLI_354,Smartwatch,Eletrônicos,2620.84,3,Curitiba/PR/Brasil,Cartão de Crédito,Concluído
TX_13899,2025-12-25 03:09:00,CLI_290,Tênis,Vestuário,1039.4,4,Salvador/BA/Brasil,Pix,Concluído
TX_13900,2026-01-08 14:05:00,CLI_414,Desenvolvimento Pessoal,Livros,972.73,1,Rio de Janeiro/RJ/Brasil,Pix,Cancelado
TX_13901,2025-11-03 14:49:00,CLI_516,Calça Jeans,Vestuário,850.07,5,Curitiba/PR/Brasil,Boleto Bancário,Concluído
TX_13902,2025-06-04 09:18:00,CLI_724,Smartwatch,Eletrônicos,1989.18,3,Curitiba/PR/Brasil,Pix,Em Processamento
TX_13903,2025-05-12 13:06:00,CLI_935,Ficção Científica,Livros,2140.36,5,Bom Despacho/MG/Brasil,Boleto Bancário,Concluído
TX_13904,2025-06-19 14:55:00,CLI_513,Camiseta,Vestuário,1098.67,2,Bom Despacho/MG/Brasil,Cartão de Crédito,Em Processamento
TX_13905,2025-11-17 12:55:00,CLI_911,Luminária,Casa,2781.83,1,Rio de Janeiro/RJ/Brasil,Boleto Bancário,Em Processamento
TX_13906,2025-07-18 13:19:00,CLI_528,Desenvolvimento Pessoal,Livros,2341.84,5,Salvador/BA/Brasil,Cartão de Crédito,Concluído
TX_13907,2026-02-05 04:58:00,CLI_348,Calça Jeans,Vestuário,2332.49,2,Salvador/BA/Brasil,Pix,Cancelado
TX_13908,2025-01-27 07:43:00,CLI_578,Biografia,Livros,739.14,4,Rio de Janeiro/RJ/Brasil,Boleto Bancário,Em Processamento
TX_13909,2025-12-12 02:11:00,CLI_308,Luminária,Casa,1808.66,4,Curitiba/PR/Brasil,Pix,Em Processamento
TX_13910,2025-05-06 01:45:00,CLI_371,Cadeira Escritório,Casa,2758.47,3,Salvador/BA/Brasil,Boleto Bancário,Cancelado
TX_13911,2025-11-30 22:44:00,CLI_909,Cadeira Escritório,Casa,3433.43,4,Curitiba/PR/Brasil,Boleto Bancário,Cancelado
TX_13912,2025-06-22 02:17:00,CLI_970,Smartphone,Eletrônicos,2575.64,4,Bom Despacho/MG/Brasil,Boleto Bancário,Cancelado
TX_13913,2025-11-05 09:00:00,CLI_319,Desenvolvimento Pessoal,Livros,3388.88,2,Bom Despacho/MG/Brasil,Cartão de Crédito,Cancelado
TX_13914,2025-02-24 08:42:00,CLI_544,Fone de Ouvido,Eletrônicos,1252.63,3,Curitiba/PR/Brasil,Pix,Concluído
TX_13915,2025-03-19 02:59:00,CLI_801,Smartphone,Eletrônicos,1792.7,4,Bom Despacho/MG/Brasil,Pix,Cancelado
TX_13916,2025-01-26 08:31:00,CLI_433,Fone de Ouvido,Eletrônicos,303.63,5,Rio de Janeiro/RJ/Brasil,Cartão de Crédito,Em Processamento
TX_13917,2025-07-29 12:46:00,CLI_742,Luminária,Casa,367.97,2,Bom Despacho/MG/Brasil,Pix,Em Processamento
TX_13918,2025-02-14 21:21:00,CLI_369,Luminária,Casa,3461.28,2,Salvador/BA/Brasil,Cartão de Crédito,Em Processamento
TX_13919,2025-12-30 06:59:00,CLI_290,História,Livros,2991.92,5,Curitiba/PR/Brasil,Boleto Bancário,Concluído
TX_13920,2025-04-15 18:42:00,CLI_198,Jogo de Cama,Casa,20.45,1,Rio de Janeiro/RJ/Brasil,Boleto Bancário,Em Processamento
TX_13921,2025-01-20 12:24:00,CLI_254,Smartwatch,Eletrônicos,457.28,1,São Paulo/SP/Brasil,Boleto Bancário,Concluído
TX_13922,2025-10-25 13:52:00,CLI_470,Cadeira Escritório,Casa,2169.2,1,Bom Despacho/MG/Brasil,Pix,Concluído
TX_13923,2025-06-29 21:02:00,CLI_735,Ficção Científica,Livros,1510.81,1,Rio de Janeiro/RJ/Brasil,Pix,Concluído
TX_13924,2025-06-09 00:12:00,CLI_742,Jogo de Cama,Casa,1701.67,3,São Paulo/SP/Brasil,Cartão de Crédito,Concluído
TX_13925,2025-01-06 20:19:00,CLI_869,Smartwatch,Eletrônicos,548.7,2,São Paulo/SP/Brasil,Cartão de Crédito,Cancelado
TX_13926,2025-04-13 15:41:00,CLI_212,Desenvolvimento Pessoal,Livros,999.57,4,Bom Despacho/MG/Brasil,Cartão de Crédito,Concluído
TX_13927,2025-02-12 20:48:00,CLI_229,Fone de Ouvido,Eletrônicos,1560.49,2,Rio de Janeiro/RJ/Brasil,Cartão de Crédito,Concluído
TX_13928,2025-06-29 13:35:00,CLI_976,História,Livros,165.68,2,Curitiba/PR/Brasil,Cartão de Crédito,Cancelado
TX_13929,2025-06-23 17:24:00,CLI_122,Smartwatch,Eletrônicos,,2,Bom Despacho/MG/Brasil,Pix,Cancelado
TX_13930,2025-03-18 14:22:00,CLI_567,Cafeteira,Casa,3291.52,1,Bom Despacho/MG/Brasil,Boleto Bancário,Concluído
TX_13931,2025-03-15 15:31:00,CLI_841,História,Livros,1109.59,1,São Paulo/SP/Brasil,Cartão de Crédito,Concluído
TX_13932,2025-08-07 19:45:00,CLI_102,História,Livros,1127.44,1,São Paulo/SP/Brasil,Cartão de Crédito,Concluído
TX_13933,2025-08-21 23:29:00,CLI_713,Smartphone,Eletrônicos,721.09,2,Curitiba/PR/Brasil,Cartão de Crédito,Concluído
TX_13934,2025-01-09 21:29:00,CLI_985,Calça Jeans,Vestuário,1306.46,5,Rio de Janeiro/RJ/Brasil,Pix,Em Processamento
TX_13935,2025-06-19 16:08:00,CLI_937,Luminária,Casa,210.39,4,Curitiba/PR/Brasil,Boleto Bancário,Concluído
TX_13936,2025-12-28 18:01:00,CLI_332,Calça Jeans,Vestuário,126.75,3,São Paulo/SP/Brasil,Cartão de Crédito,Cancelado
TX_13937,2025-06-21 21:26:00,CLI_800,Cadeira Escritório,Casa,1168.25,1,Salvador/BA/Brasil,Boleto Bancário,Concluído
TX_13938,2025-02-05 22:16:00,CLI_166,Camiseta,Vestuário,1140.63,3,Bom Despacho/MG/Brasil,Boleto Bancário,Em Processamento
TX_13939,2025-01-26 20:42:00,CLI_326,Fone de Ouvido,Eletrônicos,678.41,4,São Paulo/SP/Brasil,Pix,
TX_13940,2026-01-27 08:07:00,CLI_106,Jaqueta,Vestuário,1115.25,3,Rio de Janeiro/RJ/Brasil,Boleto Bancário,Concluído
TX_13941,2025-01-02 19:43:00,CLI_939,Jaqueta,Vestuário,1897.8,3,São Paulo/SP/Brasil,Cartão de Crédito,Cancelado
TX_13942,2025-08-18 01:07:00,CLI_755,Jogo de Cama,Casa,2268.96,1,Curitiba/PR/Brasil,Pix,Concluído
TX_13943,2025-02-26 06:16:00,CLI_449,Cadeira Escritório,Casa,2467.62,5,São Paulo/SP/Brasil,Cartão de Crédito,Em Processamento
TX_13944,2026-01-17 16:03:00,CLI_194,Calça Jeans,Vestuário,1580.05,5,Salvador/BA/Brasil,Pix,Cancelado
TX_13945,2025-11-06 15:10:00,CLI_483,Smartwatch,Eletrônicos,143.28,5,Curitiba/PR/Brasil,Cartão de Crédito,Cancelado
TX_13946,2026-01-26 23:56:00,CLI_170,Calça Jeans,Vestuário,3433.9,3,São Paulo/SP/Brasil,Boleto Bancário,Concluído
TX_13947,2026-01-29 18:42:00,CLI_293,Smartwatch,Eletrônicos,877.01,1,Salvador/BA/Brasil,Pix,Em Processamento
TX_13948,2025-11-26 17:03:00,CLI_128,Jaqueta,Vestuário,1824.18,3,Bom Despacho/MG/Brasil,Boleto Bancário,Concluído
TX_13949,2025-12-27 21:29:00,CLI_403,Smartwatch,Eletrônicos,3249.35,3,Bom Despacho/MG/Brasil,Cartão de Crédito,Concluído
TX_13950,2025-01-11 22:39:00,CLI_609,Tênis,Vestuário,2985.93,4,Curitiba/PR/Brasil,Pix,Concluído
TX_13951,2025-01-07 16:00:00,CLI_650,Cadeira Escritório,Casa,3084.37,3,Rio de Janeiro/RJ/Brasil,Pix,Concluído
TX_13952,2025-10-25 22:35:00,CLI_938,Jaqueta,Vestuário,573.0,1,São Paulo/SP/Brasil,Cartão de Crédito,Cancelado
TX_13953,2025-08-12 17:29:00,CLI_981,Smartphone,Eletrônicos,3029.92,1,Salvador/BA/Brasil,Cartão de Crédito,Em Processamento
TX_13954,2025-10-28 22:09:00,CLI_169,Jaqueta,Vestuário,2069.64,5,São Paulo/SP/Brasil,Cartão de Crédito,Em Processamento
TX_13955,2025-01-26 06:42:00,CLI_239,Smartwatch,Eletrônicos,1756.09,4,São Paulo/SP/Brasil,Boleto Bancário,Concluído
TX_13956,2025-08-25 15:52:00,CLI_943,Fone de Ouvido,Eletrônicos,1725.95,4,Salvador/BA/Brasil,Cartão de Crédito,Concluído
TX_13957,2025-12-24 13:09:00,CLI_618,Cadeira Escritório,Casa,466.11,1,Rio de Janeiro/RJ/Brasil,Cartão de Crédito,Em Processamento
TX_13958,2025-07-25 10:26:00,CLI_544,Cadeira Escritório,Casa,113.18,4,Salvador/BA/Brasil,Pix,Concluído
TX_13959,2025-12-23 19:12:00,CLI_802,Cafeteira,Casa,405.56,5,Curitiba/PR/Brasil,Cartão de Crédito,Concluído
TX_13960,2025-04-15 12:34:00,CLI_510,Fone de Ouvido,Eletrônicos,851.95,5,São Paulo/SP/Brasil,Boleto Bancário,Cancelado
TX_13961,2025-01-23 01:39:00,CLI_607,Jogo de Cama,Casa,1258.88,4,Bom Despacho/MG/Brasil,Pix,Concluído
TX_13962,2025-07-05 18:28:00,CLI_223,História,Livros,1935.22,1,Rio de Janeiro/RJ/Brasil,Pix,Cancelado
TX_13963,2025-09-13 15:23:00,CLI_721,Cadeira Escritório,Casa,847.07,5,Bom Despacho/MG/Brasil,Boleto Bancário,Concluído
TX_13964,2025-05-01 12:43:00,CLI_495,Jogo de Cama,Casa,2121.37,5,Salvador/BA/Brasil,Pix,Concluído
TX_13965,2026-01-31 01:13:00,CLI_962,Tênis,Vestuário,294.68,2,Rio de Janeiro/RJ/Brasil,Cartão de Crédito,Cancelado
TX_13966,2025-03-05 05:04:00,CLI_490,Cadeira Escritório,Casa,2837.35,1,Salvador/BA/Brasil,Boleto Bancário,Concluído
TX_13967,2025-07-09 08:09:00,CLI_794,Biografia,Livros,145.94,1,Rio de Janeiro/RJ/Brasil,Cartão de Crédito,Em Processamento
TX_13968,2025-06-14 21:53:00,CLI_502,Biografia,Livros,1863.34,5,São Paulo/SP/Brasil,Boleto Bancário,Cancelado
TX_13969,2025-06-18 11:18:00,CLI_282,Jogo de Cama,Casa,1490.99,2,Rio de Janeiro/RJ/Brasil,Cartão de Crédito,Concluído
TX_13970,2025-09-03 17:12:00,CLI_226,Cadeira Escritório,Casa,411.37,5,Bom Despacho/MG/Brasil,Cartão de Crédito,Cancelado
TX_13971,2025-03-04 15:25:00,CLI_336,Tênis,Vestuário,2003.49,2,Bom Despacho/MG/Brasil,Cartão de Crédito,Concluído
TX_13972,2025-11-27 15:42:00,CLI_622,Camiseta,Vestuário,1518.78,1,Curitiba/PR/Brasil,Cartão de Crédito,Em Processamento
TX_13973,2026-01-24 21:59:00,CLI_763,Cadeira Escritório,Casa,208.35,3,Bom Despacho/MG/Brasil,Pix,Cancelado
TX_13974,2025-06-03 06:57:00,CLI_175,Ficção Científica,Livros,3202.48,3,Curitiba/PR/Brasil,Cartão de Crédito,Concluído
TX_13975,2025-05-07 17:09:00,CLI_812,Jogo de Cama,Casa,281.57,3,Bom Despacho/MG/Brasil,Pix,Concluído
TX_13976,2025-03-22 01:42:00,CLI_733,Notebook,Eletrônicos,961.78,1,Curitiba/PR/Brasil,Boleto Bancário,Concluído
TX_13977,2025-11-26 12:01:00,CLI_527,Desenvolvimento Pessoal,Livros,664.79,5,Curitiba/PR/Brasil,Pix,Concluído
TX_13978,2025-10-02 12:53:00,CLI_946,Camiseta,Vestuário,2771.61,1,Curitiba/PR/Brasil,Boleto Bancário,Em Processamento
TX_13979,2025-07-24 19:32:00,CLI_877,Cafeteira,Casa,963.88,5,São Paulo/SP/Brasil,Boleto Bancário,Concluído
TX_13980,2026-01-03 02:18:00,CLI_116,Luminária,Casa,1059.95,4,São Paulo/SP/Brasil,Boleto Bancário,Em Processamento
TX_13981,2025-04-09 11:54:00,CLI_385,Desenvolvimento Pessoal,Livros,2947.6,2,Salvador/BA/Brasil,Cartão de Crédito,Concluído
TX_13982,2025-10-07 21:51:00,CLI_729,Smartphone,Eletrônicos,1463.57,5,Salvador/BA/Brasil,Boleto Bancário,Concluído
TX_13983,2025-05-06 12:37:00,CLI_559,Calça Jeans,Vestuário,3399.39,3,Salvador/BA/Brasil,Cartão de Crédito,Em Processamento
TX_13984,2025-02-15 11:05:00,CLI_833,Luminária,Casa,1755.7,2,São Paulo/SP/Brasil,Pix,Cancelado
TX_13985,2025-11-26 03:09:00,CLI_991,Cadeira Escritório,Casa,3422.21,4,São Paulo/SP/Brasil,Pix,Concluído
TX_13986,2025-06-21 11:02:00,CLI_390,Biografia,Livros,1465.55,2,Bom Despacho/MG/Brasil,Cartão de Crédito,Concluído
TX_13987,2025-12-30 08:33:00,CLI_912,Notebook,Eletrônicos,1372.01,2,Bom Despacho/MG/Brasil,Cartão de Crédito,Concluído
TX_13988,2025-02-12 15:10:00,CLI_352,Luminária,Casa,2337.43,2,Curitiba/PR/Brasil,Pix,Cancelado
TX_13989,2025-06-24 08:50:00,CLI_583,Ficção Científica,Livros,2402.85,1,Salvador/BA/Brasil,Pix,Concluído
TX_13990,2025-08-15 19:43:00,CLI_892,Camiseta,Vestuário,1260.78,4,São Paulo/SP/Brasil,Cartão de Crédito,Concluído
TX_13991,2025-11-20 02:54:00,CLI_857,Camiseta,Vestuário,632.96,2,Bom Despacho/MG/Brasil,Cartão de Crédito,Concluído
TX_13992,2025-07-24 02:17:00,CLI_492,Smartwatch,Eletrônicos,1808.36,5,Bom Despacho/MG/Brasil,Pix,Cancelado
TX_13993,2026-01-10 11:27:00,CLI_376,Luminária,Casa,439.63,2,Salvador/BA/Brasil,Boleto Bancário,Concluído
TX_13994,2026-01-10 00:25:00,CLI_243,História,Livros,1819.84,5,Bom Despacho/MG/Brasil,Cartão de Crédito,Concluído
TX_13995,2025-03-01 14:59:00,CLI_762,Desenvolvimento Pessoal,Livros,2150.0,3,Salvador/BA/Brasil,Boleto Bancário,Cancelado
TX_13996,2025-04-01 10:22:00,CLI_706,Camiseta,Vestuário,636.31,1,Bom Despacho/MG/Brasil,Boleto Bancário,Concluído
TX_13997,2025-10-20 19:53:00,CLI_722,Fone de Ouvido,Eletrônicos,957.12,1,Rio de Janeiro/RJ/Brasil,Pix,Concluído
TX_13998,2025-04-21 17:31:00,CLI_470,Luminária,Casa,2431.39,4,São Paulo/SP/Brasil,Boleto Bancário,Em Processamento
TX_13999,2025-03-28 14:04:00,CLI_429,Camiseta,Vestuário,551.12,1,Bom Despacho/MG/Brasil,Cartão de Crédito,Concluído
TX_14000,2025-01-22 05:11:00,CLI_152,Smartwatch,Eletrônicos,2173.19,5,Bom Despacho/MG/Brasil,Boleto Bancário,Concluído
TX_14001,2025-09-15 17:31:00,CLI_633,Cadeira Escritório,Casa,1377.65,3,Salvador/BA/Brasil,Boleto Bancário,Concluído
TX_14002,2025-04-06 20:28:00,CLI_227,Notebook,Eletrônicos,876.82,4,Curitiba/PR/Brasil,Pix,Concluído
TX_14003,2025-05-20 23:41:00,CLI_754,Smartwatch,Eletrônicos,2024.85,3,Bom Despacho/MG/Brasil,Cartão de Crédito,Concluído
TX_14004,2025-02-20 06:30:00,CLI_163,Smartphone,Eletrônicos,1818.08,2,São Paulo/SP/Brasil,Cartão de Crédito,Concluído
TX_14005,2026-01-28 05:49:00,CLI_341,Cadeira Escritório,Casa,1025.02,5,Salvador/BA/Brasil,Pix,Concluído
TX_14006,2025-07-22 05:56:00,CLI_502,Calça Jeans,Vestuário,1676.0,1,Bom Despacho/MG/Brasil,Boleto Bancário,Concluído
TX_14007,2025-06-10 08:25:00,CLI_955,Camiseta,Vestuário,3386.83,3,Rio de Janeiro/RJ/Brasil,Cartão de Crédito,Concluído
TX_14008,2025-08-18 16:10:00,CLI_494,História,Livros,118.29,2,São Paulo/SP/Brasil,Boleto Bancário,Concluído
TX_14009,2025-08-29 10:19:00,CLI_153,História,Livros,3400.12,4,Curitiba/PR/Brasil,Pix,Concluído
TX_14010,2025-11-29 11:32:00,CLI_282,Smartphone,Eletrônicos,2780.32,1,Curitiba/PR/Brasil,Cartão de Crédito,Concluído
TX_14011,2025-02-07 00:38:00,CLI_804,Camiseta,Vestuário,2361.15,5,Bom Despacho/MG/Brasil,Boleto Bancário,Cancelado
TX_14012,2025-03-12 11:45:00,CLI_383,Tênis,Vestuário,652.22,3,Curitiba/PR/Brasil,Pix,Concluído
TX_14013,2025-04-02 16:34:00,CLI_964,Biografia,Livros,1528.89,2,Salvador/BA/Brasil,Boleto Bancário,Em Processamento
TX_14014,2025-10-12 22:26:00,CLI_205,Jogo de Cama,Casa,2820.21,2,Rio de Janeiro/RJ/Brasil,Boleto Bancário,Em Processamento
TX_14015,2025-12-10 21:23:00,CLI_270,Jaqueta,Vestuário,2723.08,4,Rio de Janeiro/RJ/Brasil,Boleto Bancário,Cancelado
TX_14016,2025-05-21 06:09:00,CLI_766,Smartwatch,Eletrônicos,3069.27,3,São Paulo/SP/Brasil,Pix,Concluído
TX_14017,2025-05-01 02:24:00,CLI_940,Fone de Ouvido,Eletrônicos,296.04,4,Salvador/BA/Brasil,Boleto Bancário,Em Processamento
TX_14018,2025-06-13 08:30:00,CLI_419,Camiseta,Vestuário,2479.27,1,Rio de Janeiro/RJ/Brasil,Pix,Concluído
TX_14019,2025-09-03 12:47:00,CLI_106,Ficção Científica,Livros,2535.4,5,Curitiba/PR/Brasil,Pix,Em Processamento
TX_14020,2026-02-05 11:49:00,CLI_567,Cadeira Escritório,Casa,1331.93,4,Rio de Janeiro/RJ/Brasil,Boleto Bancário,Cancelado
TX_14021,2025-10-07 00:23:00,CLI_931,Camiseta,Vestuário,1148.86,5,Rio de Janeiro/RJ/Brasil,Pix,Concluído
TX_14022,2025-05-23 05:50:00,CLI_266,Cafeteira,Casa,3152.28,5,Bom Despacho/MG/Brasil,Pix,Concluído
TX_14023,2025-12-29 01:10:00,CLI_860,Notebook,Eletrônicos,1156.01,1,Rio de Janeiro/RJ/Brasil,Pix,Concluído
TX_14024,2025-12-04 23:30:00,CLI_462,Smartwatch,Eletrônicos,397.42,1,Rio de Janeiro/RJ/Brasil,Cartão de Crédito,Em Processamento
TX_14025,2025-06-25 03:39:00,CLI_788,História,Livros,817.92,4,Bom Despacho/MG/Brasil,Cartão de Crédito,Cancelado
TX_14026,2026-01-11 01:02:00,CLI_357,Luminária,Casa,241.13,2,Bom Despacho/MG/Brasil,Pix,Concluído
TX_14027,2025-03-10 14:19:00,CLI_986,Calça Jeans,Vestuário,2461.69,5,Bom Despacho/MG/Brasil,Pix,Concluído
TX_14028,2025-11-21 18:36:00,CLI_214,Calça Jeans,Vestuário,502.65,1,Rio de Janeiro/RJ/Brasil,Pix,Concluído
TX_14029,2025-12-12 15:07:00,CLI_859,Tênis,Vestuário,2391.74,3,Bom Despacho/MG/Brasil,Cartão de Crédito,Concluído
TX_14030,2026-01-19 10:49:00,CLI_695,Notebook,Eletrônicos,1489.54,4,Curitiba/PR/Brasil,Cartão de Crédito,Concluído
TX_14031,2025-04-16 08:08:00,CLI_207,Fone de Ouvido,Eletrônicos,3143.36,5,Salvador/BA/Brasil,Boleto Bancário,Cancelado
TX_14032,2025-08-10 11:24:00,CLI_900,Calça Jeans,Vestuário,3399.22,3,São Paulo/SP/Brasil,Boleto Bancário,Concluído
TX_14033,2025-02-18 17:23:00,CLI_920,Notebook,Eletrônicos,80.21,4,Salvador/BA/Brasil,Pix,Em Processamento
TX_14034,2025-01-23 04:24:00,CLI_169,Luminária,Casa,1760.29,3,São Paulo/SP/Brasil,Cartão de Crédito,Concluído
TX_14035,2025-01-24 04:35:00,CLI_630,Smartphone,Eletrônicos,927.34,4,Curitiba/PR/Brasil,Cartão de Crédito,Cancelado
TX_14036,2025-04-05 02:11:00,CLI_388,História,Livros,1994.03,5,Rio de Janeiro/RJ/Brasil,Pix,Concluído
TX_14037,2025-05-24 06:24:00,CLI_759,Calça Jeans,Vestuário,1100.19,4,São Paulo/SP/Brasil,Pix,Concluído
TX_14038,2025-03-08 03:33:00,CLI_144,Tênis,Vestuário,1448.58,1,Bom Despacho/MG/Brasil,Cartão de Crédito,Concluído
TX_14039,2025-02-03 00:24:00,CLI_744,Cadeira Escritório,Casa,1033.65,2,São Paulo/SP/Brasil,Cartão de Crédito,Concluído
TX_14040,2026-01-17 15:32:00,CLI_684,Cafeteira,Casa,1072.56,1,Bom Despacho/MG/Brasil,Boleto Bancário,Cancelado
TX_14041,2025-11-02 12:11:00,CLI_533,Calça Jeans,Vestuário,2646.25,4,Rio de Janeiro/RJ/Brasil,Cartão de Crédito,Concluído
TX_14042,2025-12-30 17:50:00,CLI_919,História,Livros,2678.49,5,São Paulo/SP/Brasil,Boleto Bancário,Em Processamento
TX_14043,2025-08-05 16:15:00,CLI_853,História,Livros,1541.27,3,Curitiba/PR/Brasil,Cartão de Crédito,Concluído
TX_14044,2025-03-07 07:16:00,CLI_721,História,Livros,1886.6,5,São Paulo/SP/Brasil,Boleto Bancário,Concluído
TX_14045,2025-05-23 17:17:00,CLI_587,Biografia,Livros,798.51,3,São Paulo/SP/Brasil,Pix,Concluído
TX_14046,2026-01-14 17:06:00,CLI_519,Cafeteira,Casa,3253.93,1,Bom Despacho/MG/Brasil,Boleto Bancário,Cancelado
TX_14047,2025-10-03 18:57:00,CLI_802,Tênis,Vestuário,,5,São Paulo/SP/Brasil,Boleto Bancário,Cancelado
TX_14048,2025-11-17 21:37:00,CLI_914,Luminária,Casa,387.7,4,Rio de Janeiro/RJ/Brasil,Pix,Em Processamento
TX_14049,2025-02-24 18:24:00,CLI_752,Jogo de Cama,Casa,1148.63,4,Salvador/BA/Brasil,Boleto Bancário,Concluído
TX_14050,2025-06-06 20:30:00,CLI_295,Fone de Ouvido,Eletrônicos,2688.72,5,Bom Despacho/MG/Brasil,Cartão de Crédito,Cancelado
TX_14051,2025-01-16 14:00:00,CLI_333,Fone de Ouvido,Eletrônicos,1815.22,4,Bom Despacho/MG/Brasil,Pix,Concluído
TX_14052,2025-11-22 02:32:00,CLI_886,Camiseta,Vestuário,1252.58,4,Curitiba/PR/Brasil,Boleto Bancário,Concluído
TX_14053,2025-07-03 23:17:00,CLI_764,Camiseta,Vestuário,1228.62,3,Bom Despacho/MG/Brasil,Cartão de Crédito,Concluído
TX_14054,2025-08-19 17:37:00,CLI_825,Cafeteira,Casa,2083.28,4,São Paulo/SP/Brasil,Pix,Cancelado
TX_14055,2026-01-26 01:04:00,CLI_858,Calça Jeans,Vestuário,149.87,2,São Paulo/SP/Brasil,Boleto Bancário,Concluído
TX_14056,2025-06-08 16:52:00,CLI_878,Luminária,Casa,3395.11,1,Salvador/BA/Brasil,Cartão de Crédito,Concluído
TX_14057,2025-07-07 22:49:00,CLI_603,Ficção Científica,Livros,1887.89,1,Curitiba/PR/Brasil,Pix,Concluído
TX_14058,2025-08-07 13:57:00,CLI_595,Fone de Ouvido,Eletrônicos,300.14,4,Salvador/BA/Brasil,Pix,Concluído
TX_14059,2026-01-30 09:58:00,CLI_407,Jaqueta,Vestuário,2885.68,4,Rio de Janeiro/RJ/Brasil,Cartão de Crédito,Concluído
TX_14060,2025-02-28 00:32:00,CLI_220,História,Livros,1764.75,4,São Paulo/SP/Brasil,Cartão de Crédito,Concluído
TX_14061,2025-08-26 01:36:00,CLI_809,Calça Jeans,Vestuário,1009.15,3,Bom Despacho/MG/Brasil,Cartão de Crédito,Concluído
TX_14062,2025-06-07 12:50:00,CLI_775,Biografia,Livros,1489.66,5,Rio de Janeiro/RJ/Brasil,Boleto Bancário,Em Processamento
TX_14063,2025-12-14 02:02:00,CLI_872,Desenvolvimento Pessoal,Livros,760.06,1,Salvador/BA/Brasil,Pix,Concluído
TX_14064,2025-11-16 20:18:00,CLI_999,Smartwatch,Eletrônicos,2596.29,5,Curitiba/PR/Brasil,Boleto Bancário,Concluído
TX_14065,2025-03-24 09:40:00,CLI_578,Cadeira Escritório,Casa,92.82,5,Salvador/BA/Brasil,Cartão de Crédito,Concluído
TX_14066,2025-09-19 14:32:00,CLI_886,Camiseta,Vestuário,3421.92,2,São Paulo/SP/Brasil,Cartão de Crédito,Concluído
TX_14067,2025-12-19 12:56:00,CLI_935,Fone de Ouvido,Eletrônicos,1309.98,5,Bom Despacho/MG/Brasil,Cartão de Crédito,Concluído
TX_14068,2025-02-11 16:12:00,CLI_158,Desenvolvimento Pessoal,Livros,90.19,3,Salvador/BA/Brasil,Cartão de Crédito,Cancelado
TX_14069,2025-07-01 13:00:00,CLI_925,Jogo de Cama,Casa,2393.97,3,Rio de Janeiro/RJ/Brasil,Cartão de Crédito,Concluído
TX_14070,2025-06-11 03:07:00,CLI_996,Jaqueta,Vestuário,2278.17,2,Rio de Janeiro/RJ/Brasil,Cartão de Crédito,Concluído
TX_14071,2025-02-25 21:44:00,CLI_168,Fone de Ouvido,Eletrônicos,410.7,1,Bom Despacho/MG/Brasil,Boleto Bancário,Concluído
TX_14072,2025-09-08 03:29:00,CLI_353,Smartwatch,Eletrônicos,2583.46,5,São Paulo/SP/Brasil,Cartão de Crédito,Concluído
TX_14073,2025-04-01 02:34:00,CLI_791,Fone de Ouvido,Eletrônicos,1092.88,2,Rio de Janeiro/RJ/Brasil,Boleto Bancário,Cancelado
TX_14074,2025-04-13 19:07:00,CLI_371,Biografia,Livros,2349.16,3,Bom Despacho/MG/Brasil,Pix,Concluído
TX_14075,2025-12-17 10:40:00,CLI_784,Smartwatch,Eletrônicos,2679.1,5,São Paulo/SP/Brasil,Boleto Bancário,Em Processamento
TX_14076,2025-07-31 23:57:00,CLI_187,Cafeteira,Casa,1875.78,3,Rio de Janeiro/RJ/Brasil,Pix,Concluído
TX_14077,2025-03-20 13:42:00,CLI_642,Desenvolvimento Pessoal,Livros,458.47,5,Salvador/BA/Brasil,Pix,Concluído
TX_14078,2025-10-25 22:25:00,CLI_418,Fone de Ouvido,Eletrônicos,3386.69,2,Salvador/BA/Brasil,Cartão de Crédito,Concluído
TX_14079,2025-07-09 20:14:00,CLI_335,Tênis,Vestuário,2891.79,5,Salvador/BA/Brasil,Cartão de Crédito,Concluído
TX_14080,2025-09-23 01:01:00,CLI_444,Jogo de Cama,Casa,112.64,4,Salvador/BA/Brasil,Pix,Concluído
TX_14081,2025-12-18 21:31:00,CLI_940,Ficção Científica,Livros,1586.96,2,Salvador/BA/Brasil,Pix,Concluído
TX_14082,2025-04-03 09:34:00,CLI_820,Jogo de Cama,Casa,2458.79,4,Bom Despacho/MG/Brasil,Pix,Cancelado
TX_14083,2025-10-17 13:19:00,CLI_370,Cafeteira,Casa,2783.22,2,Bom Despacho/MG/Brasil,Cartão de Crédito,Concluído
TX_14084,2025-01-25 14:50:00,CLI_108,Desenvolvimento Pessoal,Livros,1362.06,5,São Paulo/SP/Brasil,Boleto Bancário,Concluído
TX_14085,2025-08-11 04:17:00,CLI_859,Desenvolvimento Pessoal,Livros,2355.51,3,Salvador/BA/Brasil,Pix,Concluído
TX_14086,2025-04-27 19:11:00,CLI_460,História,Livros,3162.69,3,Salvador/BA/Brasil,Boleto Bancário,Cancelado
TX_14087,2025-03-04 00:45:00,CLI_966,Smartphone,Eletrônicos,900.76,4,Rio de Janeiro/RJ/Brasil,Cartão de Crédito,Concluído
TX_14088,2025-11-05 14:51:00,CLI_144,Cafeteira,Casa,337.64,4,Rio de Janeiro/RJ/Brasil,Cartão de Crédito,Em Processamento
TX_14089,2025-08-28 01:03:00,CLI_550,Calça Jeans,Vestuário,1979.38,4,Bom Despacho/MG/Brasil,Cartão de Crédito,Concluído
TX_14090,2025-04-14 04:14:00,CLI_802,Smartwatch,Eletrônicos,1388.93,1,Bom Despacho/MG/Brasil,Cartão de Crédito,Concluído
TX_14091,2026-01-19 23:13:00,CLI_809,Luminária,Casa,2722.8,3,Rio de Janeiro/RJ/Brasil,Cartão de Crédito,Em Processamento
TX_14092,2025-08-24 19:00:00,CLI_686,Cafeteira,Casa,1260.84,2,Rio de Janeiro/RJ/Brasil,Pix,Concluído
TX_14093,2025-08-01 08:57:00,CLI_444,Desenvolvimento Pessoal,Livros,3243.7,3,Salvador/BA/Brasil,Boleto Bancário,Concluído
TX_14094,2025-03-01 05:54:00,CLI_559,Cadeira Escritório,Casa,2542.1,1,Salvador/BA/Brasil,Pix,Concluído
TX_14095,2025-09-28 07:48:00,CLI_235,Jaqueta,Vestuário,2977.27,3,São Paulo/SP/Brasil,Cartão de Crédito,Concluído
TX_14096,2025-12-07 04:24:00,CLI_587,Calça Jeans,Vestuário,1365.31,4,Curitiba/PR/Brasil,Pix,Concluído
TX_14097,2025-05-23 13:17:00,CLI_444,Fone de Ouvido,Eletrônicos,2328.27,1,São Paulo/SP/Brasil,Cartão de Crédito,Concluído
TX_14098,2025-02-10 04:11:00,CLI_116,Biografia,Livros,1235.5,2,Salvador/BA/Brasil,Boleto Bancário,Concluído
TX_14099,2026-02-01 22:10:00,CLI_398,Camiseta,Vestuário,2381.91,3,Curitiba/PR/Brasil,Boleto Bancário,Concluído
TX_14100,2026-02-04 14:20:00,CLI_602,Calça Jeans,Vestuário,1693.09,3,Curitiba/PR/Brasil,Cartão de Crédito,Concluído
TX_14101,2025-04-22 07:49:00,CLI_939,Tênis,Vestuário,2241.05,4,Bom Despacho/MG/Brasil,Cartão de Crédito,Concluído
TX_14102,2025-08-03 19:44:00,CLI_291,Biografia,Livros,293.14,3,Salvador/BA/Brasil,Cartão de Crédito,Concluído
TX_14103,2025-01-01 16:42:00,CLI_551,Notebook,Eletrônicos,2651.72,1,Curitiba/PR/Brasil,Pix,Concluído
TX_14104,2025-12-08 13:03:00,CLI_909,Cadeira Escritório,Casa,3243.66,3,Salvador/BA/Brasil,Cartão de Crédito,Cancelado
TX_14105,2025-09-01 08:29:00,CLI_214,Fone de Ouvido,Eletrônicos,3394.03,3,Bom Despacho/MG/Brasil,Cartão de Crédito,Concluído
TX_14106,2025-08-21 07:34:00,CLI_131,Camiseta,Vestuário,2333.45,5,Salvador/BA/Brasil,Pix,Concluído
TX_14107,2025-08-28 15:20:00,CLI_970,Biografia,Livros,2906.16,2,Rio de Janeiro/RJ/Brasil,Cartão de Crédito,Concluído
TX_14108,2025-02-13 10:37:00,CLI_629,Biografia,Livros,1199.5,2,Bom Despacho/MG/Brasil,Boleto Bancário,Cancelado
TX_14109,2025-03-18 14:03:00,CLI_657,Luminária,Casa,2510.89,1,Salvador/BA/Brasil,Boleto Bancário,Concluído
TX_14110,2025-01-15 19:08:00,CLI_770,Biografia,Livros,2204.47,1,Rio de Janeiro/RJ/Brasil,Cartão de Crédito,Concluído
TX_14111,2025-05-06 20:21:00,CLI_758,Cafeteira,Casa,2453.37,5,Rio de Janeiro/RJ/Brasil,Pix,Concluído
TX_14112,2025-02-08 11:11:00,CLI_930,Calça Jeans,Vestuário,2178.07,5,Rio de Janeiro/RJ/Brasil,Boleto Bancário,Cancelado
TX_14113,2025-07-04 15:12:00,CLI_908,Luminária,Casa,2179.38,2,Curitiba/PR/Brasil,Cartão de Crédito,Concluído
TX_14114,2025-01-02 20:39:00,CLI_389,Smartphone,Eletrônicos,3287.27,4,Curitiba/PR/Brasil,Pix,Concluído
TX_14115,2025-04-24 00:49:00,CLI_148,Tênis,Vestuário,1561.3,5,São Paulo/SP/Brasil,Pix,Cancelado
TX_14116,2025-06-24 23:18:00,CLI_654,Cadeira Escritório,Casa,1193.22,1,Bom Despacho/MG/Brasil,Boleto Bancário,Concluído
TX_14117,2025-01-23 10:07:00,CLI_733,Fone de Ouvido,Eletrônicos,2903.53,4,Bom Despacho/MG/Brasil,Cartão de Crédito,Concluído
TX_14118,2025-05-30 23:06:00,CLI_502,História,Livros,460.86,2,Salvador/BA/Brasil,Boleto Bancário,Cancelado
TX_14119,2025-03-05 09:49:00,CLI_885,Luminária,Casa,2418.95,1,Salvador/BA/Brasil,Pix,Concluído
TX_14120,2025-12-16 23:30:00,CLI_365,Cafeteira,Casa,3174.73,2,São Paulo/SP/Brasil,Cartão de Crédito,Cancelado
TX_14121,2025-06-01 20:38:00,CLI_990,Desenvolvimento Pessoal,Livros,716.15,5,Rio de Janeiro/RJ/Brasil,Pix,Concluído
TX_14122,2025-05-12 01:08:00,CLI_552,História,Livros,1952.36,5,Curitiba/PR/Brasil,Boleto Bancário,Cancelado
TX_14123,2025-05-19 21:10:00,CLI_177,Cafeteira,Casa,3352.71,1,Curitiba/PR/Brasil,Cartão de Crédito,Cancelado
TX_14124,2025-08-08 09:53:00,CLI_193,História,Livros,1771.45,5,Rio de Janeiro/RJ/Brasil,Cartão de Crédito,Em Processamento
TX_14125,2025-08-21 16:08:00,CLI_153,Desenvolvimento Pessoal,Livros,267.59,2,Rio de Janeiro/RJ/Brasil,Pix,Em Processamento
TX_14126,2026-01-15 09:04:00,CLI_464,Camiseta,Vestuário,2370.12,5,Curitiba/PR/Brasil,Boleto Bancário,Concluído
TX_14127,2025-10-07 00:29:00,CLI_376,Jogo de Cama,Casa,1549.78,3,Curitiba/PR/Brasil,Cartão de Crédito,Cancelado
TX_14128,2025-02-04 17:22:00,CLI_958,Jaqueta,Vestuário,1572.99,4,Bom Despacho/MG/Brasil,Boleto Bancário,Concluído
TX_14129,2026-02-01 07:31:00,CLI_784,Biografia,Livros,3392.06,2,São Paulo/SP/Brasil,Pix,Concluído
TX_14130,2025-03-14 12:25:00,CLI_498,Cadeira Escritório,Casa,3120.23,2,São Paulo/SP/Brasil,Cartão de Crédito,Concluído
TX_14131,2025-10-10 11:39:00,CLI_568,Camiseta,Vestuário,2314.17,5,São Paulo/SP/Brasil,Pix,Em Processamento
TX_14132,2025-03-14 10:24:00,CLI_285,Fone de Ouvido,Eletrônicos,1201.36,4,Rio de Janeiro/RJ/Brasil,Pix,Concluído
TX_14133,2025-09-09 18:21:00,CLI_317,Smartphone,Eletrônicos,1434.32,5,Bom Despacho/MG/Brasil,Cartão de Crédito,Concluído
TX_14134,2025-02-07 08:23:00,CLI_941,Notebook,Eletrônicos,2234.5,3,Bom Despacho/MG/Brasil,Boleto Bancário,Concluído
TX_14135,2026-01-10 18:17:00,CLI_373,Tênis,Vestuário,2163.62,5,Curitiba/PR/Brasil,Pix,Cancelado
TX_14136,2025-08-07 01:30:00,CLI_125,Smartwatch,Eletrônicos,1753.04,4,São Paulo/SP/Brasil,Cartão de Crédito,Concluído
TX_14137,2025-01-17 01:44:00,CLI_902,Calça Jeans,Vestuário,983.06,5,Curitiba/PR/Brasil,Cartão de Crédito,Cancelado
TX_14138,2025-07-18 19:06:00,CLI_548,Cafeteira,Casa,302.33,4,Rio de Janeiro/RJ/Brasil,Cartão de Crédito,Em Processamento
TX_14139,2025-02-10 12:12:00,CLI_589,História,Livros,2481.94,3,Rio de Janeiro/RJ/Brasil,Cartão de Crédito,Concluído
TX_14140,2025-08-12 14:38:00,CLI_224,Cafeteira,Casa,1839.48,3,Salvador/BA/Brasil,Boleto Bancário,Cancelado
TX_14141,2025-03-29 16:41:00,CLI_618,Luminária,Casa,1274.99,2,Bom Despacho/MG/Brasil,Boleto Bancário,Concluído
TX_14142,2025-09-15 17:05:00,CLI_581,Luminária,Casa,618.33,2,Salvador/BA/Brasil,Boleto Bancário,Concluído
TX_14143,2025-03-11 06:59:00,CLI_830,Camiseta,Vestuário,777.53,5,Rio de Janeiro/RJ/Brasil,Boleto Bancário,Concluído
TX_14144,2025-01-13 00:29:00,CLI_572,Fone de Ouvido,Eletrônicos,2449.89,1,Salvador/BA/Brasil,Cartão de Crédito,Concluído
TX_14145,2025-09-19 08:49:00,CLI_899,Fone de Ouvido,Eletrônicos,1238.61,4,Bom Despacho/MG/Brasil,Pix,Concluído
TX_14146,2026-01-11 15:51:00,CLI_765,Cafeteira,Casa,2439.62,4,São Paulo/SP/Brasil,Cartão de Crédito,Concluído
TX_14147,2025-10-29 07:52:00,CLI_690,Cadeira Escritório,Casa,309.55,1,Salvador/BA/Brasil,Pix,Concluído
TX_14148,2025-09-09 22:46:00,CLI_560,Cadeira Escritório,Casa,2635.15,4,Curitiba/PR/Brasil,Pix,Cancelado
TX_14149,2025-05-09 16:24:00,CLI_503,História,Livros,178.34,3,Curitiba/PR/Brasil,Cartão de Crédito,Concluído
TX_14150,2025-08-12 10:36:00,CLI_437,Jogo de Cama,Casa,3083.42,2,Salvador/BA/Brasil,Cartão de Crédito,Cancelado
TX_14151,2025-10-21 21:16:00,CLI_650,Luminária,Casa,1825.14,5,Bom Despacho/MG/Brasil,Cartão de Crédito,Em Processamento
TX_14152,2025-07-04 10:12:00,CLI_858,Biografia,Livros,976.42,2,Curitiba/PR/Brasil,Cartão de Crédito,Cancelado
TX_14153,2025-08-01 20:43:00,CLI_274,Fone de Ouvido,Eletrônicos,2088.27,5,São Paulo/SP/Brasil,Pix,Concluído
TX_14154,2025-02-01 12:58:00,CLI_919,Desenvolvimento Pessoal,Livros,1684.15,3,São Paulo/SP/Brasil,Pix,Cancelado
TX_14155,2025-03-25 02:59:00,CLI_363,Camiseta,Vestuário,876.39,2,Rio de Janeiro/RJ/Brasil,Cartão de Crédito,Em Processamento
TX_14156,2025-01-11 02:41:00,CLI_211,Calça Jeans,Vestuário,3227.4,5,Rio de Janeiro/RJ/Brasil,Pix,Concluído
TX_14157,2025-09-14 18:09:00,CLI_431,Desenvolvimento Pessoal,Livros,1210.84,4,Bom Despacho/MG/Brasil,Pix,Concluído
TX_14158,2025-03-20 19:26:00,CLI_502,Tênis,Vestuário,378.63,1,Bom Despacho/MG/Brasil,Pix,Concluído
TX_14159,2025-06-27 15:31:00,CLI_824,História,Livros,3338.64,2,Bom Despacho/MG/Brasil,Pix,Concluído
TX_14160,2025-08-22 03:02:00,CLI_772,Biografia,Livros,856.75,3,Salvador/BA/Brasil,Pix,Cancelado
TX_14161,2025-10-05 19:37:00,CLI_463,Biografia,Livros,2491.41,5,Rio de Janeiro/RJ/Brasil,Pix,Concluído
TX_14162,2025-03-14 11:09:00,CLI_798,Smartwatch,Eletrônicos,1363.95,1,Salvador/BA/Brasil,Boleto Bancário,Concluído
TX_14163,2025-05-16 14:29:00,CLI_717,Smartwatch,Eletrônicos,1083.22,4,Rio de Janeiro/RJ/Brasil,Pix,Concluído
TX_14164,2025-05-26 04:41:00,CLI_541,Jaqueta,Vestuário,1845.36,3,Salvador/BA/Brasil,Cartão de Crédito,Cancelado
TX_14165,2025-09-04 19:16:00,CLI_844,Biografia,Livros,2937.02,1,Curitiba/PR/Brasil,Cartão de Crédito,Concluído
TX_14166,2025-11-07 01:59:00,CLI_795,Jaqueta,Vestuário,2756.39,5,São Paulo/SP/Brasil,Pix,Concluído
TX_14167,2025-12-05 15:30:00,CLI_262,Notebook,Eletrônicos,366.49,2,Salvador/BA/Brasil,Cartão de Crédito,Concluído
TX_14168,2025-06-30 13:03:00,CLI_275,Smartphone,Eletrônicos,2894.52,3,Bom Despacho/MG/Brasil,Pix,Concluído
TX_14169,2025-07-20 11:29:00,CLI_535,Camiseta,Vestuário,1437.0,2,São Paulo/SP/Brasil,Boleto Bancário,Concluído
TX_14170,2025-03-21 09:49:00,CLI_293,Luminária,Casa,2565.3,4,Salvador/BA/Brasil,Cartão de Crédito,Concluído
TX_14171,2025-01-08 08:01:00,CLI_154,Camiseta,Vestuário,2256.57,3,Bom Despacho/MG/Brasil,Pix,Em Processamento
TX_14172,2025-03-23 02:05:00,CLI_244,Luminária,Casa,3096.25,5,Bom Despacho/MG/Brasil,Pix,Concluído
TX_14173,2025-05-24 12:35:00,CLI_114,Luminária,Casa,2663.48,5,Curitiba/PR/Brasil,Cartão de Crédito,Concluído
TX_14174,2025-11-24 19:17:00,CLI_722,Camiseta,Vestuário,2772.39,1,Salvador/BA/Brasil,Cartão de Crédito,Concluído
TX_14175,2025-04-14 02:56:00,CLI_124,Luminária,Casa,3176.94,1,Bom Despacho/MG/Brasil,Pix,Cancelado
TX_14176,2025-12-13 11:12:00,CLI_819,Notebook,Eletrônicos,2417.77,2,Rio de Janeiro/RJ/Brasil,Pix,Cancelado
TX_14177,2025-07-01 11:42:00,CLI_363,Jaqueta,Vestuário,1551.31,1,Curitiba/PR/Brasil,Pix,Concluído
TX_14178,2025-04-26 11:31:00,CLI_428,Desenvolvimento Pessoal,Livros,1095.3,1,Curitiba/PR/Brasil,Pix,Cancelado
TX_14179,2025-07-28 14:36:00,CLI_208,Notebook,Eletrônicos,1198.46,2,Curitiba/PR/Brasil,Boleto Bancário,Concluído
TX_14180,2025-08-25 01:44:00,CLI_952,Tênis,Vestuário,498.84,1,Rio de Janeiro/RJ/Brasil,Pix,Concluído
TX_14181,2025-04-24 21:43:00,CLI_355,Notebook,Eletrônicos,1999.34,4,Bom Despacho/MG/Brasil,Cartão de Crédito,Cancelado
TX_14182,2025-08-17 16:09:00,CLI_293,Jogo de Cama,Casa,765.04,5,Bom Despacho/MG/Brasil,Cartão de Crédito,Concluído
TX_14183,2025-02-27 23:30:00,CLI_714,Notebook,Eletrônicos,397.1,4,Curitiba/PR/Brasil,Pix,Em Processamento
TX_14184,2025-08-25 22:47:00,CLI_189,Tênis,Vestuário,3322.04,2,Bom Despacho/MG/Brasil,Cartão de Crédito,Concluído
TX_14185,2025-01-18 13:21:00,CLI_976,Biografia,Livros,2292.25,3,Rio de Janeiro/RJ/Brasil,Boleto Bancário,Concluído
TX_14186,2025-05-09 06:28:00,CLI_503,Smartphone,Eletrônicos,890.38,2,Bom Despacho/MG/Brasil,Pix,Concluído
TX_14187,2025-03-24 19:13:00,CLI_927,Cafeteira,Casa,2783.42,5,Rio de Janeiro/RJ/Brasil,Cartão de Crédito,Concluído
TX_14188,2025-11-20 01:55:00,CLI_574,Calça Jeans,Vestuário,2207.94,2,São Paulo/SP/Brasil,Pix,Cancelado
TX_14189,2025-08-25 17:21:00,CLI_148,Tênis,Vestuário,2967.42,5,Rio de Janeiro/RJ/Brasil,Pix,Em Processamento
TX_14190,2025-01-29 20:32:00,CLI_323,Cadeira Escritório,Casa,671.42,3,São Paulo/SP/Brasil,Cartão de Crédito,Concluído
TX_14191,2025-01-23 02:02:00,CLI_781,Smartphone,Eletrônicos,1489.14,2,Salvador/BA/Brasil,Pix,Em Processamento
TX_14192,2025-06-19 09:40:00,CLI_512,História,Livros,1303.32,4,Curitiba/PR/Brasil,Cartão de Crédito,Cancelado
TX_14193,2025-12-01 00:56:00,CLI_347,Tênis,Vestuário,1023.19,4,Curitiba/PR/Brasil,Boleto Bancário,Concluído
TX_14194,2025-07-13 12:04:00,CLI_764,Calça Jeans,Vestuário,2764.5,4,Bom Despacho/MG/Brasil,Boleto Bancário,Concluído
TX_14195,2026-01-19 14:01:00,CLI_852,Fone de Ouvido,Eletrônicos,714.43,1,Bom Despacho/MG/Brasil,Pix,Concluído
TX_14196,2026-01-23 02:19:00,CLI_937,Biografia,Livros,3462.83,3,Bom Despacho/MG/Brasil,Cartão de Crédito,Cancelado
TX_14197,2025-12-27 19:19:00,CLI_469,História,Livros,3197.22,4,Bom Despacho/MG/Brasil,Pix,Cancelado
TX_14198,2025-12-28 07:28:00,CLI_558,Smartphone,Eletrônicos,2607.68,2,Rio de Janeiro/RJ/Brasil,Cartão de Crédito,Em Processamento
TX_14199,2025-05-12 21:45:00,CLI_243,Desenvolvimento Pessoal,Livros,322.64,5,Salvador/BA/Brasil,Cartão de Crédito,Concluído
TX_14200,2026-01-10 09:03:00,CLI_446,Tênis,Vestuário,1245.65,5,São Paulo/SP/Brasil,Boleto Bancário,Concluído
TX_14201,2025-04-28 16:32:00,CLI_506,Jaqueta,Vestuário,1455.05,3,Rio de Janeiro/RJ/Brasil,Cartão de Crédito,Concluído
TX_14202,2025-04-20 01:57:00,CLI_289,Jaqueta,Vestuário,2171.61,4,Bom Despacho/MG/Brasil,Cartão de Crédito,Em Processamento
TX_14203,2025-03-21 06:06:00,CLI_704,Notebook,Eletrônicos,1965.08,1,Curitiba/PR/Brasil,Cartão de Crédito,Em Processamento
TX_14204,2025-06-09 22:54:00,CLI_294,Tênis,Vestuário,2127.3,2,Rio de Janeiro/RJ/Brasil,Boleto Bancário,Concluído
TX_14205,2025-10-18 13:27:00,CLI_236,Smartphone,Eletrônicos,1956.12,1,Bom Despacho/MG/Brasil,Pix,Cancelado
TX_14206,2025-01-28 18:37:00,CLI_579,Jogo de Cama,Casa,1891.66,2,Salvador/BA/Brasil,Boleto Bancário,Concluído
TX_14207,2025-12-18 21:17:00,CLI_124,História,Livros,190.29,4,Curitiba/PR/Brasil,Boleto Bancário,Concluído
TX_14208,2025-08-09 13:23:00,CLI_486,Cafeteira,Casa,2132.37,5,Curitiba/PR/Brasil,Cartão de Crédito,Cancelado
TX_14209,2025-09-23 13:56:00,CLI_617,Fone de Ouvido,Eletrônicos,568.31,3,Rio de Janeiro/RJ/Brasil,Boleto Bancário,Concluído
TX_14210,2025-04-03 11:24:00,CLI_906,Cafeteira,Casa,2221.74,2,Salvador/BA/Brasil,Boleto Bancário,Cancelado
TX_14211,2025-10-17 04:59:00,CLI_315,Jaqueta,Vestuário,2828.07,2,Curitiba/PR/Brasil,Pix,Cancelado
TX_14212,2025-11-20 10:22:00,CLI_835,Jaqueta,Vestuário,2900.26,4,Rio de Janeiro/RJ/Brasil,Boleto Bancário,Em Processamento
TX_14213,2026-01-08 23:16:00,CLI_376,Jaqueta,Vestuário,1644.32,2,São Paulo/SP/Brasil,Boleto Bancário,Concluído
TX_14214,2025-08-02 13:34:00,CLI_207,Cafeteira,Casa,175.22,1,Curitiba/PR/Brasil,Pix,Em Processamento
TX_14215,2025-01-25 12:55:00,CLI_990,Ficção Científica,Livros,1803.51,2,Salvador/BA/Brasil,Boleto Bancário,Em Processamento
TX_14216,2025-03-28 09:16:00,CLI_356,História,Livros,2120.19,3,Salvador/BA/Brasil,Cartão de Crédito,
TX_14217,2025-08-07 21:13:00,CLI_824,Luminária,Casa,1144.17,1,Salvador/BA/Brasil,Cartão de Crédito,Concluído
TX_14218,2025-10-04 07:46:00,CLI_812,Luminária,Casa,2300.37,1,Salvador/BA/Brasil,Boleto Bancário,Concluído
TX_14219,2025-10-24 06:30:00,CLI_374,Smartphone,Eletrônicos,1649.17,5,Curitiba/PR/Brasil,Cartão de Crédito,Concluído
TX_14220,2025-11-05 08:27:00,CLI_746,Jaqueta,Vestuário,,5,Curitiba/PR/Brasil,Cartão de Crédito,Concluído
TX_14221,2025-02-09 13:09:00,CLI_320,Calça Jeans,Vestuário,348.86,3,São Paulo/SP/Brasil,Cartão de Crédito,Concluído
TX_14222,2025-10-24 03:23:00,CLI_472,Notebook,Eletrônicos,544.38,1,Rio de Janeiro/RJ/Brasil,Cartão de Crédito,Concluído
TX_14223,2025-05-30 00:09:00,CLI_707,Biografia,Livros,1943.3,1,São Paulo/SP/Brasil,Cartão de Crédito,Cancelado
TX_14224,2025-03-04 18:44:00,CLI_709,Notebook,Eletrônicos,3204.26,4,Rio de Janeiro/RJ/Brasil,Cartão de Crédito,Concluído
TX_14225,2025-06-28 20:37:00,CLI_118,Notebook,Eletrônicos,3143.02,2,Salvador/BA/Brasil,Cartão de Crédito,Cancelado
TX_14226,2025-10-22 23:48:00,CLI_805,Desenvolvimento Pessoal,Livros,62.89,1,Curitiba/PR/Brasil,Boleto Bancário,Concluído
TX_14227,2025-06-25 07:15:00,CLI_940,Smartwatch,Eletrônicos,2655.8,3,Curitiba/PR/Brasil,Pix,Em Processamento
TX_14228,2025-09-19 16:25:00,CLI_216,Tênis,Vestuário,1313.92,1,Rio de Janeiro/RJ/Brasil,Pix,Concluído
TX_14229,2025-11-13 03:56:00,CLI_216,Desenvolvimento Pessoal,Livros,1636.21,1,Curitiba/PR/Brasil,Boleto Bancário,Em Processamento
TX_14230,2025-09-05 04:48:00,CLI_645,Ficção Científica,Livros,3386.26,1,Rio de Janeiro/RJ/Brasil,Pix,Concluído
TX_14231,2025-01-05 18:36:00,CLI_844,Notebook,Eletrônicos,719.34,5,Salvador/BA/Brasil,Boleto Bancário,Concluído
TX_14232,2025-02-27 12:59:00,CLI_782,Calça Jeans,Vestuário,2389.2,1,Rio de Janeiro/RJ/Brasil,Pix,Em Processamento
TX_14233,2025-12-24 02:35:00,CLI_659,Calça Jeans,Vestuário,828.53,3,Bom Despacho/MG/Brasil,Cartão de Crédito,Cancelado
TX_14234,2025-03-17 22:22:00,CLI_989,Biografia,Livros,164.61,2,Bom Despacho/MG/Brasil,Cartão de Crédito,Concluído
TX_14235,2025-08-28 19:15:00,CLI_454,Smartphone,Eletrônicos,2543.53,2,Curitiba/PR/Brasil,Boleto Bancário,Concluído
TX_14236,2025-12-14 00:54:00,CLI_203,Jaqueta,Vestuário,2626.31,1,Curitiba/PR/Brasil,Pix,Cancelado
TX_14237,2025-08-28 18:19:00,CLI_521,Smartphone,Eletrônicos,2582.94,5,Curitiba/PR/Brasil,Cartão de Crédito,Concluído
TX_14238,2025-04-07 17:18:00,CLI_506,Luminária,Casa,3063.23,2,Bom Despacho/MG/Brasil,Pix,Cancelado
TX_14239,2025-03-29 01:23:00,CLI_729,Camiseta,Vestuário,2013.2,1,Rio de Janeiro/RJ/Brasil,Pix,Concluído
TX_14240,2025-12-11 00:24:00,CLI_469,Camiseta,Vestuário,2774.91,1,Bom Despacho/MG/Brasil,Boleto Bancário,Em Processamento
TX_14241,2025-12-07 11:41:00,CLI_128,Luminária,Casa,1574.05,3,São Paulo/SP/Brasil,Cartão de Crédito,Em Processamento
TX_14242,2025-10-08 09:56:00,CLI_522,Cafeteira,Casa,3252.87,4,Rio de Janeiro/RJ/Brasil,Cartão de Crédito,Concluído
TX_14243,2025-08-20 20:49:00,CLI_603,Desenvolvimento Pessoal,Livros,187.55,1,Curitiba/PR/Brasil,Boleto Bancário,Concluído
TX_14244,2025-05-20 22:31:00,CLI_401,Smartwatch,Eletrônicos,2910.26,3,Curitiba/PR/Brasil,Boleto Bancário,Concluído
TX_14245,2025-02-13 16:58:00,CLI_267,Cafeteira,Casa,1554.9,4,São Paulo/SP/Brasil,Boleto Bancário,Em Processamento
TX_14246,2025-10-08 06:23:00,CLI_678,Biografia,Livros,104.91,5,Rio de Janeiro/RJ/Brasil,Cartão de Crédito,Concluído
TX_14247,2025-02-16 05:22:00,CLI_164,Fone de Ouvido,Eletrônicos,2895.06,3,São Paulo/SP/Brasil,Cartão de Crédito,Cancelado
TX_14248,2025-01-16 02:29:00,CLI_732,Jaqueta,Vestuário,2093.93,3,Salvador/BA/Brasil,Cartão de Crédito,Concluído
TX_14249,2025-06-11 02:11:00,CLI_167,Luminária,Casa,2365.31,3,Curitiba/PR/Brasil,Pix,Concluído
TX_14250,2025-12-09 13:24:00,CLI_378,Smartwatch,Eletrônicos,1899.58,4,São Paulo/SP/Brasil,Boleto Bancário,Cancelado
TX_14251,2025-03-25 08:41:00,CLI_949,Biografia,Livros,210.2,5,São Paulo/SP/Brasil,Cartão de Crédito,Concluído
TX_14252,2025-10-05 22:26:00,CLI_633,Luminária,Casa,434.84,1,Rio de Janeiro/RJ/Brasil,Cartão de Crédito,Concluído
TX_14253,2025-09-13 23:43:00,CLI_511,Cafeteira,Casa,1634.56,4,Curitiba/PR/Brasil,Cartão de Crédito,Em Processamento
TX_14254,2025-10-17 13:37:00,CLI_855,Jogo de Cama,Casa,116.02,4,Bom Despacho/MG/Brasil,Cartão de Crédito,Em Processamento
TX_14255,2025-08-05 10:27:00,CLI_439,Camiseta,Vestuário,276.73,4,Curitiba/PR/Brasil,Pix,Concluído
TX_14256,2025-10-12 00:08:00,CLI_357,Calça Jeans,Vestuário,2468.33,3,Rio de Janeiro/RJ/Brasil,Cartão de Crédito,Concluído
TX_14257,2025-08-24 22:25:00,CLI_239,Biografia,Livros,1139.24,2,Curitiba/PR/Brasil,Boleto Bancário,Concluído
TX_14258,2025-11-26 23:32:00,CLI_286,Fone de Ouvido,Eletrônicos,1869.42,5,Salvador/BA/Brasil,Boleto Bancário,Em Processamento
TX_14259,2025-12-29 17:08:00,CLI_610,Biografia,Livros,623.66,4,Bom Despacho/MG/Brasil,Cartão de Crédito,Em Processamento
TX_14260,2025-12-25 16:07:00,CLI_800,Calça Jeans,Vestuário,2200.15,2,Bom Despacho/MG/Brasil,Boleto Bancário,Concluído
TX_14261,2025-09-15 13:41:00,CLI_781,Notebook,Eletrônicos,1491.55,5,Salvador/BA/Brasil,Boleto Bancário,Concluído
TX_14262,2025-05-27 09:05:00,CLI_238,Desenvolvimento Pessoal,Livros,2375.49,2,Salvador/BA/Brasil,Boleto Bancário,Em Processamento
TX_14263,2025-12-13 11:50:00,CLI_234,Tênis,Vestuário,2489.74,5,Curitiba/PR/Brasil,Cartão de Crédito,Em Processamento
TX_14264,2025-03-27 05:18:00,CLI_584,História,Livros,882.52,2,Curitiba/PR/Brasil,Cartão de Crédito,Concluído
TX_14265,2025-01-29 03:33:00,CLI_520,Smartwatch,Eletrônicos,1493.08,2,Rio de Janeiro/RJ/Brasil,Pix,Concluído
TX_14266,2025-02-17 12:46:00,CLI_507,Fone de Ouvido,Eletrônicos,2418.65,3,Rio de Janeiro/RJ/Brasil,Boleto Bancário,Concluído
TX_14267,2025-07-25 05:50:00,CLI_918,Jaqueta,Vestuário,3042.57,5,Rio de Janeiro/RJ/Brasil,Pix,Concluído
TX_14268,2025-08-24 01:05:00,CLI_390,Calça Jeans,Vestuário,976.64,3,Bom Despacho/MG/Brasil,Pix,Concluído
TX_14269,2025-05-29 05:01:00,CLI_186,Jogo de Cama,Casa,285.07,4,Bom Despacho/MG/Brasil,Pix,Concluído
TX_14270,2025-06-20 16:19:00,CLI_756,Cafeteira,Casa,1021.53,1,Salvador/BA/Brasil,Boleto Bancário,Em Processamento
TX_14271,2025-07-13 08:06:00,CLI_617,Jogo de Cama,Casa,397.17,3,Bom Despacho/MG/Brasil,Cartão de Crédito,Concluído
TX_14272,2025-05-20 16:45:00,CLI_757,Smartphone,Eletrônicos,2142.42,3,Curitiba/PR/Brasil,Boleto Bancário,Cancelado
TX_14273,2025-11-02 17:06:00,CLI_552,Jogo de Cama,Casa,619.75,4,Salvador/BA/Brasil,Boleto Bancário,Concluído
TX_14274,2025-11-13 18:01:00,CLI_607,Jogo de Cama,Casa,1320.68,5,Salvador/BA/Brasil,Cartão de Crédito,Concluído
TX_14275,2025-08-26 10:47:00,CLI_928,Camiseta,Vestuário,430.51,3,São Paulo/SP/Brasil,Boleto Bancário,Concluído
TX_14276,2025-10-19 06:03:00,CLI_803,Tênis,Vestuário,3143.43,1,Curitiba/PR/Brasil,Pix,Cancelado
TX_14277,2026-01-14 06:42:00,CLI_178,Tênis,Vestuário,104.6,5,Bom Despacho/MG/Brasil,Cartão de Crédito,Concluído
TX_14278,2025-05-03 16:19:00,CLI_647,Cadeira Escritório,Casa,2245.23,4,Bom Despacho/MG/Brasil,Cartão de Crédito,Concluído
TX_14279,2025-05-18 21:34:00,CLI_525,Camiseta,Vestuário,61.16,4,São Paulo/SP/Brasil,Boleto Bancário,Em Processamento
TX_14280,2025-07-13 20:18:00,CLI_741,Ficção Científica,Livros,1455.07,4,São Paulo/SP/Brasil,Pix,Em Processamento
TX_14281,2025-09-23 16:45:00,CLI_712,Notebook,Eletrônicos,3345.8,1,São Paulo/SP/Brasil,Pix,Concluído
TX_14282,2026-01-31 09:05:00,CLI_548,Smartwatch,Eletrônicos,306.08,5,São Paulo/SP/Brasil,Cartão de Crédito,Concluído
TX_14283,2025-01-02 04:44:00,CLI_844,Notebook,Eletrônicos,3468.42,1,Bom Despacho/MG/Brasil,Pix,Concluído
TX_14284,2025-04-06 16:24:00,CLI_269,Fone de Ouvido,Eletrônicos,1959.36,5,São Paulo/SP/Brasil,Boleto Bancário,Cancelado
TX_14285,2025-03-30 02:03:00,CLI_667,Calça Jeans,Vestuário,1378.02,1,São Paulo/SP/Brasil,Pix,Em Processamento
TX_14286,2025-01-19 15:46:00,CLI_733,Jogo de Cama,Casa,1391.68,4,Bom Despacho/MG/Brasil,Boleto Bancário,Em Processamento
TX_14287,2025-01-17 02:06:00,CLI_762,Desenvolvimento Pessoal,Livros,250.06,1,Rio de Janeiro/RJ/Brasil,Pix,Concluído
TX_14288,2025-01-08 21:54:00,CLI_587,Tênis,Vestuário,791.59,4,Curitiba/PR/Brasil,Cartão de Crédito,Concluído
TX_14289,2025-10-24 12:34:00,CLI_273,Ficção Científica,Livros,1823.08,3,Bom Despacho/MG/Brasil,Boleto Bancário,Em Processamento
TX_14290,2025-12-04 16:03:00,CLI_814,Cadeira Escritório,Casa,1537.31,4,Bom Despacho/MG/Brasil,Boleto Bancário,Em Processamento
TX_14291,2025-06-24 10:43:00,CLI_610,Calça Jeans,Vestuário,1680.34,4,São Paulo/SP/Brasil,Boleto Bancário,Em Processamento
TX_14292,2025-08-11 00:32:00,CLI_580,Jaqueta,Vestuário,1101.91,1,Curitiba/PR/Brasil,Cartão de Crédito,Concluído
TX_14293,2025-02-22 10:48:00,CLI_104,Tênis,Vestuário,2705.0,2,Salvador/BA/Brasil,Boleto Bancário,
TX_14294,2026-01-15 00:52:00,CLI_995,Tênis,Vestuário,479.79,3,Curitiba/PR/Brasil,Boleto Bancário,Cancelado
TX_14295,2025-11-13 14:18:00,CLI_316,História,Livros,1259.93,4,São Paulo/SP/Brasil,Pix,Concluído
TX_14296,2025-03-29 02:58:00,CLI_158,Desenvolvimento Pessoal,Livros,323.78,3,São Paulo/SP/Brasil,Cartão de Crédito,Cancelado
TX_14297,2025-06-09 22:22:00,CLI_392,Calça Jeans,Vestuário,3203.34,5,Curitiba/PR/Brasil,Cartão de Crédito,Concluído
TX_14298,2025-05-31 02:04:00,CLI_613,Cafeteira,Casa,1231.4,5,Salvador/BA/Brasil,Boleto Bancário,Concluído
TX_14299,2025-05-04 11:28:00,CLI_261,Cadeira Escritório,Casa,2806.84,2,Bom Despacho/MG/Brasil,Pix,Cancelado
TX_14300,2026-01-06 14:14:00,CLI_798,Luminária,Casa,3243.98,3,Curitiba/PR/Brasil,Pix,Concluído
TX_14301,2026-01-19 12:02:00,CLI_844,Desenvolvimento Pessoal,Livros,3222.89,2,Salvador/BA/Brasil,Pix,Concluído
TX_14302,2026-01-17 18:48:00,CLI_949,Calça Jeans,Vestuário,1027.18,4,Bom Despacho/MG/Brasil,Boleto Bancário,Concluído
TX_14303,2026-01-31 05:47:00,CLI_972,Smartwatch,Eletrônicos,564.93,4,Bom Despacho/MG/Brasil,Boleto Bancário,Concluído
TX_14304,2025-03-24 07:08:00,CLI_905,Cadeira Escritório,Casa,,4,Bom Despacho/MG/Brasil,Pix,Em Processamento
TX_14305,2025-04-25 22:41:00,CLI_629,Notebook,Eletrônicos,1197.88,1,São Paulo/SP/Brasil,Pix,Concluído
TX_14306,2025-06-25 19:28:00,CLI_831,Fone de Ouvido,Eletrônicos,301.29,2,São Paulo/SP/Brasil,Pix,Concluído
TX_14307,2025-06-13 07:33:00,CLI_957,Desenvolvimento Pessoal,Livros,2436.13,3,Curitiba/PR/Brasil,Cartão de Crédito,Concluído
TX_14308,2025-06-20 05:29:00,CLI_729,História,Livros,,1,Rio de Janeiro/RJ/Brasil,Pix,Concluído
TX_14309,2025-05-19 02:01:00,CLI_623,Biografia,Livros,1249.27,1,São Paulo/SP/Brasil,Pix,Concluído
TX_14310,2025-02-09 02:21:00,CLI_639,Tênis,Vestuário,2101.88,5,Curitiba/PR/Brasil,Pix,Concluído
TX_14311,2025-04-02 22:12:00,CLI_491,Biografia,Livros,3158.24,5,Salvador/BA/Brasil,Cartão de Crédito,Concluído
TX_14312,2025-12-31 20:55:00,CLI_167,Fone de Ouvido,Eletrônicos,1691.16,4,São Paulo/SP/Brasil,Cartão de Crédito,Concluído
TX_14313,2025-09-16 12:45:00,CLI_398,Calça Jeans,Vestuário,995.58,5,São Paulo/SP/Brasil,Boleto Bancário,Concluído
TX_14314,2025-01-28 22:41:00,CLI_285,Jaqueta,Vestuário,2374.29,5,Curitiba/PR/Brasil,Cartão de Crédito,Concluído
TX_14315,2025-10-04 01:38:00,CLI_848,Jaqueta,Vestuário,566.84,1,Salvador/BA/Brasil,Cartão de Crédito,Em Processamento
TX_14316,2026-01-07 14:06:00,CLI_610,Jaqueta,Vestuário,3289.31,4,Curitiba/PR/Brasil,Pix,Concluído
TX_14317,2025-07-13 10:37:00,CLI_465,Desenvolvimento Pessoal,Livros,1229.85,3,Curitiba/PR/Brasil,Boleto Bancário,Concluído
TX_14318,2025-02-26 20:56:00,CLI_438,Tênis,Vestuário,2823.64,3,Salvador/BA/Brasil,Cartão de Crédito,Concluído
TX_14319,2025-03-13 13:01:00,CLI_739,Smartphone,Eletrônicos,727.05,3,São Paulo/SP/Brasil,Pix,Concluído
TX_14320,2025-11-13 04:37:00,CLI_296,Camiseta,Vestuário,2423.65,2,Salvador/BA/Brasil,Boleto Bancário,Concluído
TX_14321,2025-06-09 22:21:00,CLI_632,Tênis,Vestuário,1112.43,1,São Paulo/SP/Brasil,Pix,Concluído
TX_14322,2025-01-09 14:45:00,CLI_241,Jaqueta,Vestuário,2803.98,4,Bom Despacho/MG/Brasil,Cartão de Crédito,Cancelado
TX_14323,2025-06-13 21:34:00,CLI_226,Desenvolvimento Pessoal,Livros,2616.03,3,São Paulo/SP/Brasil,Pix,Em Processamento
TX_14324,2025-02-24 14:20:00,CLI_392,História,Livros,1975.27,2,Rio de Janeiro/RJ/Brasil,Boleto Bancário,Concluído
TX_14325,2025-08-21 08:30:00,CLI_155,Jaqueta,Vestuário,622.31,3,Salvador/BA/Brasil,Cartão de Crédito,Cancelado
TX_14326,2025-06-26 05:43:00,CLI_782,Cadeira Escritório,Casa,132.02,2,Rio de Janeiro/RJ/Brasil,Boleto Bancário,Concluído
TX_14327,2026-01-29 03:48:00,CLI_264,Jaqueta,Vestuário,1319.22,2,Curitiba/PR/Brasil,Boleto Bancário,Concluído
TX_14328,2025-07-03 02:49:00,CLI_493,Fone de Ouvido,Eletrônicos,2380.26,3,Salvador/BA/Brasil,Boleto Bancário,Em Processamento
TX_14329,2025-07-21 22:25:00,CLI_400,Fone de Ouvido,Eletrônicos,3494.55,4,Bom Despacho/MG/Brasil,Pix,Concluído
TX_14330,2025-01-04 01:01:00,CLI_364,Calça Jeans,Vestuário,267.84,3,Salvador/BA/Brasil,Cartão de Crédito,Concluído
TX_14331,2025-10-03 12:28:00,CLI_438,Jaqueta,Vestuário,905.93,1,Curitiba/PR/Brasil,Cartão de Crédito,Em Processamento
TX_14332,2025-12-18 11:49:00,CLI_882,História,Livros,172.01,3,Salvador/BA/Brasil,Pix,Cancelado
TX_14333,2025-09-08 04:53:00,CLI_876,Notebook,Eletrônicos,2251.25,3,Curitiba/PR/Brasil,Cartão de Crédito,Concluído
TX_14334,2025-12-08 02:37:00,CLI_572,Smartphone,Eletrônicos,1700.2,1,Bom Despacho/MG/Brasil,Boleto Bancário,Cancelado
TX_14335,2025-01-22 22:58:00,CLI_354,Tênis,Vestuário,383.87,1,Curitiba/PR/Brasil,Cartão de Crédito,Concluído
TX_14336,2025-11-13 04:21:00,CLI_921,Smartwatch,Eletrônicos,2403.03,1,Salvador/BA/Brasil,Pix,Concluído
TX_14337,2025-04-01 16:39:00,CLI_453,Cadeira Escritório,Casa,1020.71,2,Bom Despacho/MG/Brasil,Boleto Bancário,Em Processamento
TX_14338,2026-01-22 13:38:00,CLI_601,Calça Jeans,Vestuário,2410.12,5,Salvador/BA/Brasil,Pix,Concluído
TX_14339,2025-07-20 17:47:00,CLI_620,Luminária,Casa,259.77,3,Curitiba/PR/Brasil,Boleto Bancário,Cancelado
TX_14340,2025-08-01 23:07:00,CLI_526,Fone de Ouvido,Eletrônicos,297.11,4,Bom Despacho/MG/Brasil,Pix,Em Processamento
TX_14341,2025-05-03 14:21:00,CLI_864,Luminária,Casa,847.86,3,Salvador/BA/Brasil,Pix,Concluído
TX_14342,2025-03-03 23:44:00,CLI_523,Cafeteira,Casa,421.24,1,Bom Despacho/MG/Brasil,Cartão de Crédito,Concluído
TX_14343,2025-04-06 04:29:00,CLI_367,Cadeira Escritório,Casa,3173.45,1,Rio de Janeiro/RJ/Brasil,Boleto Bancário,Concluído
TX_14344,2025-07-26 02:17:00,CLI_707,Cadeira Escritório,Casa,463.38,2,Salvador/BA/Brasil,Boleto Bancário,Cancelado
TX_14345,2026-01-25 23:53:00,CLI_998,Desenvolvimento Pessoal,Livros,1366.6,4,Salvador/BA/Brasil,Boleto Bancário,Concluído
TX_14346,2025-02-13 19:30:00,CLI_535,História,Livros,3255.05,1,Rio de Janeiro/RJ/Brasil,Pix,Concluído
TX_14347,2025-12-29 06:59:00,CLI_498,Ficção Científica,Livros,2003.9,2,Bom Despacho/MG/Brasil,Cartão de Crédito,Concluído
TX_14348,2025-03-10 08:01:00,CLI_104,Smartwatch,Eletrônicos,3295.4,2,Bom Despacho/MG/Brasil,Pix,Concluído
TX_14349,2025-09-07 13:19:00,CLI_308,Ficção Científica,Livros,3406.0,5,São Paulo/SP/Brasil,Cartão de Crédito,Em Processamento
TX_14350,2025-12-16 22:14:00,CLI_117,Biografia,Livros,2931.44,3,Curitiba/PR/Brasil,Boleto Bancário,Concluído
TX_14351,2025-08-04 05:07:00,CLI_277,Jaqueta,Vestuário,686.38,4,São Paulo/SP/Brasil,Cartão de Crédito,Concluído
TX_14352,2025-11-25 12:02:00,CLI_602,História,Livros,1599.89,4,Rio de Janeiro/RJ/Brasil,Boleto Bancário,Concluído
TX_14353,2025-01-01 10:10:00,CLI_108,Tênis,Vestuário,2935.76,1,São Paulo/SP/Brasil,Cartão de Crédito,Concluído
TX_14354,2025-04-22 04:21:00,CLI_415,Biografia,Livros,2687.96,2,São Paulo/SP/Brasil,Boleto Bancário,Cancelado
TX_14355,2026-01-19 11:05:00,CLI_230,Cadeira Escritório,Casa,2397.03,2,Rio de Janeiro/RJ/Brasil,Pix,Cancelado
TX_14356,2025-09-21 23:34:00,CLI_870,Smartphone,Eletrônicos,542.1,2,Salvador/BA/Brasil,Boleto Bancário,Concluído
TX_14357,2025-12-08 14:05:00,CLI_242,Desenvolvimento Pessoal,Livros,2319.69,5,Salvador/BA/Brasil,Pix,Concluído
TX_14358,2025-12-02 05:35:00,CLI_614,Smartphone,Eletrônicos,2670.95,4,São Paulo/SP/Brasil,Pix,Em Processamento
TX_14359,2025-08-06 13:08:00,CLI_502,Notebook,Eletrônicos,811.45,5,Curitiba/PR/Brasil,Pix,Cancelado
TX_14360,2025-03-23 14:08:00,CLI_969,Camiseta,Vestuário,1152.4,5,Rio de Janeiro/RJ/Brasil,Pix,Concluído
TX_14361,2025-12-17 16:46:00,CLI_725,Notebook,Eletrônicos,186.63,2,Rio de Janeiro/RJ/Brasil,Boleto Bancário,Em Processamento
TX_14362,2025-09-09 12:19:00,CLI_323,Luminária,Casa,1217.45,2,Rio de Janeiro/RJ/Brasil,Boleto Bancário,Concluído
TX_14363,2026-01-14 11:42:00,CLI_229,Calça Jeans,Vestuário,2961.3,4,Bom Despacho/MG/Brasil,Boleto Bancário,Concluído
TX_14364,2025-10-26 21:33:00,CLI_450,História,Livros,180.32,2,São Paulo/SP/Brasil,Cartão de Crédito,Concluído
TX_14365,2025-02-01 15:34:00,CLI_908,História,Livros,248.7,4,Salvador/BA/Brasil,Pix,Concluído
TX_14366,2025-11-06 02:27:00,CLI_612,Cafeteira,Casa,1254.06,5,Salvador/BA/Brasil,Boleto Bancário,Concluído
TX_14367,2025-06-17 04:07:00,CLI_383,Camiseta,Vestuário,2061.05,4,São Paulo/SP/Brasil,Pix,Cancelado
TX_14368,2025-07-24 02:53:00,CLI_518,Luminária,Casa,3002.06,4,Rio de Janeiro/RJ/Brasil,Pix,Concluído
TX_14369,2025-12-27 13:12:00,CLI_211,Calça Jeans,Vestuário,2941.29,3,Rio de Janeiro/RJ/Brasil,Boleto Bancário,Concluído
TX_14370,2025-06-06 19:10:00,CLI_976,Notebook,Eletrônicos,933.44,3,Salvador/BA/Brasil,Cartão de Crédito,Concluído
TX_14371,2025-07-29 13:29:00,CLI_178,Cadeira Escritório,Casa,2530.58,2,Curitiba/PR/Brasil,Boleto Bancário,Em Processamento
TX_14372,2025-01-09 01:09:00,CLI_824,Desenvolvimento Pessoal,Livros,3133.35,1,Bom Despacho/MG/Brasil,Boleto Bancário,Concluído
TX_14373,2025-09-21 06:24:00,CLI_245,Cadeira Escritório,Casa,3312.12,5,Curitiba/PR/Brasil,Boleto Bancário,Concluído
TX_14374,2025-03-01 19:46:00,CLI_898,Jaqueta,Vestuário,1007.45,2,São Paulo/SP/Brasil,Boleto Bancário,Cancelado
TX_14375,2025-02-24 19:10:00,CLI_893,Smartwatch,Eletrônicos,1155.22,2,Curitiba/PR/Brasil,Pix,Concluído
TX_14376,2025-03-11 00:01:00,CLI_784,Ficção Científica,Livros,502.39,2,Curitiba/PR/Brasil,Boleto Bancário,Concluído
TX_14377,2025-01-06 19:43:00,CLI_732,Smartphone,Eletrônicos,1502.83,4,Rio de Janeiro/RJ/Brasil,Pix,Concluído
TX_14378,2025-04-13 22:04:00,CLI_554,Biografia,Livros,794.06,3,São Paulo/SP/Brasil,Boleto Bancário,Concluído
TX_14379,2025-09-05 00:01:00,CLI_571,Desenvolvimento Pessoal,Livros,2247.49,5,Curitiba/PR/Brasil,Boleto Bancário,Concluído
TX_14380,2025-09-09 09:47:00,CLI_959,Cadeira Escritório,Casa,3019.02,2,Bom Despacho/MG/Brasil,Boleto Bancário,Cancelado
TX_14381,2025-06-12 08:53:00,CLI_500,História,Livros,2868.17,2,São Paulo/SP/Brasil,Boleto Bancário,Concluído
TX_14382,2026-01-07 20:22:00,CLI_105,Smartwatch,Eletrônicos,2072.35,3,Bom Despacho/MG/Brasil,Pix,Cancelado
TX_14383,2026-01-22 12:04:00,CLI_629,Biografia,Livros,3388.85,4,São Paulo/SP/Brasil,Boleto Bancário,Concluído
TX_14384,2025-04-19 03:13:00,CLI_239,Notebook,Eletrônicos,3387.13,2,Bom Despacho/MG/Brasil,Pix,Cancelado
TX_14385,2025-09-11 17:21:00,CLI_149,Tênis,Vestuário,2407.18,5,Bom Despacho/MG/Brasil,Pix,Em Processamento
TX_14386,2025-02-16 10:01:00,CLI_495,Fone de Ouvido,Eletrônicos,440.69,3,São Paulo/SP/Brasil,Boleto Bancário,Cancelado
TX_14387,2025-02-06 19:47:00,CLI_787,Smartphone,Eletrônicos,208.75,1,São Paulo/SP/Brasil,Pix,Concluído
TX_14388,2025-08-14 07:54:00,CLI_745,Cafeteira,Casa,1091.97,4,Curitiba/PR/Brasil,Pix,Concluído
TX_14389,2025-11-22 01:06:00,CLI_667,Biografia,Livros,2121.27,1,Salvador/BA/Brasil,Cartão de Crédito,Concluído
TX_14390,2025-02-04 17:52:00,CLI_324,Cadeira Escritório,Casa,514.93,2,Curitiba/PR/Brasil,Cartão de Crédito,Concluído
TX_14391,2025-11-23 08:38:00,CLI_770,Jogo de Cama,Casa,2778.43,2,Salvador/BA/Brasil,Pix,Concluído
TX_14392,2025-12-02 01:25:00,CLI_301,Smartphone,Eletrônicos,2648.6,5,Salvador/BA/Brasil,Pix,Concluído
TX_14393,2025-05-25 02:09:00,CLI_945,Jogo de Cama,Casa,647.32,5,Salvador/BA/Brasil,Pix,Em Processamento
TX_14394,2025-05-07 19:02:00,CLI_655,Notebook,Eletrônicos,2488.34,4,Rio de Janeiro/RJ/Brasil,Pix,Cancelado
TX_14395,2025-03-26 17:52:00,CLI_691,Ficção Científica,Livros,3283.65,1,Curitiba/PR/Brasil,Cartão de Crédito,
TX_14396,2025-11-10 16:03:00,CLI_663,Notebook,Eletrônicos,774.27,4,Salvador/BA/Brasil,Pix,Concluído
TX_14397,2025-02-21 17:25:00,CLI_301,Camiseta,Vestuário,1435.02,2,Salvador/BA/Brasil,Boleto Bancário,Em Processamento
TX_14398,2025-04-03 13:08:00,CLI_870,Jaqueta,Vestuário,1345.85,5,São Paulo/SP/Brasil,Cartão de Crédito,Concluído
TX_14399,2025-06-08 19:05:00,CLI_181,Ficção Científica,Livros,1935.0,1,Bom Despacho/MG/Brasil,Cartão de Crédito,Concluído
TX_14400,2025-09-18 14:09:00,CLI_157,Smartphone,Eletrônicos,1203.8,4,Curitiba/PR/Brasil,Pix,Cancelado
TX_14401,2025-03-11 22:41:00,CLI_672,Ficção Científica,Livros,1941.06,2,Salvador/BA/Brasil,Cartão de Crédito,Concluído
TX_14402,2025-08-16 10:54:00,CLI_923,Notebook,Eletrônicos,1540.92,1,Salvador/BA/Brasil,Pix,Em Processamento
TX_14403,2025-04-18 14:15:00,CLI_113,Calça Jeans,Vestuário,1332.58,4,São Paulo/SP/Brasil,Boleto Bancário,Cancelado
TX_14404,2026-01-24 20:22:00,CLI_583,Notebook,Eletrônicos,2323.43,2,Bom Despacho/MG/Brasil,Pix,Concluído
TX_14405,2025-04-07 13:49:00,CLI_388,Cadeira Escritório,Casa,2023.01,4,São Paulo/SP/Brasil,Pix,Concluído
TX_14406,2025-06-11 07:48:00,CLI_563,Luminária,Casa,1257.05,2,Bom Despacho/MG/Brasil,Pix,Cancelado
TX_14407,2025-09-30 04:59:00,CLI_976,Cafeteira,Casa,1141.14,4,Salvador/BA/Brasil,Boleto Bancário,Em Processamento
TX_14408,2025-07-07 03:33:00,CLI_880,Smartphone,Eletrônicos,3240.34,1,Salvador/BA/Brasil,Pix,Cancelado
TX_14409,2025-10-06 11:45:00,CLI_176,Biografia,Livros,1129.39,4,Rio de Janeiro/RJ/Brasil,Pix,Cancelado
TX_14410,2025-01-31 22:33:00,CLI_523,Ficção Científica,Livros,2631.91,5,Bom Despacho/MG/Brasil,Cartão de Crédito,Em Processamento
TX_14411,2025-10-26 07:37:00,CLI_365,Calça Jeans,Vestuário,1527.2,1,São Paulo/SP/Brasil,Cartão de Crédito,Cancelado
TX_14412,2025-05-08 21:21:00,CLI_406,Cadeira Escritório,Casa,2616.74,3,São Paulo/SP/Brasil,Pix,Concluído
TX_14413,2025-10-23 05:08:00,CLI_350,Calça Jeans,Vestuário,1062.78,3,Salvador/BA/Brasil,Cartão de Crédito,Concluído
TX_14414,2025-06-23 02:37:00,CLI_424,Cadeira Escritório,Casa,3024.56,3,São Paulo/SP/Brasil,Boleto Bancário,Cancelado
TX_14415,2025-10-02 18:33:00,CLI_107,Jaqueta,Vestuário,2886.25,2,Rio de Janeiro/RJ/Brasil,Cartão de Crédito,Concluído
TX_14416,2025-07-13 03:45:00,CLI_781,Jaqueta,Vestuário,1845.79,4,São Paulo/SP/Brasil,Cartão de Crédito,Em Processamento
TX_14417,2025-09-04 14:15:00,CLI_840,História,Livros,2821.93,2,Bom Despacho/MG/Brasil,Boleto Bancário,Cancelado
TX_14418,2025-06-26 22:14:00,CLI_385,Notebook,Eletrônicos,1651.5,4,Salvador/BA/Brasil,Boleto Bancário,Concluído
TX_14419,2025-04-07 04:11:00,CLI_915,Ficção Científica,Livros,2143.32,2,Salvador/BA/Brasil,Boleto Bancário,Em Processamento
TX_14420,2025-12-26 07:36:00,CLI_242,Luminária,Casa,1793.84,1,Rio de Janeiro/RJ/Brasil,Pix,Concluído
TX_14421,2025-05-09 03:14:00,CLI_613,Jogo de Cama,Casa,1271.45,3,Salvador/BA/Brasil,Pix,Concluído
TX_14422,2025-10-03 18:05:00,CLI_344,Notebook,Eletrônicos,313.1,1,Bom Despacho/MG/Brasil,Cartão de Crédito,Concluído
TX_14423,2025-01-15 06:55:00,CLI_262,Cadeira Escritório,Casa,1775.23,4,Rio de Janeiro/RJ/Brasil,Pix,Concluído
TX_14424,2025-01-05 10:31:00,CLI_557,Cafeteira,Casa,2034.81,5,Salvador/BA/Brasil,Pix,Concluído
TX_14425,2025-09-15 19:56:00,CLI_830,Ficção Científica,Livros,1536.85,2,Curitiba/PR/Brasil,Cartão de Crédito,Concluído
TX_14426,2025-09-26 14:15:00,CLI_276,Tênis,Vestuário,2978.76,4,São Paulo/SP/Brasil,Boleto Bancário,Concluído
TX_14427,2025-06-02 14:57:00,CLI_495,Desenvolvimento Pessoal,Livros,191.13,5,Rio de Janeiro/RJ/Brasil,Boleto Bancário,Concluído
TX_14428,2025-03-29 12:20:00,CLI_657,Camiseta,Vestuário,1546.18,5,Salvador/BA/Brasil,Boleto Bancário,Concluído
TX_14429,2025-07-21 07:08:00,CLI_179,História,Livros,1397.24,2,Rio de Janeiro/RJ/Brasil,Cartão de Crédito,Em Processamento
TX_14430,2025-02-22 16:00:00,CLI_261,Cadeira Escritório,Casa,2608.61,2,São Paulo/SP/Brasil,Boleto Bancário,Concluído
TX_14431,2025-06-09 20:46:00,CLI_150,Calça Jeans,Vestuário,1811.75,3,Curitiba/PR/Brasil,Boleto Bancário,Cancelado
TX_14432,2025-08-10 08:10:00,CLI_360,Luminária,Casa,2988.52,2,São Paulo/SP/Brasil,Boleto Bancário,Concluído
TX_14433,2026-01-01 23:32:00,CLI_200,Camiseta,Vestuário,1367.84,2,São Paulo/SP/Brasil,Pix,Cancelado
TX_14434,2025-05-21 12:23:00,CLI_957,Calça Jeans,Vestuário,1123.77,1,Salvador/BA/Brasil,Pix,Concluído
TX_14435,2025-07-13 05:11:00,CLI_266,Cadeira Escritório,Casa,3134.3,3,Salvador/BA/Brasil,Cartão de Crédito,Concluído
TX_14436,2025-08-07 02:43:00,CLI_137,Fone de Ouvido,Eletrônicos,1348.53,4,Salvador/BA/Brasil,Boleto Bancário,Concluído
TX_14437,2025-01-04 10:06:00,CLI_528,Notebook,Eletrônicos,2075.12,1,Curitiba/PR/Brasil,Pix,Concluído
TX_14438,2025-11-21 21:18:00,CLI_208,Jogo de Cama,Casa,3182.91,4,Salvador/BA/Brasil,Cartão de Crédito,Concluído
TX_14439,2025-08-02 13:16:00,CLI_741,Luminária,Casa,1728.25,5,São Paulo/SP/Brasil,Pix,Concluído
TX_14440,2025-02-08 14:41:00,CLI_457,Biografia,Livros,210.08,2,Rio de Janeiro/RJ/Brasil,Boleto Bancário,Concluído
TX_14441,2025-10-20 06:39:00,CLI_454,Calça Jeans,Vestuário,942.28,3,Salvador/BA/Brasil,Cartão de Crédito,Cancelado
TX_14442,2025-12-18 15:50:00,CLI_874,Smartphone,Eletrônicos,612.8,5,São Paulo/SP/Brasil,Pix,Concluído
TX_14443,2025-06-27 21:48:00,CLI_867,Calça Jeans,Vestuário,121.05,4,São Paulo/SP/Brasil,Pix,Cancelado
TX_14444,2025-06-23 07:59:00,CLI_327,Fone de Ouvido,Eletrônicos,2304.85,1,Salvador/BA/Brasil,Pix,Concluído
TX_14445,2026-01-25 10:48:00,CLI_465,Cadeira Escritório,Casa,905.3,1,Salvador/BA/Brasil,Cartão de Crédito,Em Processamento
TX_14446,2025-04-02 05:20:00,CLI_105,Tênis,Vestuário,2875.1,2,Salvador/BA/Brasil,Boleto Bancário,Em Processamento
TX_14447,2025-01-25 17:22:00,CLI_700,Fone de Ouvido,Eletrônicos,3010.45,3,Rio de Janeiro/RJ/Brasil,Cartão de Crédito,Concluído
TX_14448,2025-01-02 04:06:00,CLI_934,História,Livros,565.36,5,Salvador/BA/Brasil,Pix,Concluído
TX_14449,2026-01-24 01:56:00,CLI_588,Luminária,Casa,2582.29,2,Bom Despacho/MG/Brasil,Pix,Em Processamento
TX_14450,2025-06-01 08:08:00,CLI_155,Notebook,Eletrônicos,876.02,2,Salvador/BA/Brasil,Pix,Concluído
TX_14451,2025-11-04 13:33:00,CLI_933,Jaqueta,Vestuário,544.58,2,Bom Despacho/MG/Brasil,Boleto Bancário,Concluído
TX_14452,2026-01-24 23:10:00,CLI_959,Cafeteira,Casa,823.41,4,São Paulo/SP/Brasil,Pix,Concluído
TX_14453,2026-01-10 19:11:00,CLI_875,Tênis,Vestuário,1256.92,5,Rio de Janeiro/RJ/Brasil,Cartão de Crédito,Concluído
TX_14454,2025-07-30 21:51:00,CLI_360,Camiseta,Vestuário,2876.64,3,Salvador/BA/Brasil,Boleto Bancário,Cancelado
TX_14455,2025-11-29 01:35:00,CLI_627,Calça Jeans,Vestuário,1127.84,1,Salvador/BA/Brasil,Pix,Concluído
TX_14456,2025-06-21 19:57:00,CLI_128,Cadeira Escritório,Casa,2929.39,1,São Paulo/SP/Brasil,Boleto Bancário,
TX_14457,2025-03-29 03:34:00,CLI_160,Jaqueta,Vestuário,2155.8,4,Curitiba/PR/Brasil,Pix,Concluído
TX_14458,2025-12-20 07:54:00,CLI_681,Cadeira Escritório,Casa,388.67,1,Salvador/BA/Brasil,Pix,Concluído
TX_14459,2025-01-16 06:50:00,CLI_827,Desenvolvimento Pessoal,Livros,907.86,4,São Paulo/SP/Brasil,Boleto Bancário,Em Processamento
TX_14460,2025-12-12 16:36:00,CLI_872,Cadeira Escritório,Casa,740.25,3,Bom Despacho/MG/Brasil,Pix,Em Processamento
TX_14461,2025-01-03 15:06:00,CLI_238,História,Livros,778.64,4,Curitiba/PR/Brasil,Boleto Bancário,Concluído
TX_14462,2025-02-23 05:03:00,CLI_106,Cadeira Escritório,Casa,1960.78,5,Bom Despacho/MG/Brasil,Cartão de Crédito,Concluído
TX_14463,2025-11-24 05:15:00,CLI_464,Biografia,Livros,2943.08,2,Salvador/BA/Brasil,Boleto Bancário,Em Processamento
TX_14464,2025-04-21 19:49:00,CLI_352,Luminária,Casa,2711.4,1,Bom Despacho/MG/Brasil,Pix,Concluído
TX_14465,2026-02-01 11:12:00,CLI_594,Jaqueta,Vestuário,3410.34,3,Salvador/BA/Brasil,Cartão de Crédito,Cancelado
TX_14466,2025-01-27 07:24:00,CLI_782,Desenvolvimento Pessoal,Livros,2595.87,4,Salvador/BA/Brasil,Cartão de Crédito,Cancelado
TX_14467,2025-06-11 05:06:00,CLI_367,Ficção Científica,Livros,2922.28,5,Curitiba/PR/Brasil,Cartão de Crédito,Concluído
TX_14468,2025-07-17 09:08:00,CLI_260,Jogo de Cama,Casa,2140.2,5,Curitiba/PR/Brasil,Cartão de Crédito,Em Processamento
TX_14469,2025-11-16 12:12:00,CLI_346,Camiseta,Vestuário,2103.96,2,Rio de Janeiro/RJ/Brasil,Boleto Bancário,Cancelado
TX_14470,2025-04-03 20:28:00,CLI_925,Fone de Ouvido,Eletrônicos,1962.61,4,Rio de Janeiro/RJ/Brasil,Cartão de Crédito,Concluído
TX_14471,2025-05-11 21:08:00,CLI_929,Smartphone,Eletrônicos,2114.4,3,São Paulo/SP/Brasil,Pix,Concluído
TX_14472,2025-12-11 22:19:00,CLI_560,Cadeira Escritório,Casa,2998.91,1,Rio de Janeiro/RJ/Brasil,Pix,Em Processamento
TX_14473,2025-10-01 02:18:00,CLI_717,Smartwatch,Eletrônicos,1095.46,4,Curitiba/PR/Brasil,Pix,Em Processamento
TX_14474,2025-11-09 13:08:00,CLI_196,História,Livros,2732.59,1,Rio de Janeiro/RJ/Brasil,Boleto Bancário,Concluído
TX_14475,2025-08-29 07:01:00,CLI_511,Luminária,Casa,1901.9,5,Bom Despacho/MG/Brasil,Cartão de Crédito,Concluído
TX_14476,2025-12-28 23:01:00,CLI_608,Fone de Ouvido,Eletrônicos,3382.82,3,São Paulo/SP/Brasil,Pix,Em Processamento
TX_14477,2025-08-31 05:30:00,CLI_924,Jogo de Cama,Casa,377.7,5,São Paulo/SP/Brasil,Boleto Bancário,Em Processamento
TX_14478,2025-12-13 14:29:00,CLI_690,História,Livros,2064.85,4,São Paulo/SP/Brasil,Pix,Em Processamento
TX_14479,2025-07-30 08:26:00,CLI_415,Biografia,Livros,2674.74,1,Rio de Janeiro/RJ/Brasil,Cartão de Crédito,Concluído
TX_14480,2026-01-01 14:19:00,CLI_560,Cadeira Escritório,Casa,3266.66,1,Salvador/BA/Brasil,Cartão de Crédito,Cancelado
TX_14481,2025-10-09 02:16:00,CLI_666,Cadeira Escritório,Casa,3391.26,5,Rio de Janeiro/RJ/Brasil,Cartão de Crédito,Concluído
TX_14482,2025-05-13 19:42:00,CLI_789,Desenvolvimento Pessoal,Livros,2045.01,5,Rio de Janeiro/RJ/Brasil,Pix,Concluído
TX_14483,2025-12-13 19:07:00,CLI_897,Luminária,Casa,1181.55,3,Bom Despacho/MG/Brasil,Cartão de Crédito,Cancelado
TX_14484,2025-04-20 15:33:00,CLI_526,Camiseta,Vestuário,723.16,5,Bom Despacho/MG/Brasil,Pix,Concluído
TX_14485,2025-09-10 04:12:00,CLI_545,História,Livros,2633.55,3,São Paulo/SP/Brasil,Pix,Em Processamento
TX_14486,2025-01-02 00:09:00,CLI_160,Fone de Ouvido,Eletrônicos,2616.02,3,Bom Despacho/MG/Brasil,Cartão de Crédito,Cancelado
TX_14487,2025-03-18 08:08:00,CLI_892,Cadeira Escritório,Casa,3017.16,1,São Paulo/SP/Brasil,Cartão de Crédito,Cancelado
TX_14488,2026-01-29 20:43:00,CLI_597,Luminária,Casa,568.79,4,Curitiba/PR/Brasil,Boleto Bancário,Concluído
TX_14489,2025-03-20 15:28:00,CLI_311,Tênis,Vestuário,2603.1,3,Bom Despacho/MG/Brasil,Boleto Bancário,Cancelado
TX_14490,2025-11-25 20:21:00,CLI_591,Tênis,Vestuário,2418.44,4,São Paulo/SP/Brasil,Pix,Concluído
TX_14491,2025-09-18 15:45:00,CLI_956,Cadeira Escritório,Casa,1967.62,2,Bom Despacho/MG/Brasil,Boleto Bancário,Cancelado
TX_14492,2025-04-07 20:02:00,CLI_862,Smartphone,Eletrônicos,2440.06,3,Bom Despacho/MG/Brasil,Boleto Bancário,Em Processamento
TX_14493,2025-08-24 04:06:00,CLI_671,Smartwatch,Eletrônicos,1143.49,4,Curitiba/PR/Brasil,Cartão de Crédito,Concluído
TX_14494,2025-12-25 00:41:00,CLI_363,Desenvolvimento Pessoal,Livros,228.52,2,Rio de Janeiro/RJ/Brasil,Pix,Cancelado
TX_14495,2025-03-03 06:51:00,CLI_201,Smartphone,Eletrônicos,1440.4,4,Bom Despacho/MG/Brasil,Pix,Cancelado
TX_14496,2026-02-02 00:01:00,CLI_548,Jogo de Cama,Casa,400.09,2,Curitiba/PR/Brasil,Pix,Em Processamento
TX_14497,2025-08-09 07:16:00,CLI_859,Ficção Científica,Livros,3351.84,1,Curitiba/PR/Brasil,Pix,Concluído
TX_14498,2025-10-19 20:44:00,CLI_124,Jaqueta,Vestuário,2411.13,2,Rio de Janeiro/RJ/Brasil,Boleto Bancário,Em Processamento
TX_14499,2025-08-25 13:34:00,CLI_238,Smartwatch,Eletrônicos,3266.24,2,Curitiba/PR/Brasil,Pix,Concluído
TX_14500,2025-05-07 02:27:00,CLI_505,Tênis,Vestuário,2246.62,2,Bom Despacho/MG/Brasil,Boleto Bancário,Concluído
TX_14501,2025-05-20 16:28:00,CLI_229,Cafeteira,Casa,1184.09,1,Curitiba/PR/Brasil,Pix,Cancelado
TX_14502,2025-12-16 06:58:00,CLI_546,Biografia,Livros,2176.94,4,São Paulo/SP/Brasil,Boleto Bancário,Concluído
TX_14503,2025-12-06 06:18:00,CLI_502,Cafeteira,Casa,3187.35,2,São Paulo/SP/Brasil,Pix,Concluído
TX_14504,2025-03-11 05:16:00,CLI_911,Biografia,Livros,2701.24,1,São Paulo/SP/Brasil,Boleto Bancário,Cancelado
TX_14505,2025-07-27 11:01:00,CLI_393,História,Livros,2301.1,3,Curitiba/PR/Brasil,Cartão de Crédito,Concluído
TX_14506,2025-12-21 14:03:00,CLI_678,Jogo de Cama,Casa,982.23,3,São Paulo/SP/Brasil,Cartão de Crédito,Concluído
TX_14507,2025-10-09 22:43:00,CLI_112,Ficção Científica,Livros,1289.44,1,Curitiba/PR/Brasil,Cartão de Crédito,Em Processamento
TX_14508,2025-04-25 06:22:00,CLI_218,Fone de Ouvido,Eletrônicos,794.17,4,Curitiba/PR/Brasil,Boleto Bancário,Em Processamento
TX_14509,2025-06-20 12:42:00,CLI_236,Desenvolvimento Pessoal,Livros,1439.54,3,Bom Despacho/MG/Brasil,Cartão de Crédito,Concluído
TX_14510,2025-12-07 12:28:00,CLI_609,Ficção Científica,Livros,44.27,2,Bom Despacho/MG/Brasil,Boleto Bancário,Concluído
TX_14511,2025-09-10 09:06:00,CLI_396,Smartwatch,Eletrônicos,337.75,2,Salvador/BA/Brasil,Pix,Em Processamento
TX_14512,2025-10-15 13:33:00,CLI_711,Biografia,Livros,539.38,4,Bom Despacho/MG/Brasil,Cartão de Crédito,Concluído
TX_14513,2025-07-16 22:07:00,CLI_291,Ficção Científica,Livros,1181.52,3,São Paulo/SP/Brasil,Cartão de Crédito,Concluído
TX_14514,2026-01-22 15:14:00,CLI_811,Smartwatch,Eletrônicos,3333.14,1,Salvador/BA/Brasil,Boleto Bancário,Concluído
TX_14515,2025-06-21 07:26:00,CLI_168,Desenvolvimento Pessoal,Livros,2925.36,2,Salvador/BA/Brasil,Pix,Concluído
TX_14516,2025-09-29 22:03:00,CLI_120,Cafeteira,Casa,2346.6,5,Bom Despacho/MG/Brasil,Pix,Cancelado
TX_14517,2025-05-18 14:13:00,CLI_881,Camiseta,Vestuário,325.79,3,Rio de Janeiro/RJ/Brasil,Boleto Bancário,Cancelado
TX_14518,2025-12-25 14:43:00,CLI_888,Fone de Ouvido,Eletrônicos,1183.82,2,Rio de Janeiro/RJ/Brasil,Cartão de Crédito,Concluído
TX_14519,2026-01-15 23:05:00,CLI_622,Cadeira Escritório,Casa,345.31,1,São Paulo/SP/Brasil,Cartão de Crédito,Concluído
TX_14520,2026-01-04 15:06:00,CLI_174,Notebook,Eletrônicos,2159.75,5,Salvador/BA/Brasil,Pix,Concluído
TX_14521,2026-01-29 10:18:00,CLI_667,Jogo de Cama,Casa,2336.1,1,Curitiba/PR/Brasil,Cartão de Crédito,Cancelado
TX_14522,2025-05-08 00:16:00,CLI_845,Smartwatch,Eletrônicos,64.5,1,Salvador/BA/Brasil,Pix,Em Processamento
TX_14523,2025-01-22 18:39:00,CLI_223,Fone de Ouvido,Eletrônicos,948.18,2,Salvador/BA/Brasil,Cartão de Crédito,Concluído
TX_14524,2025-10-11 03:50:00,CLI_811,Fone de Ouvido,Eletrônicos,2530.17,1,São Paulo/SP/Brasil,Pix,Cancelado
TX_14525,2026-01-04 22:26:00,CLI_542,Tênis,Vestuário,2839.1,5,Salvador/BA/Brasil,Boleto Bancário,Concluído
TX_14526,2025-02-05 03:19:00,CLI_520,Camiseta,Vestuário,2460.27,5,Rio de Janeiro/RJ/Brasil,Pix,Cancelado
TX_14527,2025-03-24 09:55:00,CLI_540,Notebook,Eletrônicos,,4,São Paulo/SP/Brasil,Pix,Concluído
TX_14528,2025-10-17 17:52:00,CLI_984,Notebook,Eletrônicos,677.66,2,Bom Despacho/MG/Brasil,Cartão de Crédito,Cancelado
TX_14529,2025-12-20 10:57:00,CLI_713,Cafeteira,Casa,275.86,2,Salvador/BA/Brasil,Pix,Concluído
TX_14530,2025-04-25 02:41:00,CLI_841,Camiseta,Vestuário,2954.35,4,Rio de Janeiro/RJ/Brasil,Pix,Cancelado
TX_14531,2026-01-24 14:19:00,CLI_500,Cadeira Escritório,Casa,1250.16,5,São Paulo/SP/Brasil,Boleto Bancário,Concluído
TX_14532,2025-10-22 21:17:00,CLI_453,Camiseta,Vestuário,2975.04,3,Bom Despacho/MG/Brasil,Cartão de Crédito,Em Processamento
TX_14533,2025-07-23 09:14:00,CLI_460,Desenvolvimento Pessoal,Livros,152.53,4,São Paulo/SP/Brasil,Cartão de Crédito,Em Processamento
TX_14534,2026-01-29 04:20:00,CLI_967,Jogo de Cama,Casa,802.99,4,Rio de Janeiro/RJ/Brasil,Cartão de Crédito,Concluído
TX_14535,2025-02-18 06:21:00,CLI_523,História,Livros,359.1,2,Bom Despacho/MG/Brasil,Boleto Bancário,Em Processamento
TX_14536,2025-05-09 10:56:00,CLI_657,Cafeteira,Casa,1398.06,5,Curitiba/PR/Brasil,Boleto Bancário,Concluído
TX_14537,2025-05-06 10:39:00,CLI_137,Jogo de Cama,Casa,1820.5,3,Salvador/BA/Brasil,Pix,Concluído
TX_14538,2025-09-29 12:02:00,CLI_678,Jaqueta,Vestuário,1916.85,5,Salvador/BA/Brasil,Cartão de Crédito,Em Processamento
TX_14539,2025-11-10 13:04:00,CLI_481,Camiseta,Vestuário,1342.4,2,Curitiba/PR/Brasil,Cartão de Crédito,Concluído
TX_14540,2025-08-12 23:29:00,CLI_267,Biografia,Livros,498.91,4,Curitiba/PR/Brasil,Boleto Bancário,Concluído
TX_14541,2025-06-24 07:52:00,CLI_360,Notebook,Eletrônicos,442.84,2,Curitiba/PR/Brasil,Boleto Bancário,Em Processamento
TX_14542,2025-10-15 01:07:00,CLI_264,Cafeteira,Casa,3169.22,2,Curitiba/PR/Brasil,Boleto Bancário,Concluído
TX_14543,2025-02-11 23:08:00,CLI_127,Smartwatch,Eletrônicos,1480.42,5,Curitiba/PR/Brasil,Pix,Concluído
TX_14544,2025-12-05 19:30:00,CLI_393,Notebook,Eletrônicos,947.09,2,Curitiba/PR/Brasil,Pix,Concluído
TX_14545,2025-12-23 08:25:00,CLI_736,Luminária,Casa,270.18,2,Bom Despacho/MG/Brasil,Cartão de Crédito,Concluído
TX_14546,2025-08-28 19:33:00,CLI_752,Smartwatch,Eletrônicos,189.03,4,Curitiba/PR/Brasil,Pix,Cancelado
TX_14547,2025-11-27 21:39:00,CLI_239,Cadeira Escritório,Casa,2632.78,1,Curitiba/PR/Brasil,Cartão de Crédito,Concluído
TX_14548,2025-04-28 17:23:00,CLI_356,Luminária,Casa,875.45,4,Salvador/BA/Brasil,Boleto Bancário,Concluído
TX_14549,2025-11-25 18:38:00,CLI_557,Ficção Científica,Livros,1648.68,4,São Paulo/SP/Brasil,Boleto Bancário,Concluído
TX_14550,2025-03-14 04:32:00,CLI_432,Calça Jeans,Vestuário,752.93,2,Bom Despacho/MG/Brasil,Boleto Bancário,Concluído
TX_14551,2025-07-04 16:48:00,CLI_588,Tênis,Vestuário,,2,Rio de Janeiro/RJ/Brasil,Pix,Cancelado
TX_14552,2025-12-12 11:34:00,CLI_149,Cafeteira,Casa,589.52,1,Curitiba/PR/Brasil,Boleto Bancário,Em Processamento
TX_14553,2025-02-21 09:37:00,CLI_638,Jogo de Cama,Casa,1091.91,1,São Paulo/SP/Brasil,Cartão de Crédito,Cancelado
TX_14554,2025-07-22 18:14:00,CLI_600,Calça Jeans,Vestuário,1903.94,5,Salvador/BA/Brasil,Pix,Concluído
TX_14555,2025-06-19 23:29:00,CLI_740,Fone de Ouvido,Eletrônicos,2426.43,5,Curitiba/PR/Brasil,Boleto Bancário,Concluído
TX_14556,2026-01-21 16:12:00,CLI_157,Cafeteira,Casa,3083.4,5,Curitiba/PR/Brasil,Boleto Bancário,Concluído
TX_14557,2025-03-08 22:01:00,CLI_754,Tênis,Vestuário,205.18,3,Rio de Janeiro/RJ/Brasil,Pix,Cancelado
TX_14558,2025-10-31 09:53:00,CLI_521,Smartwatch,Eletrônicos,2615.26,4,Curitiba/PR/Brasil,Boleto Bancário,Cancelado
TX_14559,2026-01-03 14:08:00,CLI_864,Smartwatch,Eletrônicos,3219.49,2,Rio de Janeiro/RJ/Brasil,Boleto Bancário,Concluído
TX_14560,2025-03-11 02:12:00,CLI_217,Cafeteira,Casa,2497.51,3,Salvador/BA/Brasil,Boleto Bancário,Cancelado
TX_14561,2025-11-19 01:45:00,CLI_189,Calça Jeans,Vestuário,2171.42,4,Bom Despacho/MG/Brasil,Cartão de Crédito,Cancelado
TX_14562,2025-07-25 23:01:00,CLI_301,História,Livros,1775.56,5,Rio de Janeiro/RJ/Brasil,Pix,Concluído
TX_14563,2025-10-19 02:55:00,CLI_824,Cadeira Escritório,Casa,1683.24,2,Curitiba/PR/Brasil,Cartão de Crédito,Concluído
TX_14564,2025-01-16 03:19:00,CLI_860,Smartphone,Eletrônicos,905.5,5,São Paulo/SP/Brasil,Pix,Cancelado
TX_14565,2025-06-13 02:55:00,CLI_429,Smartwatch,Eletrônicos,1717.22,5,Rio de Janeiro/RJ/Brasil,Pix,Concluído
TX_14566,2025-12-25 13:34:00,CLI_555,Luminária,Casa,357.07,1,Salvador/BA/Brasil,Boleto Bancário,Em Processamento
TX_14567,2025-11-20 12:03:00,CLI_627,Smartphone,Eletrônicos,2435.8,2,Bom Despacho/MG/Brasil,Pix,Concluído
TX_14568,2026-01-04 23:37:00,CLI_703,Jaqueta,Vestuário,3355.74,4,Bom Despacho/MG/Brasil,Pix,Concluído
TX_14569,2025-06-26 03:55:00,CLI_567,Jogo de Cama,Casa,448.18,4,São Paulo/SP/Brasil,Cartão de Crédito,Concluído
TX_14570,2025-05-12 07:01:00,CLI_877,Notebook,Eletrônicos,3301.38,3,Rio de Janeiro/RJ/Brasil,Cartão de Crédito,Cancelado
TX_14571,2025-12-15 16:31:00,CLI_609,Desenvolvimento Pessoal,Livros,1563.31,3,Curitiba/PR/Brasil,Boleto Bancário,Concluído
TX_14572,2025-09-04 11:00:00,CLI_149,Desenvolvimento Pessoal,Livros,735.76,1,Salvador/BA/Brasil,Cartão de Crédito,Concluído
TX_14573,2025-01-01 16:03:00,CLI_588,Ficção Científica,Livros,276.42,2,Bom Despacho/MG/Brasil,Boleto Bancário,Concluído
TX_14574,2025-11-02 01:12:00,CLI_592,Ficção Científica,Livros,2950.66,4,Salvador/BA/Brasil,Pix,Cancelado
TX_14575,2025-03-19 03:04:00,CLI_570,Desenvolvimento Pessoal,Livros,432.18,2,Curitiba/PR/Brasil,Pix,Concluído
TX_14576,2025-09-14 22:24:00,CLI_929,Cadeira Escritório,Casa,868.75,1,Curitiba/PR/Brasil,Cartão de Crédito,Concluído
TX_14577,2025-10-21 12:41:00,CLI_832,Jogo de Cama,Casa,518.26,3,Curitiba/PR/Brasil,Pix,Em Processamento
TX_14578,2025-04-16 10:55:00,CLI_846,História,Livros,51.66,5,Curitiba/PR/Brasil,Cartão de Crédito,Concluído
TX_14579,2025-12-19 07:38:00,CLI_768,Biografia,Livros,2089.92,4,Salvador/BA/Brasil,Pix,Concluído
TX_14580,2025-12-15 12:55:00,CLI_190,Ficção Científica,Livros,922.17,5,Rio de Janeiro/RJ/Brasil,Cartão de Crédito,Cancelado
TX_14581,2025-07-22 06:00:00,CLI_981,Camiseta,Vestuário,3367.82,4,Salvador/BA/Brasil,Pix,Cancelado
TX_14582,2025-10-25 01:18:00,CLI_697,Cafeteira,Casa,1124.5,5,Rio de Janeiro/RJ/Brasil,Pix,Cancelado
TX_14583,2025-02-01 22:15:00,CLI_503,Biografia,Livros,714.97,2,São Paulo/SP/Brasil,Boleto Bancário,Concluído
TX_14584,2025-07-19 08:50:00,CLI_157,Fone de Ouvido,Eletrônicos,1566.99,4,São Paulo/SP/Brasil,Boleto Bancário,Concluído
TX_14585,2025-04-15 22:19:00,CLI_472,Luminária,Casa,2681.54,2,São Paulo/SP/Brasil,Boleto Bancário,Cancelado
TX_14586,2025-03-23 16:28:00,CLI_743,Jaqueta,Vestuário,3105.63,5,Bom Despacho/MG/Brasil,Pix,Em Processamento
TX_14587,2025-08-29 23:47:00,CLI_162,História,Livros,1181.22,3,Curitiba/PR/Brasil,Boleto Bancário,Em Processamento
TX_14588,2025-04-04 23:40:00,CLI_701,Smartwatch,Eletrônicos,3220.97,4,São Paulo/SP/Brasil,Boleto Bancário,Em Processamento
TX_14589,2025-12-27 18:44:00,CLI_287,Fone de Ouvido,Eletrônicos,3409.23,4,Bom Despacho/MG/Brasil,Cartão de Crédito,Concluído
TX_14590,2026-02-02 23:44:00,CLI_945,Calça Jeans,Vestuário,380.47,2,Rio de Janeiro/RJ/Brasil,Pix,
TX_14591,2025-08-04 00:40:00,CLI_260,Jaqueta,Vestuário,239.22,4,Bom Despacho/MG/Brasil,Boleto Bancário,Em Processamento
TX_14592,2025-09-13 16:27:00,CLI_185,Luminária,Casa,2430.76,5,Bom Despacho/MG/Brasil,Cartão de Crédito,Em Processamento
TX_14593,2025-02-02 20:09:00,CLI_461,Jogo de Cama,Casa,2790.79,1,Bom Despacho/MG/Brasil,Pix,Cancelado
TX_14594,2025-11-04 05:20:00,CLI_258,Cafeteira,Casa,782.1,3,Salvador/BA/Brasil,Pix,Concluído
TX_14595,2025-08-12 06:39:00,CLI_105,Cadeira Escritório,Casa,2746.66,2,São Paulo/SP/Brasil,Cartão de Crédito,Em Processamento
TX_14596,2025-07-02 04:54:00,CLI_656,Calça Jeans,Vestuário,2990.71,5,Rio de Janeiro/RJ/Brasil,Boleto Bancário,Cancelado
TX_14597,2025-06-29 20:25:00,CLI_764,Fone de Ouvido,Eletrônicos,1443.64,4,Rio de Janeiro/RJ/Brasil,Cartão de Crédito,Cancelado
TX_14598,2025-07-31 09:27:00,CLI_792,Cadeira Escritório,Casa,1269.38,1,Bom Despacho/MG/Brasil,Pix,Concluído
TX_14599,2025-03-04 18:47:00,CLI_461,Camiseta,Vestuário,2545.02,1,São Paulo/SP/Brasil,Boleto Bancário,Em Processamento
TX_14600,2025-07-26 10:35:00,CLI_938,Smartwatch,Eletrônicos,3275.39,3,Bom Despacho/MG/Brasil,Cartão de Crédito,Concluído
TX_14601,2025-09-29 00:21:00,CLI_211,Smartphone,Eletrônicos,20.26,5,Bom Despacho/MG/Brasil,Boleto Bancário,Cancelado
TX_14602,2025-05-10 17:03:00,CLI_545,História,Livros,291.64,2,Bom Despacho/MG/Brasil,Pix,Em Processamento
TX_14603,2025-07-16 21:38:00,CLI_402,História,Livros,1369.49,3,Rio de Janeiro/RJ/Brasil,Cartão de Crédito,Concluído
TX_14604,2025-08-15 09:26:00,CLI_861,Tênis,Vestuário,2015.65,2,Curitiba/PR/Brasil,Cartão de Crédito,Cancelado
TX_14605,2025-03-29 17:08:00,CLI_217,Calça Jeans,Vestuário,2162.22,1,Curitiba/PR/Brasil,Pix,Concluído
TX_14606,2025-05-29 07:03:00,CLI_662,Calça Jeans,Vestuário,3102.95,4,Curitiba/PR/Brasil,Cartão de Crédito,Concluído
TX_14607,2025-03-26 03:56:00,CLI_714,Luminária,Casa,1024.93,3,Bom Despacho/MG/Brasil,Boleto Bancário,Concluído
TX_14608,2026-01-20 14:13:00,CLI_127,Cadeira Escritório,Casa,2190.73,5,Rio de Janeiro/RJ/Brasil,Pix,Concluído
TX_14609,2025-10-28 16:36:00,CLI_561,Fone de Ouvido,Eletrônicos,838.31,4,Bom Despacho/MG/Brasil,Pix,Concluído
TX_14610,2025-10-13 03:10:00,CLI_549,Luminária,Casa,2633.54,4,Salvador/BA/Brasil,Boleto Bancário,Concluído
TX_14611,2025-04-15 20:57:00,CLI_551,História,Livros,2264.72,5,Bom Despacho/MG/Brasil,Pix,Em Processamento
TX_14612,2026-01-18 20:19:00,CLI_799,Desenvolvimento Pessoal,Livros,2384.7,3,Salvador/BA/Brasil,Pix,Concluído
TX_14613,2025-10-02 08:38:00,CLI_368,Camiseta,Vestuário,934.85,5,Salvador/BA/Brasil,Pix,Concluído
TX_14614,2025-06-13 06:10:00,CLI_447,Biografia,Livros,1683.94,4,Salvador/BA/Brasil,Pix,Cancelado
TX_14615,2025-11-24 05:23:00,CLI_181,Jogo de Cama,Casa,508.49,5,Curitiba/PR/Brasil,Pix,Em Processamento
TX_14616,2025-07-16 02:28:00,CLI_904,História,Livros,3002.34,5,Bom Despacho/MG/Brasil,Cartão de Crédito,Em Processamento
TX_14617,2025-09-10 20:13:00,CLI_991,Desenvolvimento Pessoal,Livros,2345.82,2,Bom Despacho/MG/Brasil,Cartão de Crédito,Concluído
TX_14618,2025-06-15 20:06:00,CLI_112,Smartphone,Eletrônicos,1129.12,3,São Paulo/SP/Brasil,Boleto Bancário,Concluído
TX_14619,2025-06-14 18:47:00,CLI_473,Biografia,Livros,1006.07,3,Curitiba/PR/Brasil,Boleto Bancário,Em Processamento
TX_14620,2025-06-05 06:18:00,CLI_397,Notebook,Eletrônicos,1439.49,4,Bom Despacho/MG/Brasil,Cartão de Crédito,Concluído
TX_14621,2025-01-29 13:52:00,CLI_444,Calça Jeans,Vestuário,840.06,3,Rio de Janeiro/RJ/Brasil,Cartão de Crédito,Concluído
TX_14622,2025-12-10 18:29:00,CLI_120,Desenvolvimento Pessoal,Livros,2002.57,2,Salvador/BA/Brasil,Boleto Bancário,Concluído
TX_14623,2025-09-26 16:43:00,CLI_673,Smartwatch,Eletrônicos,1718.45,3,São Paulo/SP/Brasil,Boleto Bancário,Cancelado
TX_14624,2025-08-27 14:30:00,CLI_353,Jaqueta,Vestuário,180.2,4,Rio de Janeiro/RJ/Brasil,Pix,Concluído
TX_14625,2025-07-30 00:55:00,CLI_682,Jaqueta,Vestuário,1755.82,5,Curitiba/PR/Brasil,Pix,Em Processamento
TX_14626,2026-01-22 01:53:00,CLI_802,Cafeteira,Casa,2254.41,3,São Paulo/SP/Brasil,Pix,Concluído
TX_14627,2025-07-24 05:21:00,CLI_724,Biografia,Livros,3133.08,1,Salvador/BA/Brasil,Boleto Bancário,Concluído
TX_14628,2025-04-29 06:12:00,CLI_806,Smartwatch,Eletrônicos,3324.26,4,Salvador/BA/Brasil,Pix,Concluído
TX_14629,2025-05-29 13:10:00,CLI_343,Biografia,Livros,69.71,5,Bom Despacho/MG/Brasil,Pix,Concluído
TX_14630,2025-03-03 02:18:00,CLI_569,Cadeira Escritório,Casa,1555.64,2,Curitiba/PR/Brasil,Boleto Bancário,Em Processamento
TX_14631,2025-11-23 10:46:00,CLI_666,Biografia,Livros,330.6,5,Bom Despacho/MG/Brasil,Boleto Bancário,Cancelado
TX_14632,2025-09-11 11:14:00,CLI_828,Fone de Ouvido,Eletrônicos,1114.25,2,São Paulo/SP/Brasil,Boleto Bancário,Em Processamento
TX_14633,2026-01-15 13:22:00,CLI_446,Fone de Ouvido,Eletrônicos,2170.78,4,Rio de Janeiro/RJ/Brasil,Cartão de Crédito,Cancelado
TX_14634,2026-01-29 15:28:00,CLI_858,Tênis,Vestuário,2448.28,1,São Paulo/SP/Brasil,Pix,Concluído
TX_14635,2025-11-07 14:10:00,CLI_559,Camiseta,Vestuário,648.13,2,Curitiba/PR/Brasil,Boleto Bancário,Concluído
TX_14636,2025-05-05 18:52:00,CLI_560,Cadeira Escritório,Casa,2738.14,2,Salvador/BA/Brasil,Pix,Em Processamento
TX_14637,2025-10-19 19:00:00,CLI_889,Jogo de Cama,Casa,557.24,3,Curitiba/PR/Brasil,Boleto Bancário,Em Processamento
TX_14638,2025-04-25 16:08:00,CLI_205,Tênis,Vestuário,1685.86,1,São Paulo/SP/Brasil,Pix,Concluído
TX_14639,2025-04-21 01:08:00,CLI_517,Fone de Ouvido,Eletrônicos,1964.05,5,Salvador/BA/Brasil,Cartão de Crédito,Cancelado
TX_14640,2025-03-24 06:47:00,CLI_648,Smartwatch,Eletrônicos,1390.41,3,Curitiba/PR/Brasil,Boleto Bancário,Cancelado
TX_14641,2025-09-04 12:40:00,CLI_458,Smartwatch,Eletrônicos,1980.96,4,Curitiba/PR/Brasil,Cartão de Crédito,Concluído
TX_14642,2025-06-13 21:48:00,CLI_785,Luminária,Casa,3110.85,4,São Paulo/SP/Brasil,Boleto Bancário,Concluído
TX_14643,2025-01-21 06:06:00,CLI_436,Luminária,Casa,2414.23,5,Bom Despacho/MG/Brasil,Boleto Bancário,Em Processamento
TX_14644,2025-06-13 11:06:00,CLI_641,Smartphone,Eletrônicos,1574.73,2,Salvador/BA/Brasil,Pix,Cancelado
TX_14645,2025-11-19 05:05:00,CLI_147,Cafeteira,Casa,1849.49,2,Curitiba/PR/Brasil,Pix,Concluído
TX_14646,2025-07-09 02:01:00,CLI_908,Fone de Ouvido,Eletrônicos,1642.2,3,São Paulo/SP/Brasil,Boleto Bancário,Concluído
TX_14647,2025-01-08 17:51:00,CLI_787,Smartwatch,Eletrônicos,429.31,1,Curitiba/PR/Brasil,Cartão de Crédito,Concluído
TX_14648,2025-02-15 07:53:00,CLI_763,Cadeira Escritório,Casa,1006.6,3,Curitiba/PR/Brasil,Pix,Concluído
TX_14649,2025-06-09 11:27:00,CLI_665,Smartphone,Eletrônicos,1063.53,5,São Paulo/SP/Brasil,Boleto Bancário,Concluído
TX_14650,2025-07-27 19:28:00,CLI_737,Jaqueta,Vestuário,2390.97,4,São Paulo/SP/Brasil,Pix,Em Processamento
TX_14651,2025-08-12 22:09:00,CLI_456,Jogo de Cama,Casa,2590.77,5,Bom Despacho/MG/Brasil,Cartão de Crédito,Concluído
TX_14652,2025-04-22 13:46:00,CLI_399,Biografia,Livros,1713.03,2,Salvador/BA/Brasil,Pix,Concluído
TX_14653,2025-01-20 17:53:00,CLI_847,Luminária,Casa,784.95,3,Curitiba/PR/Brasil,Cartão de Crédito,Concluído
TX_14654,2025-11-28 21:42:00,CLI_992,Tênis,Vestuário,2745.25,4,Bom Despacho/MG/Brasil,Pix,Concluído
TX_14655,2025-05-14 12:11:00,CLI_316,Smartphone,Eletrônicos,2077.07,5,São Paulo/SP/Brasil,Cartão de Crédito,Concluído
TX_14656,2025-06-11 03:33:00,CLI_408,História,Livros,50.71,5,Rio de Janeiro/RJ/Brasil,Pix,Concluído
TX_14657,2025-10-24 17:08:00,CLI_558,Ficção Científica,Livros,749.49,4,Salvador/BA/Brasil,Cartão de Crédito,Em Processamento
TX_14658,2025-10-01 19:08:00,CLI_205,Smartwatch,Eletrônicos,791.73,1,Curitiba/PR/Brasil,Cartão de Crédito,Em Processamento
TX_14659,2025-02-25 23:11:00,CLI_284,Cadeira Escritório,Casa,1930.06,3,Salvador/BA/Brasil,Cartão de Crédito,Concluído
TX_14660,2025-05-14 13:57:00,CLI_494,Desenvolvimento Pessoal,Livros,3483.72,3,Bom Despacho/MG/Brasil,Pix,Concluído
TX_14661,2025-04-23 14:23:00,CLI_210,Notebook,Eletrônicos,458.4,4,Bom Despacho/MG/Brasil,Boleto Bancário,Em Processamento
TX_14662,2026-01-30 05:31:00,CLI_905,História,Livros,2649.37,5,Rio de Janeiro/RJ/Brasil,Pix,Cancelado
TX_14663,2025-07-06 01:16:00,CLI_668,Cadeira Escritório,Casa,223.85,5,Bom Despacho/MG/Brasil,Boleto Bancário,Em Processamento
TX_14664,2025-04-29 22:15:00,CLI_325,Ficção Científica,Livros,327.09,3,Curitiba/PR/Brasil,Pix,Concluído
TX_14665,2025-03-30 13:03:00,CLI_946,Ficção Científica,Livros,302.46,3,Bom Despacho/MG/Brasil,Pix,Concluído
TX_14666,2025-05-16 08:57:00,CLI_884,Desenvolvimento Pessoal,Livros,380.19,2,São Paulo/SP/Brasil,Pix,Concluído
TX_14667,2026-01-14 21:36:00,CLI_246,Cafeteira,Casa,2104.59,4,Salvador/BA/Brasil,Boleto Bancário,Em Processamento
TX_14668,2025-02-14 22:31:00,CLI_789,Cafeteira,Casa,2939.89,1,Bom Despacho/MG/Brasil,Cartão de Crédito,Cancelado
TX_14669,2025-09-17 16:33:00,CLI_948,Fone de Ouvido,Eletrônicos,1508.57,1,Salvador/BA/Brasil,Boleto Bancário,Concluído
TX_14670,2025-11-01 13:23:00,CLI_433,Jaqueta,Vestuário,2579.76,3,Rio de Janeiro/RJ/Brasil,Cartão de Crédito,Cancelado
TX_14671,2025-05-25 22:31:00,CLI_792,Ficção Científica,Livros,436.91,4,Curitiba/PR/Brasil,Pix,Concluído
TX_14672,2025-12-22 04:13:00,CLI_294,Notebook,Eletrônicos,1242.78,3,Curitiba/PR/Brasil,Cartão de Crédito,Concluído
TX_14673,2025-02-14 19:00:00,CLI_302,Cafeteira,Casa,514.67,4,Curitiba/PR/Brasil,Boleto Bancário,Concluído
TX_14674,2025-05-11 04:11:00,CLI_983,Notebook,Eletrônicos,2412.44,3,Salvador/BA/Brasil,Cartão de Crédito,Concluído
TX_14675,2025-11-18 12:21:00,CLI_891,Cafeteira,Casa,507.65,4,Rio de Janeiro/RJ/Brasil,Pix,Concluído
TX_14676,2025-09-15 21:47:00,CLI_163,Cadeira Escritório,Casa,1794.28,3,Salvador/BA/Brasil,Boleto Bancário,Em Processamento
TX_14677,2025-03-22 16:04:00,CLI_173,Camiseta,Vestuário,542.27,2,Curitiba/PR/Brasil,Cartão de Crédito,Concluído
TX_14678,2025-04-19 16:40:00,CLI_642,Notebook,Eletrônicos,3278.0,2,Salvador/BA/Brasil,Cartão de Crédito,Cancelado
TX_14679,2025-05-07 08:19:00,CLI_258,Biografia,Livros,3076.23,2,Curitiba/PR/Brasil,Pix,Cancelado
TX_14680,2025-08-11 20:58:00,CLI_443,História,Livros,3191.65,5,Bom Despacho/MG/Brasil,Cartão de Crédito,Em Processamento
TX_14681,2025-08-17 21:51:00,CLI_823,Cadeira Escritório,Casa,1610.45,3,Salvador/BA/Brasil,Boleto Bancário,Concluído
TX_14682,2025-11-09 06:37:00,CLI_906,Cafeteira,Casa,269.14,4,Salvador/BA/Brasil,Pix,Concluído
TX_14683,2025-07-29 17:13:00,CLI_366,Biografia,Livros,2486.97,5,Curitiba/PR/Brasil,Cartão de Crédito,Concluído
TX_14684,2025-08-13 22:03:00,CLI_613,Jaqueta,Vestuário,744.19,2,Curitiba/PR/Brasil,Cartão de Crédito,Concluído
TX_14685,2026-01-01 07:02:00,CLI_995,Smartwatch,Eletrônicos,388.95,4,São Paulo/SP/Brasil,Boleto Bancário,Concluído
TX_14686,2025-01-22 07:04:00,CLI_667,Jogo de Cama,Casa,2386.85,2,Bom Despacho/MG/Brasil,Cartão de Crédito,Concluído
TX_14687,2025-09-20 00:32:00,CLI_207,Fone de Ouvido,Eletrônicos,1402.08,3,São Paulo/SP/Brasil,Boleto Bancário,Concluído
TX_14688,2025-03-11 18:21:00,CLI_159,Calça Jeans,Vestuário,3042.47,5,Curitiba/PR/Brasil,Cartão de Crédito,Em Processamento
TX_14689,2025-02-26 12:04:00,CLI_382,Jogo de Cama,Casa,2715.5,2,São Paulo/SP/Brasil,Boleto Bancário,Cancelado
TX_14690,2025-05-06 08:52:00,CLI_928,Fone de Ouvido,Eletrônicos,316.75,3,Curitiba/PR/Brasil,Boleto Bancário,Concluído
TX_14691,2025-01-07 17:04:00,CLI_530,Smartwatch,Eletrônicos,2963.42,2,Curitiba/PR/Brasil,Boleto Bancário,Cancelado
TX_14692,2025-07-23 01:17:00,CLI_244,Luminária,Casa,1445.24,2,Bom Despacho/MG/Brasil,Cartão de Crédito,Concluído
TX_14693,2025-06-22 03:34:00,CLI_753,Biografia,Livros,2739.64,2,Rio de Janeiro/RJ/Brasil,Pix,Concluído
TX_14694,2025-08-01 04:16:00,CLI_166,Tênis,Vestuário,225.3,3,São Paulo/SP/Brasil,Cartão de Crédito,Concluído
TX_14695,2025-10-25 16:56:00,CLI_767,Cadeira Escritório,Casa,76.55,2,Salvador/BA/Brasil,Boleto Bancário,Em Processamento
TX_14696,2025-11-10 16:18:00,CLI_757,Smartphone,Eletrônicos,1248.06,4,Salvador/BA/Brasil,Boleto Bancário,Cancelado
TX_14697,2025-10-01 07:19:00,CLI_528,Desenvolvimento Pessoal,Livros,1939.92,4,São Paulo/SP/Brasil,Boleto Bancário,Concluído
TX_14698,2025-08-15 07:42:00,CLI_582,Fone de Ouvido,Eletrônicos,3449.95,1,São Paulo/SP/Brasil,Boleto Bancário,Cancelado
TX_14699,2025-10-24 00:36:00,CLI_299,Fone de Ouvido,Eletrônicos,2172.64,5,Rio de Janeiro/RJ/Brasil,Cartão de Crédito,Concluído
TX_14700,2025-04-01 13:34:00,CLI_915,Fone de Ouvido,Eletrônicos,152.88,1,Curitiba/PR/Brasil,Boleto Bancário,Concluído
TX_14701,2025-09-20 11:08:00,CLI_768,Cadeira Escritório,Casa,1579.36,5,Bom Despacho/MG/Brasil,Boleto Bancário,Em Processamento
TX_14702,2025-03-28 15:45:00,CLI_333,Camiseta,Vestuário,1872.33,3,Rio de Janeiro/RJ/Brasil,Cartão de Crédito,Concluído
TX_14703,2025-10-22 15:28:00,CLI_786,Calça Jeans,Vestuário,2381.32,3,Rio de Janeiro/RJ/Brasil,Pix,Concluído
TX_14704,2025-12-10 23:04:00,CLI_354,Fone de Ouvido,Eletrônicos,1934.08,3,Salvador/BA/Brasil,Pix,Concluído
TX_14705,2025-09-17 18:19:00,CLI_511,Jogo de Cama,Casa,2759.13,3,São Paulo/SP/Brasil,Boleto Bancário,Concluído
TX_14706,2025-09-01 21:28:00,CLI_951,Ficção Científica,Livros,2908.13,2,São Paulo/SP/Brasil,Boleto Bancário,Concluído
TX_14707,2025-07-30 20:26:00,CLI_955,Biografia,Livros,1838.49,4,Curitiba/PR/Brasil,Pix,Concluído
TX_14708,2025-06-22 18:34:00,CLI_349,Luminária,Casa,1895.72,3,Bom Despacho/MG/Brasil,Cartão de Crédito,Concluído
TX_14709,2025-11-12 19:50:00,CLI_155,História,Livros,2565.13,1,São Paulo/SP/Brasil,Pix,Concluído
TX_14710,2026-01-28 12:22:00,CLI_701,Smartphone,Eletrônicos,2477.55,1,Rio de Janeiro/RJ/Brasil,Pix,Concluído
TX_14711,2026-01-23 12:47:00,CLI_789,Calça Jeans,Vestuário,1480.85,4,São Paulo/SP/Brasil,Pix,Concluído
TX_14712,2025-06-09 13:50:00,CLI_131,Smartphone,Eletrônicos,330.86,5,São Paulo/SP/Brasil,Boleto Bancário,Concluído
TX_14713,2025-01-04 14:50:00,CLI_270,Tênis,Vestuário,3451.97,4,Rio de Janeiro/RJ/Brasil,Cartão de Crédito,Em Processamento
TX_14714,2026-01-16 09:25:00,CLI_233,Camiseta,Vestuário,2665.46,4,Curitiba/PR/Brasil,Cartão de Crédito,Concluído
TX_14715,2025-05-30 01:47:00,CLI_662,Smartwatch,Eletrônicos,3337.72,2,São Paulo/SP/Brasil,Cartão de Crédito,Concluído
TX_14716,2025-12-20 15:19:00,CLI_223,Smartwatch,Eletrônicos,2113.2,5,São Paulo/SP/Brasil,Pix,Concluído
TX_14717,2025-06-21 03:45:00,CLI_718,Desenvolvimento Pessoal,Livros,2335.58,5,São Paulo/SP/Brasil,Pix,Concluído
TX_14718,2026-01-23 11:21:00,CLI_522,Smartphone,Eletrônicos,2703.17,2,São Paulo/SP/Brasil,Boleto Bancário,Concluído
TX_14719,2025-07-06 20:24:00,CLI_477,Jaqueta,Vestuário,318.29,4,Rio de Janeiro/RJ/Brasil,Cartão de Crédito,Concluído
TX_14720,2025-05-03 22:15:00,CLI_128,Tênis,Vestuário,538.0,2,São Paulo/SP/Brasil,Boleto Bancário,Cancelado
TX_14721,2025-07-23 14:08:00,CLI_434,Ficção Científica,Livros,2602.58,1,São Paulo/SP/Brasil,Cartão de Crédito,Concluído
TX_14722,2025-08-17 15:01:00,CLI_554,Calça Jeans,Vestuário,1017.11,3,Bom Despacho/MG/Brasil,Boleto Bancário,Concluído
TX_14723,2025-09-13 11:30:00,CLI_296,Cadeira Escritório,Casa,541.79,4,São Paulo/SP/Brasil,Boleto Bancário,Em Processamento
TX_14724,2025-07-21 04:09:00,CLI_423,Desenvolvimento Pessoal,Livros,1851.33,5,Rio de Janeiro/RJ/Brasil,Boleto Bancário,Em Processamento
TX_14725,2025-05-08 03:22:00,CLI_588,Smartwatch,Eletrônicos,3398.25,3,Salvador/BA/Brasil,Cartão de Crédito,Concluído
TX_14726,2026-01-06 08:58:00,CLI_218,Fone de Ouvido,Eletrônicos,562.89,5,Rio de Janeiro/RJ/Brasil,Pix,Concluído
TX_14727,2025-04-22 02:32:00,CLI_788,Cadeira Escritório,Casa,3274.29,4,Curitiba/PR/Brasil,Cartão de Crédito,Cancelado
TX_14728,2025-01-01 23:17:00,CLI_519,Luminária,Casa,1416.97,3,Salvador/BA/Brasil,Pix,Concluído
TX_14729,2026-01-15 00:10:00,CLI_296,Fone de Ouvido,Eletrônicos,900.77,1,Curitiba/PR/Brasil,Boleto Bancário,Concluído
TX_14730,2025-08-25 00:59:00,CLI_496,História,Livros,378.37,1,São Paulo/SP/Brasil,Cartão de Crédito,Concluído
TX_14731,2025-09-30 07:33:00,CLI_977,Jaqueta,Vestuário,330.3,5,Rio de Janeiro/RJ/Brasil,Boleto Bancário,Concluído
TX_14732,2025-05-06 10:51:00,CLI_581,Biografia,Livros,2061.15,3,São Paulo/SP/Brasil,Pix,Concluído
TX_14733,2025-10-19 02:10:00,CLI_781,Smartphone,Eletrônicos,2714.46,3,São Paulo/SP/Brasil,Pix,Concluído
TX_14734,2025-10-11 05:04:00,CLI_972,Ficção Científica,Livros,1028.81,1,Curitiba/PR/Brasil,Pix,Concluído
TX_14735,2025-06-05 22:33:00,CLI_824,Tênis,Vestuário,3453.74,1,Rio de Janeiro/RJ/Brasil,Cartão de Crédito,Concluído
TX_14736,2025-12-04 13:30:00,CLI_546,Desenvolvimento Pessoal,Livros,518.56,5,Bom Despacho/MG/Brasil,Cartão de Crédito,Concluído
TX_14737,2025-05-31 04:18:00,CLI_860,Camiseta,Vestuário,270.41,1,Curitiba/PR/Brasil,Pix,Em Processamento
TX_14738,2025-04-25 17:41:00,CLI_926,Cadeira Escritório,Casa,3323.22,5,São Paulo/SP/Brasil,Pix,Concluído
TX_14739,2025-05-23 23:31:00,CLI_532,Jogo de Cama,Casa,1377.32,2,Rio de Janeiro/RJ/Brasil,Cartão de Crédito,Cancelado
TX_14740,2025-06-16 06:25:00,CLI_879,Cadeira Escritório,Casa,3240.13,1,Bom Despacho/MG/Brasil,Pix,Concluído
TX_14741,2025-01-18 11:02:00,CLI_761,Luminária,Casa,2878.02,1,Curitiba/PR/Brasil,Cartão de Crédito,Concluído
TX_14742,2025-11-25 23:00:00,CLI_397,Ficção Científica,Livros,2248.07,2,Rio de Janeiro/RJ/Brasil,Boleto Bancário,Concluído
TX_14743,2025-11-03 23:20:00,CLI_146,Smartwatch,Eletrônicos,2241.83,5,Salvador/BA/Brasil,Pix,Em Processamento
TX_14744,2025-01-28 03:48:00,CLI_670,Cadeira Escritório,Casa,2805.54,5,Curitiba/PR/Brasil,Cartão de Crédito,Concluído
TX_14745,2025-11-21 09:29:00,CLI_754,Luminária,Casa,1002.93,3,Bom Despacho/MG/Brasil,Pix,Concluído
TX_14746,2025-07-10 22:20:00,CLI_949,Tênis,Vestuário,2290.81,5,Rio de Janeiro/RJ/Brasil,Pix,Concluído
TX_14747,2025-02-18 22:41:00,CLI_536,História,Livros,1764.34,3,São Paulo/SP/Brasil,Cartão de Crédito,Concluído
TX_14748,2025-06-13 01:39:00,CLI_360,Camiseta,Vestuário,,5,Curitiba/PR/Brasil,Cartão de Crédito,Cancelado
TX_14749,2025-09-23 11:10:00,CLI_736,Smartphone,Eletrônicos,1401.43,5,São Paulo/SP/Brasil,Boleto Bancário,Cancelado
TX_14750,2025-07-03 05:46:00,CLI_678,Luminária,Casa,89.04,3,Salvador/BA/Brasil,Cartão de Crédito,Em Processamento
TX_14751,2025-03-20 17:08:00,CLI_169,Cadeira Escritório,Casa,1864.27,4,Salvador/BA/Brasil,Boleto Bancário,Concluído
TX_14752,2025-01-26 13:32:00,CLI_310,História,Livros,2597.42,5,Salvador/BA/Brasil,Boleto Bancário,Concluído
TX_14753,2025-11-22 03:14:00,CLI_192,Luminária,Casa,2094.94,3,Curitiba/PR/Brasil,Cartão de Crédito,Cancelado
TX_14754,2025-11-27 20:52:00,CLI_126,Jaqueta,Vestuário,1794.17,5,Salvador/BA/Brasil,Boleto Bancário,Concluído
TX_14755,2026-01-26 04:11:00,CLI_253,Biografia,Livros,3360.69,1,São Paulo/SP/Brasil,Pix,Em Processamento
TX_14756,2025-03-18 05:28:00,CLI_314,Jogo de Cama,Casa,856.34,1,Salvador/BA/Brasil,Cartão de Crédito,Concluído
TX_14757,2025-03-12 11:49:00,CLI_102,História,Livros,2888.61,2,Curitiba/PR/Brasil,Boleto Bancário,Concluído
TX_14758,2025-03-31 23:31:00,CLI_571,Ficção Científica,Livros,2452.07,3,Curitiba/PR/Brasil,Cartão de Crédito,Concluído
TX_14759,2025-12-01 16:52:00,CLI_293,Jogo de Cama,Casa,516.75,3,Curitiba/PR/Brasil,Boleto Bancário,Cancelado
TX_14760,2025-04-03 03:27:00,CLI_792,Jaqueta,Vestuário,3137.18,2,Bom Despacho/MG/Brasil,Cartão de Crédito,Em Processamento
TX_14761,2025-08-13 20:16:00,CLI_344,Jogo de Cama,Casa,3138.89,3,São Paulo/SP/Brasil,Cartão de Crédito,Concluído
TX_14762,2025-12-29 21:02:00,CLI_394,Ficção Científica,Livros,515.01,1,Salvador/BA/Brasil,Boleto Bancário,Concluído
TX_14763,2025-11-25 00:04:00,CLI_984,Tênis,Vestuário,2684.81,3,Rio de Janeiro/RJ/Brasil,Pix,Em Processamento
TX_14764,2025-12-28 20:42:00,CLI_329,História,Livros,1392.9,2,Salvador/BA/Brasil,Pix,Concluído
TX_14765,2025-03-18 07:35:00,CLI_633,Desenvolvimento Pessoal,Livros,2529.99,1,Curitiba/PR/Brasil,Pix,Concluído
TX_14766,2025-05-03 10:56:00,CLI_206,Calça Jeans,Vestuário,370.39,1,São Paulo/SP/Brasil,Cartão de Crédito,Concluído
TX_14767,2025-09-01 11:12:00,CLI_292,Smartphone,Eletrônicos,1314.75,1,São Paulo/SP/Brasil,Cartão de Crédito,Concluído
TX_14768,2026-02-02 09:50:00,CLI_828,Desenvolvimento Pessoal,Livros,2564.97,1,Salvador/BA/Brasil,Cartão de Crédito,Concluído
TX_14769,2025-04-27 05:48:00,CLI_134,Calça Jeans,Vestuário,1958.64,2,Rio de Janeiro/RJ/Brasil,Boleto Bancário,Concluído
TX_14770,2025-06-05 07:04:00,CLI_698,Ficção Científica,Livros,2910.92,1,Salvador/BA/Brasil,Cartão de Crédito,Cancelado
TX_14771,2025-08-14 17:43:00,CLI_310,Fone de Ouvido,Eletrônicos,1686.84,2,Salvador/BA/Brasil,Cartão de Crédito,Concluído
TX_14772,2025-04-06 04:47:00,CLI_484,Smartwatch,Eletrônicos,2278.52,5,Salvador/BA/Brasil,Cartão de Crédito,Em Processamento
TX_14773,2025-07-10 03:38:00,CLI_739,Jaqueta,Vestuário,823.12,4,São Paulo/SP/Brasil,Boleto Bancário,Concluído
TX_14774,2025-01-02 06:44:00,CLI_554,Jogo de Cama,Casa,2238.25,4,Salvador/BA/Brasil,Boleto Bancário,Concluído
TX_14775,2025-04-17 15:12:00,CLI_162,Smartphone,Eletrônicos,2353.93,5,Rio de Janeiro/RJ/Brasil,Pix,Cancelado
TX_14776,2025-06-10 10:31:00,CLI_131,Tênis,Vestuário,1547.08,4,Bom Despacho/MG/Brasil,Cartão de Crédito,Concluído
TX_14777,2025-06-14 22:11:00,CLI_619,Jogo de Cama,Casa,1822.96,2,Bom Despacho/MG/Brasil,Pix,Em Processamento
TX_14778,2025-01-15 22:47:00,CLI_668,Smartphone,Eletrônicos,2841.77,5,Salvador/BA/Brasil,Boleto Bancário,Concluído
TX_14779,2026-01-09 18:15:00,CLI_387,Luminária,Casa,1730.16,5,Rio de Janeiro/RJ/Brasil,Boleto Bancário,Concluído
TX_14780,2025-04-23 15:51:00,CLI_171,Cadeira Escritório,Casa,3472.48,4,Bom Despacho/MG/Brasil,Pix,Concluído
TX_14781,2026-01-16 01:08:00,CLI_556,Jogo de Cama,Casa,2704.74,4,Rio de Janeiro/RJ/Brasil,Pix,Cancelado
TX_14782,2025-04-20 07:57:00,CLI_192,Ficção Científica,Livros,363.04,1,Curitiba/PR/Brasil,Boleto Bancário,Cancelado
TX_14783,2025-06-20 11:30:00,CLI_861,Smartphone,Eletrônicos,782.46,5,Salvador/BA/Brasil,Cartão de Crédito,Cancelado
TX_14784,2025-05-11 23:23:00,CLI_158,Camiseta,Vestuário,817.82,4,Rio de Janeiro/RJ/Brasil,Boleto Bancário,Concluído
TX_14785,2025-09-06 19:31:00,CLI_746,Ficção Científica,Livros,2287.67,1,Rio de Janeiro/RJ/Brasil,Pix,Concluído
TX_14786,2025-05-27 12:39:00,CLI_629,Camiseta,Vestuário,466.62,4,São Paulo/SP/Brasil,Cartão de Crédito,Concluído
TX_14787,2025-08-18 23:38:00,CLI_405,Biografia,Livros,457.52,4,Bom Despacho/MG/Brasil,Boleto Bancário,Concluído
TX_14788,2025-07-04 10:57:00,CLI_162,Biografia,Livros,2690.68,3,Rio de Janeiro/RJ/Brasil,Cartão de Crédito,Em Processamento
TX_14789,2025-07-16 15:03:00,CLI_739,Fone de Ouvido,Eletrônicos,2230.54,2,Rio de Janeiro/RJ/Brasil,Cartão de Crédito,Cancelado
TX_14790,2025-06-26 16:16:00,CLI_661,Camiseta,Vestuário,2847.27,5,Salvador/BA/Brasil,Cartão de Crédito,Concluído
TX_14791,2025-10-03 03:22:00,CLI_682,Cafeteira,Casa,2121.65,4,São Paulo/SP/Brasil,Boleto Bancário,Concluído
TX_14792,2025-06-17 15:14:00,CLI_861,Cafeteira,Casa,2444.12,5,Curitiba/PR/Brasil,Cartão de Crédito,Cancelado
TX_14793,2025-01-18 10:44:00,CLI_366,Cafeteira,Casa,208.53,3,Rio de Janeiro/RJ/Brasil,Cartão de Crédito,Concluído
TX_14794,2025-05-24 00:19:00,CLI_677,Cadeira Escritório,Casa,2757.92,1,Curitiba/PR/Brasil,Cartão de Crédito,Cancelado
TX_14795,2026-01-12 20:22:00,CLI_795,Desenvolvimento Pessoal,Livros,860.93,1,Salvador/BA/Brasil,Cartão de Crédito,Concluído
TX_14796,2025-01-18 11:54:00,CLI_855,Luminária,Casa,2207.58,1,Bom Despacho/MG/Brasil,Pix,Cancelado
TX_14797,2025-05-20 14:47:00,CLI_467,Smartphone,Eletrônicos,1093.01,3,Bom Despacho/MG/Brasil,Cartão de Crédito,Concluído
TX_14798,2025-01-20 00:46:00,CLI_399,Smartphone,Eletrônicos,2500.54,3,Bom Despacho/MG/Brasil,Pix,Concluído
TX_14799,2025-04-19 10:05:00,CLI_849,História,Livros,3387.68,4,Salvador/BA/Brasil,Pix,Concluído
TX_14800,2025-05-25 18:49:00,CLI_694,Cadeira Escritório,Casa,2123.47,3,São Paulo/SP/Brasil,Pix,Cancelado
TX_14801,2025-08-05 02:03:00,CLI_185,Tênis,Vestuário,3382.17,5,Curitiba/PR/Brasil,Cartão de Crédito,Cancelado
TX_14802,2025-09-17 03:49:00,CLI_274,Luminária,Casa,2341.54,1,São Paulo/SP/Brasil,Pix,Concluído
TX_14803,2025-10-13 23:02:00,CLI_220,Tênis,Vestuário,1297.95,3,São Paulo/SP/Brasil,Boleto Bancário,Concluído
TX_14804,2025-06-23 00:44:00,CLI_549,Jogo de Cama,Casa,3040.04,1,São Paulo/SP/Brasil,Pix,Concluído
TX_14805,2025-09-04 16:31:00,CLI_977,Smartwatch,Eletrônicos,2685.35,4,Bom Despacho/MG/Brasil,Cartão de Crédito,Concluído
TX_14806,2025-12-25 08:26:00,CLI_224,Notebook,Eletrônicos,2050.03,4,Rio de Janeiro/RJ/Brasil,Pix,Concluído
TX_14807,2025-07-12 03:24:00,CLI_523,Tênis,Vestuário,1791.99,3,Bom Despacho/MG/Brasil,Pix,Cancelado
TX_14808,2026-01-25 21:58:00,CLI_617,Desenvolvimento Pessoal,Livros,2130.18,2,Bom Despacho/MG/Brasil,Pix,Concluído
TX_14809,2025-09-18 02:17:00,CLI_987,Notebook,Eletrônicos,321.74,2,Rio de Janeiro/RJ/Brasil,Pix,Concluído
TX_14810,2025-12-31 20:19:00,CLI_936,Cafeteira,Casa,2490.19,5,Curitiba/PR/Brasil,Pix,Concluído
TX_14811,2025-09-29 19:38:00,CLI_413,Fone de Ouvido,Eletrônicos,84.75,1,Bom Despacho/MG/Brasil,Boleto Bancário,Concluído
TX_14812,2025-05-11 13:49:00,CLI_340,Desenvolvimento Pessoal,Livros,3088.66,5,Salvador/BA/Brasil,Cartão de Crédito,Concluído
TX_14813,2026-01-20 08:19:00,CLI_589,Ficção Científica,Livros,1399.58,4,Curitiba/PR/Brasil,Pix,Concluído
TX_14814,2025-09-29 01:32:00,CLI_429,Biografia,Livros,880.09,2,Curitiba/PR/Brasil,Pix,Concluído
TX_14815,2025-08-05 04:19:00,CLI_967,Smartwatch,Eletrônicos,1890.73,4,São Paulo/SP/Brasil,Pix,Cancelado
TX_14816,2025-08-06 23:41:00,CLI_509,História,Livros,2641.12,5,Curitiba/PR/Brasil,Cartão de Crédito,Em Processamento
TX_14817,2025-03-25 12:59:00,CLI_958,Notebook,Eletrônicos,897.12,3,Bom Despacho/MG/Brasil,Boleto Bancário,Em Processamento
TX_14818,2025-08-11 19:46:00,CLI_608,Camiseta,Vestuário,2961.43,1,Curitiba/PR/Brasil,Boleto Bancário,Concluído
TX_14819,2025-10-22 03:59:00,CLI_126,História,Livros,2204.8,4,Bom Despacho/MG/Brasil,Boleto Bancário,Concluído
TX_14820,2025-12-05 10:20:00,CLI_976,História,Livros,981.99,4,São Paulo/SP/Brasil,Pix,Cancelado
TX_14821,2025-07-01 15:22:00,CLI_966,Fone de Ouvido,Eletrônicos,2968.36,1,São Paulo/SP/Brasil,Cartão de Crédito,Concluído
TX_14822,2025-07-08 09:37:00,CLI_362,Smartphone,Eletrônicos,2167.69,1,Bom Despacho/MG/Brasil,Boleto Bancário,Em Processamento
TX_14823,2025-03-09 12:38:00,CLI_498,Cadeira Escritório,Casa,3476.87,2,Bom Despacho/MG/Brasil,Pix,Concluído
TX_14824,2025-06-22 11:29:00,CLI_826,Cafeteira,Casa,2346.83,4,Bom Despacho/MG/Brasil,Pix,Cancelado
TX_14825,2025-12-20 09:16:00,CLI_288,Calça Jeans,Vestuário,26.24,3,Bom Despacho/MG/Brasil,Cartão de Crédito,Em Processamento
TX_14826,2025-12-18 15:20:00,CLI_264,Jogo de Cama,Casa,1654.42,4,São Paulo/SP/Brasil,Cartão de Crédito,Em Processamento
TX_14827,2025-10-20 11:09:00,CLI_788,Jaqueta,Vestuário,1783.67,5,Curitiba/PR/Brasil,Pix,Concluído
TX_14828,2025-07-26 00:46:00,CLI_340,Jogo de Cama,Casa,1442.97,4,Curitiba/PR/Brasil,Boleto Bancário,Em Processamento
TX_14829,2025-08-11 23:15:00,CLI_996,Notebook,Eletrônicos,1082.22,5,Curitiba/PR/Brasil,Cartão de Crédito,Em Processamento
TX_14830,2025-01-24 01:55:00,CLI_593,Jogo de Cama,Casa,2117.0,4,Bom Despacho/MG/Brasil,Cartão de Crédito,Cancelado
TX_14831,2025-09-11 15:56:00,CLI_797,Jogo de Cama,Casa,1846.38,2,Curitiba/PR/Brasil,Pix,Cancelado
TX_14832,2025-10-16 02:12:00,CLI_700,Smartwatch,Eletrônicos,404.26,2,Bom Despacho/MG/Brasil,Boleto Bancário,Cancelado
TX_14833,2025-03-30 11:42:00,CLI_721,Luminária,Casa,628.12,1,Curitiba/PR/Brasil,Cartão de Crédito,Cancelado
TX_14834,2025-11-10 16:15:00,CLI_642,Fone de Ouvido,Eletrônicos,230.99,5,Curitiba/PR/Brasil,Boleto Bancário,Concluído
TX_14835,2025-12-09 01:34:00,CLI_121,Camiseta,Vestuário,1840.74,2,Curitiba/PR/Brasil,Cartão de Crédito,Concluído
TX_14836,2026-01-30 16:23:00,CLI_406,Notebook,Eletrônicos,822.47,4,Rio de Janeiro/RJ/Brasil,Boleto Bancário,Concluído
TX_14837,2025-10-10 00:07:00,CLI_192,Cafeteira,Casa,2443.01,5,São Paulo/SP/Brasil,Boleto Bancário,Concluído
TX_14838,2025-10-21 10:15:00,CLI_530,Smartphone,Eletrônicos,3155.37,1,Rio de Janeiro/RJ/Brasil,Cartão de Crédito,Concluído
TX_14839,2025-08-25 20:27:00,CLI_196,Notebook,Eletrônicos,932.14,3,Salvador/BA/Brasil,Boleto Bancário,Concluído
TX_14840,2025-01-15 06:26:00,CLI_946,Smartphone,Eletrônicos,818.25,1,Rio de Janeiro/RJ/Brasil,Pix,Em Processamento
TX_14841,2025-11-27 19:47:00,CLI_359,História,Livros,552.33,5,Curitiba/PR/Brasil,Pix,Concluído
TX_14842,2025-12-13 09:47:00,CLI_262,Jaqueta,Vestuário,1861.71,3,Bom Despacho/MG/Brasil,Pix,Concluído
TX_14843,2025-06-06 21:25:00,CLI_663,História,Livros,2210.26,3,Rio de Janeiro/RJ/Brasil,Cartão de Crédito,Concluído
TX_14844,2025-09-01 04:39:00,CLI_800,Notebook,Eletrônicos,2778.22,4,Curitiba/PR/Brasil,Boleto Bancário,Concluído
TX_14845,2025-07-03 01:35:00,CLI_961,Smartwatch,Eletrônicos,1165.07,2,Rio de Janeiro/RJ/Brasil,Cartão de Crédito,Cancelado
TX_14846,2025-12-02 21:37:00,CLI_412,Biografia,Livros,2369.37,5,Bom Despacho/MG/Brasil,Cartão de Crédito,Cancelado
TX_14847,2026-01-03 15:44:00,CLI_880,Jaqueta,Vestuário,2480.29,5,Salvador/BA/Brasil,Cartão de Crédito,Em Processamento
TX_14848,2025-09-27 14:53:00,CLI_553,Luminária,Casa,592.61,4,Rio de Janeiro/RJ/Brasil,Pix,Concluído
TX_14849,2025-02-12 01:46:00,CLI_401,História,Livros,77.77,4,Salvador/BA/Brasil,Boleto Bancário,Concluído
TX_14850,2025-04-04 09:36:00,CLI_202,História,Livros,2606.64,4,Bom Despacho/MG/Brasil,Cartão de Crédito,Concluído
TX_14851,2025-05-27 00:41:00,CLI_370,Notebook,Eletrônicos,285.06,1,São Paulo/SP/Brasil,Pix,Concluído
TX_14852,2026-02-02 09:33:00,CLI_355,Notebook,Eletrônicos,2756.7,2,Salvador/BA/Brasil,Pix,Concluído
TX_14853,2025-08-13 18:03:00,CLI_202,Jaqueta,Vestuário,1029.5,4,Bom Despacho/MG/Brasil,Cartão de Crédito,Concluído
TX_14854,2025-10-26 07:09:00,CLI_478,Luminária,Casa,743.46,1,São Paulo/SP/Brasil,Boleto Bancário,Concluído
TX_14855,2025-09-19 10:18:00,CLI_478,Smartphone,Eletrônicos,1393.9,2,Bom Despacho/MG/Brasil,Cartão de Crédito,Concluído
TX_14856,2026-01-06 23:48:00,CLI_833,Ficção Científica,Livros,243.63,4,São Paulo/SP/Brasil,Pix,
TX_14857,2025-07-04 14:09:00,CLI_128,Camiseta,Vestuário,2809.66,2,Curitiba/PR/Brasil,Cartão de Crédito,Concluído
TX_14858,2025-08-21 07:16:00,CLI_341,Smartwatch,Eletrônicos,2920.86,4,Rio de Janeiro/RJ/Brasil,Boleto Bancário,Concluído
TX_14859,2025-12-05 09:52:00,CLI_679,Smartphone,Eletrônicos,613.74,2,São Paulo/SP/Brasil,Cartão de Crédito,Em Processamento
TX_14860,2025-01-08 00:00:00,CLI_525,Calça Jeans,Vestuário,284.55,5,Bom Despacho/MG/Brasil,Pix,Concluído
TX_14861,2025-01-28 05:50:00,CLI_765,Cadeira Escritório,Casa,1106.13,1,Curitiba/PR/Brasil,Pix,Concluído
TX_14862,2025-08-30 02:50:00,CLI_165,Luminária,Casa,2907.73,1,Bom Despacho/MG/Brasil,Cartão de Crédito,Concluído
TX_14863,2025-06-11 08:16:00,CLI_171,Luminária,Casa,2481.44,5,São Paulo/SP/Brasil,Pix,Em Processamento
TX_14864,2025-09-04 13:51:00,CLI_714,Ficção Científica,Livros,2734.9,3,Rio de Janeiro/RJ/Brasil,Pix,Cancelado
TX_14865,2025-06-17 08:45:00,CLI_614,História,Livros,2951.74,3,São Paulo/SP/Brasil,Pix,Concluído
TX_14866,2025-01-05 09:19:00,CLI_273,Cadeira Escritório,Casa,640.43,4,Bom Despacho/MG/Brasil,Pix,Concluído
TX_14867,2025-08-01 03:44:00,CLI_899,Desenvolvimento Pessoal,Livros,2555.25,4,Salvador/BA/Brasil,Pix,Concluído
TX_14868,2026-02-02 17:01:00,CLI_211,Notebook,Eletrônicos,2779.77,3,Curitiba/PR/Brasil,Boleto Bancário,Em Processamento
TX_14869,2025-07-08 18:59:00,CLI_121,Smartwatch,Eletrônicos,,5,São Paulo/SP/Brasil,Pix,Concluído
TX_14870,2025-10-13 05:48:00,CLI_511,Cadeira Escritório,Casa,1729.29,5,São Paulo/SP/Brasil,Pix,Concluído
TX_14871,2026-01-11 09:53:00,CLI_193,Fone de Ouvido,Eletrônicos,3159.55,3,Bom Despacho/MG/Brasil,Boleto Bancário,Concluído
TX_14872,2025-09-10 21:28:00,CLI_119,Jogo de Cama,Casa,1862.17,1,Curitiba/PR/Brasil,Boleto Bancário,Concluído
TX_14873,2025-03-05 07:45:00,CLI_548,Smartphone,Eletrônicos,2346.75,4,Bom Despacho/MG/Brasil,Cartão de Crédito,Cancelado
TX_14874,2025-05-31 04:52:00,CLI_360,Cadeira Escritório,Casa,233.75,5,São Paulo/SP/Brasil,Boleto Bancário,Em Processamento
TX_14875,2025-01-03 15:11:00,CLI_491,Fone de Ouvido,Eletrônicos,2313.24,1,Rio de Janeiro/RJ/Brasil,Pix,Concluído
TX_14876,2025-02-09 09:02:00,CLI_325,Smartwatch,Eletrônicos,1499.39,5,Salvador/BA/Brasil,Pix,Concluído
TX_14877,2025-07-30 03:34:00,CLI_799,Jaqueta,Vestuário,180.09,3,Curitiba/PR/Brasil,Cartão de Crédito,Cancelado
TX_14878,2025-01-15 16:52:00,CLI_542,Fone de Ouvido,Eletrônicos,63.45,4,São Paulo/SP/Brasil,Pix,Concluído
TX_14879,2025-08-31 18:53:00,CLI_356,Smartphone,Eletrônicos,638.88,3,Curitiba/PR/Brasil,Pix,Concluído
TX_14880,2025-09-29 21:20:00,CLI_538,História,Livros,3224.61,4,São Paulo/SP/Brasil,Cartão de Crédito,Cancelado
TX_14881,2025-12-19 03:09:00,CLI_718,História,Livros,2545.55,2,Rio de Janeiro/RJ/Brasil,Boleto Bancário,Concluído
TX_14882,2025-04-16 00:21:00,CLI_750,Luminária,Casa,2077.67,2,Bom Despacho/MG/Brasil,Cartão de Crédito,Concluído
TX_14883,2026-01-17 12:24:00,CLI_737,Jaqueta,Vestuário,1706.19,2,Rio de Janeiro/RJ/Brasil,Cartão de Crédito,Cancelado
TX_14884,2025-09-26 23:08:00,CLI_690,Desenvolvimento Pessoal,Livros,371.37,1,São Paulo/SP/Brasil,Pix,Em Processamento
TX_14885,2025-11-18 13:20:00,CLI_705,Cafeteira,Casa,2574.78,5,Curitiba/PR/Brasil,Boleto Bancário,Concluído
TX_14886,2025-06-25 13:49:00,CLI_916,Notebook,Eletrônicos,464.75,5,Rio de Janeiro/RJ/Brasil,Cartão de Crédito,Cancelado
TX_14887,2025-10-04 01:18:00,CLI_252,Smartphone,Eletrônicos,1261.5,1,Salvador/BA/Brasil,Cartão de Crédito,Cancelado
TX_14888,2026-01-03 08:13:00,CLI_568,Camiseta,Vestuário,232.01,3,Curitiba/PR/Brasil,Pix,Em Processamento
TX_14889,2025-03-05 13:21:00,CLI_548,Luminária,Casa,3148.05,1,Bom Despacho/MG/Brasil,Pix,Cancelado
TX_14890,2025-10-05 13:32:00,CLI_994,Jaqueta,Vestuário,2615.54,4,Bom Despacho/MG/Brasil,Cartão de Crédito,Concluído
TX_14891,2025-09-20 16:39:00,CLI_292,Jogo de Cama,Casa,3242.56,1,Curitiba/PR/Brasil,Boleto Bancário,Concluído
TX_14892,2025-07-04 01:34:00,CLI_924,Tênis,Vestuário,1930.29,1,Bom Despacho/MG/Brasil,Pix,Em Processamento
TX_14893,2025-08-13 19:05:00,CLI_919,Luminária,Casa,3261.1,2,Salvador/BA/Brasil,Boleto Bancário,Em Processamento
TX_14894,2025-04-13 21:42:00,CLI_394,Ficção Científica,Livros,3123.74,1,Salvador/BA/Brasil,Cartão de Crédito,Concluído
TX_14895,2025-10-04 09:59:00,CLI_627,História,Livros,1015.88,2,Bom Despacho/MG/Brasil,Boleto Bancário,Em Processamento
TX_14896,2025-05-22 14:41:00,CLI_163,Camiseta,Vestuário,799.63,3,São Paulo/SP/Brasil,Boleto Bancário,Cancelado
TX_14897,2025-07-16 09:25:00,CLI_678,Smartwatch,Eletrônicos,3019.78,2,São Paulo/SP/Brasil,Pix,Concluído
TX_14898,2025-08-28 20:50:00,CLI_152,Fone de Ouvido,Eletrônicos,2229.55,3,Bom Despacho/MG/Brasil,Boleto Bancário,Em Processamento
TX_14899,2025-08-29 00:30:00,CLI_229,Camiseta,Vestuário,1717.68,5,Bom Despacho/MG/Brasil,Boleto Bancário,Concluído
TX_14900,2025-05-15 12:34:00,CLI_216,Jaqueta,Vestuário,3492.29,1,Curitiba/PR/Brasil,Boleto Bancário,Concluído
TX_14901,2025-11-16 18:37:00,CLI_435,Luminária,Casa,3205.72,3,São Paulo/SP/Brasil,Pix,Cancelado
TX_14902,2025-05-25 06:08:00,CLI_596,Camiseta,Vestuário,1086.49,4,Salvador/BA/Brasil,Cartão de Crédito,Em Processamento
TX_14903,2025-08-16 05:35:00,CLI_452,Tênis,Vestuário,1111.85,2,São Paulo/SP/Brasil,Cartão de Crédito,Concluído
TX_14904,2025-06-13 12:37:00,CLI_157,Tênis,Vestuário,422.98,3,São Paulo/SP/Brasil,Cartão de Crédito,Concluído
TX_14905,2025-08-13 18:52:00,CLI_622,Ficção Científica,Livros,1666.83,3,São Paulo/SP/Brasil,Cartão de Crédito,Concluído
TX_14906,2026-01-18 23:36:00,CLI_223,Notebook,Eletrônicos,3072.18,3,Salvador/BA/Brasil,Cartão de Crédito,Em Processamento
TX_14907,2025-05-29 03:28:00,CLI_230,Fone de Ouvido,Eletrônicos,91.9,1,São Paulo/SP/Brasil,Pix,Concluído
TX_14908,2025-02-04 11:18:00,CLI_538,Fone de Ouvido,Eletrônicos,2037.96,2,Bom Despacho/MG/Brasil,Cartão de Crédito,Concluído
TX_14909,2025-03-16 13:03:00,CLI_675,História,Livros,2007.53,5,Salvador/BA/Brasil,Pix,Cancelado
TX_14910,2025-04-14 01:26:00,CLI_680,Jaqueta,Vestuário,3275.82,3,Salvador/BA/Brasil,Cartão de Crédito,Concluído
TX_14911,2025-07-07 14:05:00,CLI_303,Smartwatch,Eletrônicos,1448.96,1,São Paulo/SP/Brasil,Pix,Concluído
TX_14912,2025-04-15 16:17:00,CLI_310,Tênis,Vestuário,2139.96,3,São Paulo/SP/Brasil,Boleto Bancário,Concluído
TX_14913,2025-02-05 19:22:00,CLI_327,Tênis,Vestuário,3129.15,4,Salvador/BA/Brasil,Boleto Bancário,Concluído
TX_14914,2025-04-17 14:35:00,CLI_458,Jaqueta,Vestuário,2377.79,2,Bom Despacho/MG/Brasil,Cartão de Crédito,Concluído
TX_14915,2025-08-04 18:50:00,CLI_878,Cafeteira,Casa,423.93,1,Bom Despacho/MG/Brasil,Boleto Bancário,Em Processamento
TX_14916,2025-07-15 23:56:00,CLI_338,Luminária,Casa,2767.36,1,Bom Despacho/MG/Brasil,Boleto Bancário,Cancelado
TX_14917,2025-05-03 22:59:00,CLI_877,História,Livros,176.59,2,Rio de Janeiro/RJ/Brasil,Cartão de Crédito,Concluído
TX_14918,2025-04-24 23:36:00,CLI_630,Calça Jeans,Vestuário,1845.16,2,Rio de Janeiro/RJ/Brasil,Cartão de Crédito,Em Processamento
TX_14919,2025-06-16 00:55:00,CLI_725,Ficção Científica,Livros,2546.09,2,Rio de Janeiro/RJ/Brasil,Pix,Concluído
TX_14920,2026-02-03 10:35:00,CLI_351,Luminária,Casa,2715.12,5,São Paulo/SP/Brasil,Pix,Cancelado
TX_14921,2025-01-21 17:03:00,CLI_767,Desenvolvimento Pessoal,Livros,547.62,1,Curitiba/PR/Brasil,Boleto Bancário,Concluído
TX_14922,2026-01-11 17:16:00,CLI_720,Desenvolvimento Pessoal,Livros,1473.35,4,Curitiba/PR/Brasil,Cartão de Crédito,Cancelado
TX_14923,2025-09-06 06:36:00,CLI_642,Fone de Ouvido,Eletrônicos,216.73,5,Rio de Janeiro/RJ/Brasil,Boleto Bancário,Concluído
TX_14924,2025-10-16 15:42:00,CLI_130,Calça Jeans,Vestuário,340.39,5,São Paulo/SP/Brasil,Boleto Bancário,Concluído
TX_14925,2025-01-26 21:32:00,CLI_803,Cadeira Escritório,Casa,1641.49,1,Curitiba/PR/Brasil,Boleto Bancário,Cancelado
TX_14926,2025-10-16 17:18:00,CLI_776,Camiseta,Vestuário,2194.28,4,São Paulo/SP/Brasil,Cartão de Crédito,Cancelado
TX_14927,2025-11-29 22:11:00,CLI_169,Biografia,Livros,3079.57,5,Salvador/BA/Brasil,Boleto Bancário,Cancelado
TX_14928,2026-02-01 13:37:00,CLI_974,Smartphone,Eletrônicos,2777.54,5,Curitiba/PR/Brasil,Cartão de Crédito,Concluído
TX_14929,2026-01-08 05:34:00,CLI_478,Ficção Científica,Livros,613.93,3,Bom Despacho/MG/Brasil,Pix,Concluído
TX_14930,2026-02-02 02:33:00,CLI_793,Smartwatch,Eletrônicos,1581.81,2,Salvador/BA/Brasil,Cartão de Crédito,Concluído
TX_14931,2025-08-15 00:17:00,CLI_322,Smartwatch,Eletrônicos,444.74,5,Salvador/BA/Brasil,Cartão de Crédito,Em Processamento
TX_14932,2026-01-07 00:08:00,CLI_732,Tênis,Vestuário,1918.05,3,Salvador/BA/Brasil,Boleto Bancário,Concluído
TX_14933,2025-10-21 01:31:00,CLI_939,Cadeira Escritório,Casa,2797.2,3,Salvador/BA/Brasil,Boleto Bancário,Concluído
TX_14934,2025-06-12 18:24:00,CLI_486,Tênis,Vestuário,3214.01,4,Curitiba/PR/Brasil,Boleto Bancário,Concluído
TX_14935,2025-02-21 07:23:00,CLI_171,Ficção Científica,Livros,2349.83,5,Rio de Janeiro/RJ/Brasil,Boleto Bancário,Concluído
TX_14936,2025-06-02 01:54:00,CLI_427,História,Livros,3227.82,5,Curitiba/PR/Brasil,Boleto Bancário,Cancelado
TX_14937,2025-09-29 17:01:00,CLI_842,Jogo de Cama,Casa,1951.9,2,São Paulo/SP/Brasil,Pix,Em Processamento
TX_14938,2025-08-13 03:38:00,CLI_229,Tênis,Vestuário,1472.66,5,Rio de Janeiro/RJ/Brasil,Boleto Bancário,Cancelado
TX_14939,2025-06-20 10:55:00,CLI_598,Fone de Ouvido,Eletrônicos,1898.69,1,São Paulo/SP/Brasil,Cartão de Crédito,Cancelado
TX_14940,2025-03-27 04:04:00,CLI_960,Camiseta,Vestuário,1680.9,3,Bom Despacho/MG/Brasil,Pix,Concluído
TX_14941,2025-11-05 09:24:00,CLI_839,Cadeira Escritório,Casa,893.33,2,Salvador/BA/Brasil,Cartão de Crédito,Cancelado
TX_14942,2026-01-05 01:19:00,CLI_460,Jaqueta,Vestuário,2277.74,5,Rio de Janeiro/RJ/Brasil,Pix,Cancelado
TX_14943,2025-09-28 10:32:00,CLI_944,Biografia,Livros,63.91,4,São Paulo/SP/Brasil,Boleto Bancário,Concluído
TX_14944,2026-01-27 03:55:00,CLI_440,Desenvolvimento Pessoal,Livros,1556.13,3,São Paulo/SP/Brasil,Pix,Cancelado
TX_14945,2025-11-11 23:49:00,CLI_597,Camiseta,Vestuário,1795.83,3,Salvador/BA/Brasil,Pix,Concluído
TX_14946,2025-12-06 10:15:00,CLI_253,Tênis,Vestuário,931.77,5,Bom Despacho/MG/Brasil,Pix,Cancelado
TX_14947,2025-04-02 19:32:00,CLI_721,Biografia,Livros,206.09,4,Salvador/BA/Brasil,Cartão de Crédito,Concluído
TX_14948,2025-05-19 01:29:00,CLI_543,História,Livros,2336.73,1,Salvador/BA/Brasil,Pix,Concluído
TX_14949,2025-03-25 14:57:00,CLI_834,Notebook,Eletrônicos,3235.68,2,Salvador/BA/Brasil,Boleto Bancário,Cancelado
TX_14950,2025-03-11 06:55:00,CLI_954,Calça Jeans,Vestuário,1884.32,5,Salvador/BA/Brasil,Boleto Bancário,Cancelado
TX_14951,2025-11-28 08:37:00,CLI_533,Calça Jeans,Vestuário,2277.4,4,Bom Despacho/MG/Brasil,Cartão de Crédito,
TX_14952,2025-01-31 07:44:00,CLI_469,História,Livros,1414.03,4,São Paulo/SP/Brasil,Pix,Em Processamento
TX_14953,2025-09-09 22:14:00,CLI_181,Fone de Ouvido,Eletrônicos,2475.53,5,Rio de Janeiro/RJ/Brasil,Cartão de Crédito,Cancelado
TX_14954,2025-11-17 12:28:00,CLI_104,Jaqueta,Vestuário,2271.63,1,Rio de Janeiro/RJ/Brasil,Cartão de Crédito,Concluído
TX_14955,2025-05-27 13:19:00,CLI_751,Jaqueta,Vestuário,2900.43,5,Curitiba/PR/Brasil,Pix,Concluído
TX_14956,2025-02-12 00:13:00,CLI_148,Luminária,Casa,2096.56,4,Salvador/BA/Brasil,Pix,Concluído
TX_14957,2025-06-09 08:29:00,CLI_139,Cafeteira,Casa,205.56,4,Bom Despacho/MG/Brasil,Boleto Bancário,Concluído
TX_14958,2026-01-08 10:10:00,CLI_982,Biografia,Livros,2661.92,2,Curitiba/PR/Brasil,Cartão de Crédito,Concluído
TX_14959,2025-12-07 23:01:00,CLI_663,Calça Jeans,Vestuário,2003.58,4,Bom Despacho/MG/Brasil,Boleto Bancário,Concluído
TX_14960,2025-03-22 03:43:00,CLI_521,Smartwatch,Eletrônicos,3471.61,3,Rio de Janeiro/RJ/Brasil,Pix,Em Processamento
TX_14961,2025-01-31 21:24:00,CLI_644,Smartphone,Eletrônicos,2380.46,4,Curitiba/PR/Brasil,Cartão de Crédito,Concluído
TX_14962,2025-12-09 08:37:00,CLI_100,Ficção Científica,Livros,2243.07,3,Rio de Janeiro/RJ/Brasil,Cartão de Crédito,Concluído
TX_14963,2025-03-17 15:38:00,CLI_530,Desenvolvimento Pessoal,Livros,3179.92,3,Rio de Janeiro/RJ/Brasil,Cartão de Crédito,Concluído
TX_14964,2025-03-13 14:42:00,CLI_789,Cadeira Escritório,Casa,2405.06,3,Bom Despacho/MG/Brasil,Cartão de Crédito,Concluído
TX_14965,2025-09-09 22:56:00,CLI_970,Tênis,Vestuário,932.89,1,Curitiba/PR/Brasil,Pix,Concluído
TX_14966,2025-06-30 06:33:00,CLI_834,Tênis,Vestuário,2937.12,5,Salvador/BA/Brasil,Boleto Bancário,Cancelado
TX_14967,2025-11-24 19:08:00,CLI_605,Cafeteira,Casa,3231.79,5,Salvador/BA/Brasil,Boleto Bancário,Concluído
TX_14968,2025-12-11 11:45:00,CLI_430,Fone de Ouvido,Eletrônicos,,5,São Paulo/SP/Brasil,Boleto Bancário,Concluído
TX_14969,2025-07-24 09:20:00,CLI_846,Camiseta,Vestuário,820.01,2,São Paulo/SP/Brasil,Boleto Bancário,Concluído
TX_14970,2025-05-31 21:57:00,CLI_893,História,Livros,1016.12,2,Bom Despacho/MG/Brasil,Boleto Bancário,Concluído
TX_14971,2025-09-26 14:37:00,CLI_610,Cafeteira,Casa,2430.9,3,Curitiba/PR/Brasil,Boleto Bancário,Concluído
TX_14972,2025-03-08 08:56:00,CLI_751,Cadeira Escritório,Casa,2233.05,4,Curitiba/PR/Brasil,Boleto Bancário,Concluído
TX_14973,2025-04-19 22:34:00,CLI_892,Biografia,Livros,1045.93,5,Salvador/BA/Brasil,Cartão de Crédito,Cancelado
TX_14974,2025-01-17 20:21:00,CLI_686,Ficção Científica,Livros,1556.39,3,São Paulo/SP/Brasil,Pix,Concluído
TX_14975,2025-07-14 21:42:00,CLI_365,Calça Jeans,Vestuário,472.0,2,São Paulo/SP/Brasil,Boleto Bancário,Concluído
TX_14976,2025-06-28 20:37:00,CLI_581,Desenvolvimento Pessoal,Livros,3394.09,1,Salvador/BA/Brasil,Cartão de Crédito,Concluído
TX_14977,2025-11-26 12:24:00,CLI_580,Smartphone,Eletrônicos,1979.68,5,Bom Despacho/MG/Brasil,Cartão de Crédito,Concluído
TX_14978,2025-12-14 11:58:00,CLI_487,Jogo de Cama,Casa,1235.72,1,Bom Despacho/MG/Brasil,Boleto Bancário,Concluído
TX_14979,2025-05-16 09:23:00,CLI_157,Tênis,Vestuário,2512.78,4,Rio de Janeiro/RJ/Brasil,Boleto Bancário,Concluído
TX_14980,2025-02-06 08:10:00,CLI_705,Smartwatch,Eletrônicos,1160.79,3,Rio de Janeiro/RJ/Brasil,Cartão de Crédito,Concluído
TX_14981,2025-11-14 00:42:00,CLI_860,Desenvolvimento Pessoal,Livros,1661.96,1,Bom Despacho/MG/Brasil,Cartão de Crédito,Em Processamento
TX_14982,2025-02-06 06:13:00,CLI_502,Camiseta,Vestuário,1090.36,2,São Paulo/SP/Brasil,Cartão de Crédito,Em Processamento
TX_14983,2025-05-15 16:55:00,CLI_666,Fone de Ouvido,Eletrônicos,1775.69,2,Bom Despacho/MG/Brasil,Pix,Cancelado
TX_14984,2025-07-09 00:57:00,CLI_554,Smartwatch,Eletrônicos,102.61,3,São Paulo/SP/Brasil,Boleto Bancário,Concluído
TX_14985,2025-12-09 07:25:00,CLI_289,Biografia,Livros,1561.59,2,Curitiba/PR/Brasil,Pix,Concluído
TX_14986,2025-08-20 05:13:00,CLI_103,Jaqueta,Vestuário,3352.87,4,Bom Despacho/MG/Brasil,Boleto Bancário,Em Processamento
TX_14987,2025-01-21 16:25:00,CLI_625,Fone de Ouvido,Eletrônicos,2180.97,2,Curitiba/PR/Brasil,Pix,Em Processamento
TX_14988,2025-03-25 23:54:00,CLI_767,História,Livros,679.98,5,Bom Despacho/MG/Brasil,Boleto Bancário,Cancelado
TX_14989,2025-02-25 17:43:00,CLI_407,Jaqueta,Vestuário,,3,Salvador/BA/Brasil,Cartão de Crédito,Em Processamento
TX_14990,2026-01-03 19:24:00,CLI_257,Tênis,Vestuário,1852.67,4,Curitiba/PR/Brasil,Cartão de Crédito,Em Processamento
TX_14991,2025-06-30 03:34:00,CLI_423,Smartphone,Eletrônicos,2117.42,5,Curitiba/PR/Brasil,Pix,Concluído
TX_14992,2025-10-06 16:51:00,CLI_201,Desenvolvimento Pessoal,Livros,1273.49,3,Curitiba/PR/Brasil,Boleto Bancário,Concluído
TX_14993,2025-11-28 15:13:00,CLI_687,Calça Jeans,Vestuário,3293.62,2,São Paulo/SP/Brasil,Cartão de Crédito,Concluído
TX_14994,2025-07-16 02:10:00,CLI_731,Cadeira Escritório,Casa,2913.98,1,Bom Despacho/MG/Brasil,Pix,Cancelado
TX_14995,2025-02-27 00:41:00,CLI_921,Luminária,Casa,86.1,1,Rio de Janeiro/RJ/Brasil,Cartão de Crédito,Cancelado
TX_14996,2026-01-30 19:13:00,CLI_465,Desenvolvimento Pessoal,Livros,3109.0,5,Salvador/BA/Brasil,Boleto Bancário,Cancelado
TX_14997,2025-03-03 21:43:00,CLI_228,Smartphone,Eletrônicos,3298.91,2,Bom Despacho/MG/Brasil,Boleto Bancário,Concluído
TX_14998,2025-11-11 23:53:00,CLI_102,Biografia,Livros,1168.21,2,São Paulo/SP/Brasil,Pix,Cancelado
TX_14999,2025-08-28 21:37:00,CLI_689,Calça Jeans,Vestuário,3175.42,2,Salvador/BA/Brasil,Boleto Bancário,Cancelado
TX_15000,2025-04-02 13:29:00,CLI_627,Cadeira Escritório,Casa,2371.99,4,Rio de Janeiro/RJ/Brasil,Pix,Concluído
TX_15001,2025-03-25 22:48:00,CLI_366,Smartphone,Eletrônicos,2662.39,2,Bom Despacho/MG/Brasil,Boleto Bancário,Cancelado
TX_15002,2025-06-16 15:13:00,CLI_717,Camiseta,Vestuário,686.96,1,Curitiba/PR/Brasil,Pix,Concluído
TX_15003,2025-10-31 19:16:00,CLI_484,Cafeteira,Casa,2314.26,3,São Paulo/SP/Brasil,Boleto Bancário,Em Processamento
TX_15004,2025-12-09 06:54:00,CLI_666,Biografia,Livros,983.67,5,Bom Despacho/MG/Brasil,Boleto Bancário,Concluído
TX_15005,2025-07-01 15:22:00,CLI_974,História,Livros,3233.24,4,São Paulo/SP/Brasil,Boleto Bancário,Concluído
TX_15006,2025-06-14 23:00:00,CLI_212,Smartwatch,Eletrônicos,3136.51,2,São Paulo/SP/Brasil,Pix,Concluído
TX_15007,2025-02-15 22:17:00,CLI_644,Smartphone,Eletrônicos,1529.45,2,Rio de Janeiro/RJ/Brasil,Cartão de Crédito,Cancelado
TX_15008,2025-05-23 12:44:00,CLI_524,Luminária,Casa,1512.28,1,Bom Despacho/MG/Brasil,Boleto Bancário,Cancelado
TX_15009,2025-01-05 03:08:00,CLI_837,História,Livros,1175.14,3,Curitiba/PR/Brasil,Cartão de Crédito,Concluído
TX_15010,2025-04-05 13:23:00,CLI_769,Smartphone,Eletrônicos,1311.56,4,São Paulo/SP/Brasil,Pix,Concluído
TX_15011,2025-11-25 13:28:00,CLI_471,Desenvolvimento Pessoal,Livros,2614.98,2,Curitiba/PR/Brasil,Boleto Bancário,Concluído
TX_15012,2025-02-12 02:00:00,CLI_445,História,Livros,24.46,5,Bom Despacho/MG/Brasil,Pix,Em Processamento
TX_15013,2025-05-05 01:51:00,CLI_726,Notebook,Eletrônicos,2745.22,4,Rio de Janeiro/RJ/Brasil,Boleto Bancário,Concluído
TX_15014,2025-11-22 00:47:00,CLI_984,Fone de Ouvido,Eletrônicos,1472.3,1,Curitiba/PR/Brasil,Pix,Concluído
TX_15015,2025-01-07 10:59:00,CLI_308,Jaqueta,Vestuário,2719.46,3,Rio de Janeiro/RJ/Brasil,Cartão de Crédito,Em Processamento
TX_15016,2025-02-05 21:40:00,CLI_952,Smartwatch,Eletrônicos,1471.25,5,Salvador/BA/Brasil,Cartão de Crédito,Concluído
TX_15017,2025-01-29 16:20:00,CLI_214,Ficção Científica,Livros,3007.28,1,Bom Despacho/MG/Brasil,Pix,Cancelado
TX_15018,2025-01-28 07:31:00,CLI_543,Smartwatch,Eletrônicos,2968.06,4,Salvador/BA/Brasil,Cartão de Crédito,Concluído
TX_15019,2025-03-03 15:42:00,CLI_772,Fone de Ouvido,Eletrônicos,2941.89,4,São Paulo/SP/Brasil,Pix,Em Processamento
TX_15020,2025-11-01 19:38:00,CLI_391,Biografia,Livros,1452.24,1,São Paulo/SP/Brasil,Boleto Bancário,Em Processamento
TX_15021,2025-08-25 09:15:00,CLI_730,Ficção Científica,Livros,1479.37,1,Salvador/BA/Brasil,Cartão de Crédito,Concluído
TX_15022,2025-12-09 16:43:00,CLI_654,Camiseta,Vestuário,1817.01,4,Salvador/BA/Brasil,Pix,Em Processamento
TX_15023,2025-08-22 11:53:00,CLI_736,Tênis,Vestuário,1420.39,5,Rio de Janeiro/RJ/Brasil,Boleto Bancário,Cancelado
TX_15024,2025-05-10 17:08:00,CLI_291,Biografia,Livros,3286.76,2,Curitiba/PR/Brasil,Cartão de Crédito,Concluído
TX_15025,2025-05-12 16:39:00,CLI_933,Ficção Científica,Livros,1175.33,3,Bom Despacho/MG/Brasil,Cartão de Crédito,Concluído
TX_15026,2025-08-20 05:10:00,CLI_844,Calça Jeans,Vestuário,2307.67,1,Curitiba/PR/Brasil,Pix,Cancelado
TX_15027,2025-01-10 18:17:00,CLI_263,Ficção Científica,Livros,3173.43,2,Bom Despacho/MG/Brasil,Pix,Cancelado
TX_15028,2025-08-19 02:43:00,CLI_530,Luminária,Casa,2775.56,1,Rio de Janeiro/RJ/Brasil,Boleto Bancário,Concluído
TX_15029,2025-07-11 19:27:00,CLI_518,Calça Jeans,Vestuário,2240.82,4,São Paulo/SP/Brasil,Boleto Bancário,Concluído
TX_15030,2025-02-02 12:26:00,CLI_208,Camiseta,Vestuário,1801.61,1,Salvador/BA/Brasil,Boleto Bancário,Concluído
TX_15031,2025-05-22 15:01:00,CLI_708,Ficção Científica,Livros,182.83,4,São Paulo/SP/Brasil,Boleto Bancário,Concluído
TX_15032,2026-01-30 11:50:00,CLI_798,Cafeteira,Casa,2821.85,1,São Paulo/SP/Brasil,Pix,Concluído
TX_15033,2025-09-11 19:06:00,CLI_678,Tênis,Vestuário,3104.92,1,Rio de Janeiro/RJ/Brasil,Boleto Bancário,Concluído
TX_15034,2025-11-16 17:05:00,CLI_964,Ficção Científica,Livros,3477.22,1,São Paulo/SP/Brasil,Boleto Bancário,Cancelado
TX_15035,2025-02-11 14:38:00,CLI_754,Fone de Ouvido,Eletrônicos,1501.84,4,Bom Despacho/MG/Brasil,Cartão de Crédito,Concluído
TX_15036,2025-11-08 09:29:00,CLI_267,História,Livros,3396.67,4,Rio de Janeiro/RJ/Brasil,Pix,Concluído
TX_15037,2026-01-16 11:45:00,CLI_667,Fone de Ouvido,Eletrônicos,550.22,1,Salvador/BA/Brasil,Pix,Em Processamento
TX_15038,2025-12-26 11:00:00,CLI_818,História,Livros,1702.31,3,Salvador/BA/Brasil,Cartão de Crédito,Concluído
TX_15039,2025-02-12 12:28:00,CLI_166,Camiseta,Vestuário,2616.25,5,Rio de Janeiro/RJ/Brasil,Pix,Concluído
TX_15040,2025-10-13 20:46:00,CLI_545,Desenvolvimento Pessoal,Livros,635.59,2,Salvador/BA/Brasil,Boleto Bancário,Concluído
TX_15041,2025-05-16 22:01:00,CLI_202,Cadeira Escritório,Casa,2140.92,5,Curitiba/PR/Brasil,Pix,Em Processamento
TX_15042,2025-02-08 20:26:00,CLI_686,Calça Jeans,Vestuário,147.08,1,Bom Despacho/MG/Brasil,Cartão de Crédito,Cancelado
TX_15043,2025-11-15 04:34:00,CLI_248,Calça Jeans,Vestuário,1559.09,4,Bom Despacho/MG/Brasil,Boleto Bancário,Cancelado
TX_15044,2025-06-06 23:10:00,CLI_269,Fone de Ouvido,Eletrônicos,1487.92,2,Salvador/BA/Brasil,Cartão de Crédito,Em Processamento
TX_15045,2025-04-12 23:41:00,CLI_384,Cafeteira,Casa,907.4,2,Bom Despacho/MG/Brasil,Cartão de Crédito,Concluído
TX_15046,2025-06-10 22:07:00,CLI_978,Smartphone,Eletrônicos,1195.97,4,São Paulo/SP/Brasil,Boleto Bancário,Concluído
TX_15047,2025-04-18 21:15:00,CLI_658,Fone de Ouvido,Eletrônicos,2673.39,3,São Paulo/SP/Brasil,Pix,Concluído
TX_15048,2025-07-05 00:28:00,CLI_616,Calça Jeans,Vestuário,2656.96,5,Curitiba/PR/Brasil,Pix,Concluído
TX_15049,2025-03-27 10:54:00,CLI_253,Smartwatch,Eletrônicos,2389.78,2,Bom Despacho/MG/Brasil,Cartão de Crédito,Concluído
TX_15050,2025-02-19 06:58:00,CLI_682,Tênis,Vestuário,1232.78,4,Rio de Janeiro/RJ/Brasil,Boleto Bancário,Cancelado
TX_15051,2025-10-10 00:13:00,CLI_602,Cadeira Escritório,Casa,702.51,2,Rio de Janeiro/RJ/Brasil,Pix,Concluído
TX_15052,2025-12-20 11:07:00,CLI_889,Smartwatch,Eletrônicos,1151.36,5,Bom Despacho/MG/Brasil,Cartão de Crédito,Concluído
TX_15053,2025-09-01 23:10:00,CLI_654,Tênis,Vestuário,569.94,4,São Paulo/SP/Brasil,Cartão de Crédito,Concluído
TX_15054,2025-10-23 06:27:00,CLI_988,Cadeira Escritório,Casa,2567.91,4,Rio de Janeiro/RJ/Brasil,Cartão de Crédito,Cancelado
TX_15055,2025-08-26 07:25:00,CLI_489,Tênis,Vestuário,82.85,1,Salvador/BA/Brasil,Pix,Concluído
TX_15056,2025-03-15 06:55:00,CLI_823,Calça Jeans,Vestuário,2330.41,4,Curitiba/PR/Brasil,Pix,Concluído
TX_15057,2025-07-09 06:45:00,CLI_970,Smartphone,Eletrônicos,487.84,4,São Paulo/SP/Brasil,Boleto Bancário,Concluído
TX_15058,2025-05-27 15:08:00,CLI_588,Tênis,Vestuário,3238.18,4,São Paulo/SP/Brasil,Boleto Bancário,Em Processamento
TX_15059,2025-02-15 08:04:00,CLI_550,Biografia,Livros,3456.79,5,Curitiba/PR/Brasil,Boleto Bancário,Cancelado
TX_15060,2025-05-08 17:16:00,CLI_288,Smartphone,Eletrônicos,1895.59,5,Bom Despacho/MG/Brasil,Boleto Bancário,Concluído
TX_15061,2025-12-04 20:52:00,CLI_499,Calça Jeans,Vestuário,2806.67,3,Rio de Janeiro/RJ/Brasil,Pix,Concluído
TX_15062,2025-05-19 09:50:00,CLI_440,Jaqueta,Vestuário,411.5,3,Curitiba/PR/Brasil,Pix,Concluído
TX_15063,2025-10-05 22:25:00,CLI_310,Calça Jeans,Vestuário,2750.47,4,São Paulo/SP/Brasil,Pix,Concluído
TX_15064,2025-04-18 17:40:00,CLI_158,Jaqueta,Vestuário,1574.77,5,São Paulo/SP/Brasil,Boleto Bancário,Cancelado
TX_15065,2025-10-31 22:15:00,CLI_307,Smartwatch,Eletrônicos,2124.17,3,Salvador/BA/Brasil,Pix,Concluído
TX_15066,2025-04-13 17:42:00,CLI_837,Smartwatch,Eletrônicos,544.59,2,Salvador/BA/Brasil,Cartão de Crédito,Cancelado
TX_15067,2025-06-06 23:41:00,CLI_289,Jaqueta,Vestuário,1704.33,3,São Paulo/SP/Brasil,Boleto Bancário,Cancelado
TX_15068,2025-08-04 22:13:00,CLI_295,Smartphone,Eletrônicos,2224.41,3,Rio de Janeiro/RJ/Brasil,Pix,Em Processamento
TX_15069,2025-06-11 21:23:00,CLI_135,Cadeira Escritório,Casa,2407.73,4,Rio de Janeiro/RJ/Brasil,Boleto Bancário,Concluído
TX_15070,2025-06-13 05:44:00,CLI_660,Notebook,Eletrônicos,1857.51,5,Rio de Janeiro/RJ/Brasil,Boleto Bancário,Concluído
TX_15071,2025-02-05 03:07:00,CLI_103,Ficção Científica,Livros,1619.46,3,Salvador/BA/Brasil,Boleto Bancário,Concluído
TX_15072,2025-05-06 14:07:00,CLI_623,Jaqueta,Vestuário,117.27,3,São Paulo/SP/Brasil,Boleto Bancário,Em Processamento
TX_15073,2025-04-18 16:39:00,CLI_237,Cafeteira,Casa,2731.81,2,Bom Despacho/MG/Brasil,Cartão de Crédito,Cancelado
TX_15074,2025-04-19 19:04:00,CLI_900,História,Livros,3335.47,1,Curitiba/PR/Brasil,Boleto Bancário,Em Processamento
TX_15075,2025-04-30 17:29:00,CLI_404,Smartphone,Eletrônicos,2449.02,1,Bom Despacho/MG/Brasil,Boleto Bancário,Cancelado
TX_15076,2025-09-20 08:55:00,CLI_280,Desenvolvimento Pessoal,Livros,423.6,1,Curitiba/PR/Brasil,Boleto Bancário,Concluído
TX_15077,2025-08-25 05:40:00,CLI_712,Smartwatch,Eletrônicos,333.86,2,Bom Despacho/MG/Brasil,Cartão de Crédito,Concluído
TX_15078,2025-11-13 23:36:00,CLI_551,Jaqueta,Vestuário,1092.46,1,Bom Despacho/MG/Brasil,Cartão de Crédito,Concluído
TX_15079,2025-03-10 02:27:00,CLI_601,Calça Jeans,Vestuário,1854.47,4,São Paulo/SP/Brasil,Cartão de Crédito,Concluído
TX_15080,2025-09-10 10:44:00,CLI_638,Calça Jeans,Vestuário,1912.39,1,Rio de Janeiro/RJ/Brasil,Cartão de Crédito,Em Processamento
TX_15081,2025-08-01 07:27:00,CLI_124,Jogo de Cama,Casa,3001.77,1,São Paulo/SP/Brasil,Pix,Concluído
TX_15082,2025-07-22 03:03:00,CLI_666,Jaqueta,Vestuário,3110.35,1,Rio de Janeiro/RJ/Brasil,Cartão de Crédito,Em Processamento
TX_15083,2025-01-22 00:38:00,CLI_945,Jogo de Cama,Casa,257.01,5,São Paulo/SP/Brasil,Boleto Bancário,Concluído
TX_15084,2025-07-23 21:45:00,CLI_273,Luminária,Casa,559.01,5,Rio de Janeiro/RJ/Brasil,Boleto Bancário,Concluído
TX_15085,2025-01-17 06:01:00,CLI_130,Notebook,Eletrônicos,2979.24,5,Curitiba/PR/Brasil,Cartão de Crédito,Em Processamento
TX_15086,2026-01-22 09:27:00,CLI_497,Luminária,Casa,2162.22,1,São Paulo/SP/Brasil,Boleto Bancário,Concluído
TX_15087,2025-09-11 04:52:00,CLI_602,Ficção Científica,Livros,561.17,3,Curitiba/PR/Brasil,Pix,Concluído
TX_15088,2025-12-20 23:23:00,CLI_459,Smartwatch,Eletrônicos,811.99,2,Rio de Janeiro/RJ/Brasil,Pix,Concluído
TX_15089,2025-08-04 04:30:00,CLI_433,Smartwatch,Eletrônicos,3409.86,1,Rio de Janeiro/RJ/Brasil,Pix,Em Processamento
TX_15090,2025-09-06 08:20:00,CLI_136,Cadeira Escritório,Casa,3076.52,3,São Paulo/SP/Brasil,Boleto Bancário,Concluído
TX_15091,2025-04-24 22:26:00,CLI_228,Luminária,Casa,117.17,4,Rio de Janeiro/RJ/Brasil,Pix,Concluído
TX_15092,2025-01-01 16:18:00,CLI_416,Notebook,Eletrônicos,340.37,2,Bom Despacho/MG/Brasil,Pix,Em Processamento
TX_15093,2025-05-03 08:04:00,CLI_676,História,Livros,188.86,4,Bom Despacho/MG/Brasil,Cartão de Crédito,Em Processamento
TX_15094,2025-04-13 07:33:00,CLI_719,Cadeira Escritório,Casa,367.61,3,Bom Despacho/MG/Brasil,Boleto Bancário,Concluído
TX_15095,2025-06-02 03:28:00,CLI_501,Smartphone,Eletrônicos,508.52,4,Salvador/BA/Brasil,Pix,Concluído
TX_15096,2025-08-09 17:43:00,CLI_346,Smartphone,Eletrônicos,2274.62,3,Bom Despacho/MG/Brasil,Pix,Concluído
TX_15097,2025-10-23 08:43:00,CLI_886,Smartphone,Eletrônicos,2221.44,3,Rio de Janeiro/RJ/Brasil,Pix,Em Processamento
TX_15098,2025-11-26 05:30:00,CLI_160,Cadeira Escritório,Casa,355.42,1,Bom Despacho/MG/Brasil,Boleto Bancário,Em Processamento
TX_15099,2025-03-28 00:04:00,CLI_197,Notebook,Eletrônicos,1322.93,3,Rio de Janeiro/RJ/Brasil,Cartão de Crédito,Em Processamento
TX_15100,2025-11-01 03:49:00,CLI_972,Smartwatch,Eletrônicos,1710.81,3,São Paulo/SP/Brasil,Cartão de Crédito,Cancelado
TX_15101,2025-03-24 13:18:00,CLI_934,Luminária,Casa,3164.07,4,Salvador/BA/Brasil,Boleto Bancário,Concluído
TX_15102,2025-02-18 13:21:00,CLI_763,Fone de Ouvido,Eletrônicos,570.82,2,Curitiba/PR/Brasil,Boleto Bancário,Em Processamento
TX_15103,2025-12-12 14:43:00,CLI_454,Jogo de Cama,Casa,1496.04,5,Salvador/BA/Brasil,Boleto Bancário,Cancelado
TX_15104,2025-01-02 08:46:00,CLI_965,Camiseta,Vestuário,3394.88,5,Rio de Janeiro/RJ/Brasil,Pix,Concluído
TX_15105,2026-02-05 22:59:00,CLI_447,Notebook,Eletrônicos,807.78,4,Curitiba/PR/Brasil,Pix,Concluído
TX_15106,2025-03-15 16:00:00,CLI_217,Fone de Ouvido,Eletrônicos,2406.5,5,Bom Despacho/MG/Brasil,Pix,Concluído
TX_15107,2025-06-01 12:24:00,CLI_694,Jogo de Cama,Casa,1298.19,1,São Paulo/SP/Brasil,Boleto Bancário,Concluído
TX_15108,2025-01-10 14:33:00,CLI_836,Notebook,Eletrônicos,2045.84,3,Salvador/BA/Brasil,Pix,Concluído
TX_15109,2025-03-11 15:19:00,CLI_804,Cadeira Escritório,Casa,499.41,3,Bom Despacho/MG/Brasil,Cartão de Crédito,Cancelado
TX_15110,2025-01-13 19:18:00,CLI_633,Smartphone,Eletrônicos,3292.34,3,Salvador/BA/Brasil,Pix,Concluído
TX_15111,2025-12-07 10:08:00,CLI_552,Fone de Ouvido,Eletrônicos,158.6,2,Curitiba/PR/Brasil,Pix,Concluído
TX_15112,2025-09-09 02:01:00,CLI_903,Desenvolvimento Pessoal,Livros,1506.2,2,São Paulo/SP/Brasil,Cartão de Crédito,Concluído
TX_15113,2025-04-14 22:33:00,CLI_774,Tênis,Vestuário,294.71,3,Bom Despacho/MG/Brasil,Boleto Bancário,Concluído
TX_15114,2025-04-06 18:38:00,CLI_128,História,Livros,3177.57,3,Rio de Janeiro/RJ/Brasil,Pix,Concluído
TX_15115,2025-12-14 01:04:00,CLI_198,Desenvolvimento Pessoal,Livros,1368.46,4,Bom Despacho/MG/Brasil,Boleto Bancário,Concluído
TX_15116,2025-03-26 18:53:00,CLI_216,Cafeteira,Casa,1567.96,5,Salvador/BA/Brasil,Cartão de Crédito,Concluído
TX_15117,2026-01-25 18:32:00,CLI_267,Ficção Científica,Livros,2807.71,4,São Paulo/SP/Brasil,Boleto Bancário,Concluído
TX_15118,2025-02-01 13:03:00,CLI_391,Ficção Científica,Livros,1361.83,4,Rio de Janeiro/RJ/Brasil,Pix,Cancelado
TX_15119,2025-07-02 13:03:00,CLI_273,Cadeira Escritório,Casa,1168.17,1,Salvador/BA/Brasil,Boleto Bancário,Concluído
TX_15120,2025-11-29 10:26:00,CLI_353,Luminária,Casa,2783.12,5,São Paulo/SP/Brasil,Boleto Bancário,Em Processamento
TX_15121,2025-01-08 19:48:00,CLI_692,Tênis,Vestuário,3096.24,5,Curitiba/PR/Brasil,Pix,Concluído
TX_15122,2025-06-26 21:27:00,CLI_442,Notebook,Eletrônicos,2680.01,1,Salvador/BA/Brasil,Pix,Concluído
TX_15123,2025-03-14 00:22:00,CLI_352,Tênis,Vestuário,662.02,5,Bom Despacho/MG/Brasil,Pix,Concluído
TX_15124,2025-09-28 01:12:00,CLI_897,Smartphone,Eletrônicos,1230.88,5,Salvador/BA/Brasil,Cartão de Crédito,Em Processamento
TX_15125,2025-01-08 14:46:00,CLI_600,Fone de Ouvido,Eletrônicos,779.31,1,Rio de Janeiro/RJ/Brasil,Boleto Bancário,Em Processamento
TX_15126,2025-10-15 17:59:00,CLI_396,Camiseta,Vestuário,79.68,4,Rio de Janeiro/RJ/Brasil,Boleto Bancário,Cancelado
TX_15127,2025-03-14 23:45:00,CLI_805,História,Livros,3050.4,5,Salvador/BA/Brasil,Boleto Bancário,Concluído
TX_15128,2025-09-08 03:27:00,CLI_692,Fone de Ouvido,Eletrônicos,1611.82,5,São Paulo/SP/Brasil,Pix,Cancelado
TX_15129,2025-12-28 09:28:00,CLI_125,Cafeteira,Casa,2976.07,5,Bom Despacho/MG/Brasil,Cartão de Crédito,Concluído
TX_15130,2025-08-30 07:04:00,CLI_665,Jaqueta,Vestuário,2257.65,2,Curitiba/PR/Brasil,Cartão de Crédito,Concluído
TX_15131,2025-08-06 20:45:00,CLI_422,Cadeira Escritório,Casa,2104.13,4,Curitiba/PR/Brasil,Boleto Bancário,Concluído
TX_15132,2025-04-27 05:36:00,CLI_833,Biografia,Livros,1673.4,2,Curitiba/PR/Brasil,Pix,Concluído
TX_15133,2025-12-13 21:39:00,CLI_730,Ficção Científica,Livros,289.78,1,Rio de Janeiro/RJ/Brasil,Pix,Cancelado
TX_15134,2025-05-16 02:08:00,CLI_801,Desenvolvimento Pessoal,Livros,829.0,2,São Paulo/SP/Brasil,Cartão de Crédito,Cancelado
TX_15135,2025-10-23 17:18:00,CLI_554,Biografia,Livros,1355.51,5,Rio de Janeiro/RJ/Brasil,Cartão de Crédito,Cancelado
TX_15136,2025-10-26 03:31:00,CLI_582,Fone de Ouvido,Eletrônicos,2776.65,2,São Paulo/SP/Brasil,Boleto Bancário,Concluído
TX_15137,2026-01-19 08:12:00,CLI_552,Calça Jeans,Vestuário,887.48,2,Curitiba/PR/Brasil,Pix,Concluído
TX_15138,2025-02-08 17:56:00,CLI_369,Smartphone,Eletrônicos,686.83,1,Rio de Janeiro/RJ/Brasil,Cartão de Crédito,Concluído
TX_15139,2026-01-19 19:10:00,CLI_246,Ficção Científica,Livros,1457.98,1,Curitiba/PR/Brasil,Cartão de Crédito,Concluído
TX_15140,2025-01-13 15:11:00,CLI_309,História,Livros,904.85,5,Rio de Janeiro/RJ/Brasil,Pix,Concluído
TX_15141,2025-05-24 11:02:00,CLI_457,Cafeteira,Casa,2780.35,4,São Paulo/SP/Brasil,Pix,Cancelado
TX_15142,2026-02-03 13:31:00,CLI_624,Camiseta,Vestuário,1875.27,5,São Paulo/SP/Brasil,Cartão de Crédito,Cancelado
TX_15143,2025-11-23 00:38:00,CLI_114,Biografia,Livros,1915.85,5,Curitiba/PR/Brasil,Boleto Bancário,Concluído
TX_15144,2025-03-05 10:10:00,CLI_660,Calça Jeans,Vestuário,2342.62,4,São Paulo/SP/Brasil,Boleto Bancário,Concluído
TX_15145,2025-01-06 17:43:00,CLI_642,Desenvolvimento Pessoal,Livros,3388.41,3,Curitiba/PR/Brasil,Cartão de Crédito,Em Processamento
TX_15146,2025-05-26 13:43:00,CLI_925,Notebook,Eletrônicos,2508.87,5,Bom Despacho/MG/Brasil,Boleto Bancário,Concluído
TX_15147,2025-04-16 08:57:00,CLI_809,Ficção Científica,Livros,1330.7,5,Curitiba/PR/Brasil,Pix,Concluído
TX_15148,2025-05-15 19:15:00,CLI_299,Biografia,Livros,2418.07,5,São Paulo/SP/Brasil,Cartão de Crédito,Concluído
TX_15149,2025-10-29 06:52:00,CLI_632,Biografia,Livros,2609.32,1,Rio de Janeiro/RJ/Brasil,Pix,Concluído
TX_15150,2026-02-02 21:55:00,CLI_637,Notebook,Eletrônicos,2758.09,2,São Paulo/SP/Brasil,Pix,Em Processamento
TX_15151,2025-05-27 16:43:00,CLI_522,Smartphone,Eletrônicos,903.93,2,Curitiba/PR/Brasil,Boleto Bancário,Cancelado
TX_15152,2025-02-19 06:56:00,CLI_998,Jaqueta,Vestuário,830.02,4,Salvador/BA/Brasil,Boleto Bancário,Concluído
TX_15153,2025-02-22 19:03:00,CLI_176,Jaqueta,Vestuário,1282.77,2,Salvador/BA/Brasil,Boleto Bancário,Em Processamento
TX_15154,2025-10-01 08:30:00,CLI_134,Tênis,Vestuário,3264.85,1,Salvador/BA/Brasil,Cartão de Crédito,Cancelado
TX_15155,2025-01-27 22:14:00,CLI_344,Ficção Científica,Livros,866.56,3,Curitiba/PR/Brasil,Cartão de Crédito,Cancelado
TX_15156,2025-03-21 17:26:00,CLI_604,História,Livros,1094.55,1,São Paulo/SP/Brasil,Pix,Concluído
TX_15157,2025-09-18 02:25:00,CLI_103,Desenvolvimento Pessoal,Livros,1194.68,1,Salvador/BA/Brasil,Cartão de Crédito,Em Processamento
TX_15158,2025-10-02 02:32:00,CLI_277,Smartwatch,Eletrônicos,1865.83,2,Curitiba/PR/Brasil,Pix,Em Processamento
TX_15159,2025-04-25 01:58:00,CLI_895,Tênis,Vestuário,1953.21,2,Salvador/BA/Brasil,Cartão de Crédito,Cancelado
TX_15160,2025-10-20 11:53:00,CLI_355,Fone de Ouvido,Eletrônicos,2083.57,2,Curitiba/PR/Brasil,Pix,Em Processamento
TX_15161,2025-01-22 14:58:00,CLI_271,Calça Jeans,Vestuário,2218.7,5,Rio de Janeiro/RJ/Brasil,Pix,Concluído
TX_15162,2025-12-11 05:26:00,CLI_336,Fone de Ouvido,Eletrônicos,3476.99,4,Curitiba/PR/Brasil,Pix,Em Processamento
TX_15163,2025-05-24 13:09:00,CLI_603,Smartphone,Eletrônicos,145.36,1,Salvador/BA/Brasil,Pix,Concluído
TX_15164,2025-05-31 14:56:00,CLI_207,Camiseta,Vestuário,3471.73,2,Bom Despacho/MG/Brasil,Cartão de Crédito,Em Processamento
TX_15165,2025-05-26 18:43:00,CLI_557,Jaqueta,Vestuário,1086.88,3,Rio de Janeiro/RJ/Brasil,Pix,Concluído
TX_15166,2025-11-28 18:59:00,CLI_535,Jaqueta,Vestuário,2463.68,4,Salvador/BA/Brasil,Cartão de Crédito,Concluído
TX_15167,2025-01-13 14:11:00,CLI_876,História,Livros,671.0,3,Curitiba/PR/Brasil,Boleto Bancário,Concluído
TX_15168,2025-10-19 19:52:00,CLI_150,Jaqueta,Vestuário,1501.85,4,Salvador/BA/Brasil,Pix,Concluído
TX_15169,2025-08-01 13:48:00,CLI_825,Desenvolvimento Pessoal,Livros,864.24,2,Rio de Janeiro/RJ/Brasil,Pix,Concluído
TX_15170,2025-05-20 12:04:00,CLI_326,Ficção Científica,Livros,1209.15,4,Salvador/BA/Brasil,Pix,Cancelado
TX_15171,2025-05-22 11:34:00,CLI_617,Jogo de Cama,Casa,829.49,1,Salvador/BA/Brasil,Boleto Bancário,Em Processamento
TX_15172,2025-06-09 18:28:00,CLI_997,Jaqueta,Vestuário,1986.01,2,Bom Despacho/MG/Brasil,Cartão de Crédito,Em Processamento
TX_15173,2025-03-08 09:10:00,CLI_373,Ficção Científica,Livros,1145.51,2,Bom Despacho/MG/Brasil,Pix,Cancelado
TX_15174,2025-03-03 16:21:00,CLI_931,Ficção Científica,Livros,1816.87,5,Rio de Janeiro/RJ/Brasil,Pix,Em Processamento
TX_15175,2026-01-06 00:06:00,CLI_339,Smartwatch,Eletrônicos,1541.98,4,São Paulo/SP/Brasil,Cartão de Crédito,Concluído
TX_15176,2025-09-18 01:03:00,CLI_411,Luminária,Casa,760.34,3,Rio de Janeiro/RJ/Brasil,Cartão de Crédito,Concluído
TX_15177,2026-01-10 12:48:00,CLI_426,Ficção Científica,Livros,1126.79,1,Salvador/BA/Brasil,Cartão de Crédito,Em Processamento
TX_15178,2025-10-31 15:47:00,CLI_103,Ficção Científica,Livros,3035.19,5,Salvador/BA/Brasil,Cartão de Crédito,Em Processamento
TX_15179,2025-03-07 21:14:00,CLI_411,Camiseta,Vestuário,127.49,4,Rio de Janeiro/RJ/Brasil,Pix,Em Processamento
TX_15180,2025-01-22 02:15:00,CLI_513,Jogo de Cama,Casa,1316.58,3,Bom Despacho/MG/Brasil,Pix,Concluído
TX_15181,2025-07-13 07:14:00,CLI_749,Desenvolvimento Pessoal,Livros,532.39,1,Salvador/BA/Brasil,Cartão de Crédito,Cancelado
TX_15182,2025-01-31 11:30:00,CLI_422,Fone de Ouvido,Eletrônicos,1683.77,5,Curitiba/PR/Brasil,Boleto Bancário,Concluído
TX_15183,2025-07-27 00:13:00,CLI_897,Smartphone,Eletrônicos,114.96,4,Salvador/BA/Brasil,Pix,Concluído
TX_15184,2025-04-10 02:42:00,CLI_551,Ficção Científica,Livros,1333.96,1,Bom Despacho/MG/Brasil,Boleto Bancário,Concluído
TX_15185,2025-07-12 20:30:00,CLI_574,Cafeteira,Casa,2462.8,1,Bom Despacho/MG/Brasil,Boleto Bancário,Concluído
TX_15186,2026-01-24 23:34:00,CLI_999,Jogo de Cama,Casa,2861.83,5,Rio de Janeiro/RJ/Brasil,Pix,Concluído
TX_15187,2025-05-15 13:25:00,CLI_904,Desenvolvimento Pessoal,Livros,73.21,5,Bom Despacho/MG/Brasil,Cartão de Crédito,Concluído
TX_15188,2025-07-10 06:38:00,CLI_341,Jaqueta,Vestuário,3050.69,5,São Paulo/SP/Brasil,Cartão de Crédito,Concluído
TX_15189,2026-01-07 01:42:00,CLI_659,História,Livros,2469.15,1,Curitiba/PR/Brasil,Boleto Bancário,Cancelado
TX_15190,2025-02-25 09:52:00,CLI_754,Luminária,Casa,83.48,4,Bom Despacho/MG/Brasil,Cartão de Crédito,Concluído
TX_15191,2025-02-23 04:42:00,CLI_921,Desenvolvimento Pessoal,Livros,2604.82,1,Bom Despacho/MG/Brasil,Boleto Bancário,Concluído
TX_15192,2025-03-22 22:21:00,CLI_860,Ficção Científica,Livros,3130.05,2,Rio de Janeiro/RJ/Brasil,Cartão de Crédito,Em Processamento
TX_15193,2025-02-05 23:25:00,CLI_267,Cafeteira,Casa,310.41,2,Rio de Janeiro/RJ/Brasil,Pix,Concluído
TX_15194,2025-11-09 20:21:00,CLI_131,Cadeira Escritório,Casa,3220.14,4,Salvador/BA/Brasil,Cartão de Crédito,Concluído
TX_15195,2025-09-06 04:28:00,CLI_355,História,Livros,,2,Salvador/BA/Brasil,Pix,Concluído
TX_15196,2025-12-24 02:30:00,CLI_762,Biografia,Livros,2388.32,1,Curitiba/PR/Brasil,Cartão de Crédito,Concluído
TX_15197,2025-09-06 15:32:00,CLI_594,Notebook,Eletrônicos,3341.06,4,Curitiba/PR/Brasil,Boleto Bancário,Concluído
TX_15198,2025-05-19 20:31:00,CLI_492,Calça Jeans,Vestuário,1685.85,4,Rio de Janeiro/RJ/Brasil,Cartão de Crédito,Em Processamento
TX_15199,2025-06-18 15:24:00,CLI_696,História,Livros,3436.59,2,Bom Despacho/MG/Brasil,Cartão de Crédito,Em Processamento
TX_15200,2025-12-10 00:48:00,CLI_267,Cafeteira,Casa,1890.25,5,Bom Despacho/MG/Brasil,Boleto Bancário,Concluído
TX_13020,2025-02-11 08:51:00,CLI_747,Cafeteira,Casa,2651.75,1,Bom Despacho/MG/Brasil,Boleto Bancário,Concluído
TX_13899,2025-12-25 03:09:00,CLI_290,Tênis,Vestuário,1039.4,4,Salvador/BA/Brasil,Pix,Concluído
TX_13194,2025-05-11 17:25:00,CLI_877,Ficção Científica,Livros,1816.98,5,Salvador/BA/Brasil,Boleto Bancário,Cancelado
TX_10226,2025-12-09 18:07:00,CLI_331,Calça Jeans,Vestuário,2238.24,1,São Paulo/SP/Brasil,Cartão de Crédito,Cancelado
TX_11277,2025-10-19 22:33:00,CLI_428,Smartphone,Eletrônicos,2928.46,2,Bom Despacho/MG/Brasil,Pix,Cancelado
TX_10392,2025-06-26 14:01:00,CLI_370,Fone de Ouvido,Eletrônicos,1349.91,4,Salvador/BA/Brasil,Boleto Bancário,Em Processamento
TX_10701,2025-02-02 04:07:00,CLI_380,Notebook,Eletrônicos,507.21,4,Bom Despacho/MG/Brasil,Cartão de Crédito,Concluído
TX_11408,2025-08-09 14:10:00,CLI_883,Tênis,Vestuário,96.58,3,Salvador/BA/Brasil,Boleto Bancário,Cancelado
TX_13210,2025-04-23 14:58:00,CLI_865,Smartphone,Eletrônicos,858.41,5,Bom Despacho/MG/Brasil,Pix,Cancelado
TX_10094,2025-06-28 13:56:00,CLI_441,Ficção Científica,Livros,1133.89,1,Curitiba/PR/Brasil,Cartão de Crédito,Concluído
TX_10229,2025-08-02 06:00:00,CLI_137,Camiseta,Vestuário,3490.14,4,Rio de Janeiro/RJ/Brasil,Pix,Concluído
TX_12140,2026-02-03 23:44:00,CLI_347,Desenvolvimento Pessoal,Livros,3486.46,5,São Paulo/SP/Brasil,Pix,Concluído
TX_14852,2026-02-02 09:33:00,CLI_355,Notebook,Eletrônicos,2756.7,2,Salvador/BA/Brasil,Pix,Concluído
TX_14121,2025-06-01 20:38:00,CLI_990,Desenvolvimento Pessoal,Livros,716.15,5,Rio de Janeiro/RJ/Brasil,Pix,Concluído
TX_13978,2025-10-02 12:53:00,CLI_946,Camiseta,Vestuário,2771.61,1,Curitiba/PR/Brasil,Boleto Bancário,Em Processamento
TX_12381,2025-11-21 09:57:00,CLI_561,Ficção Científica,Livros,2334.82,1,Bom Despacho/MG/Brasil,Boleto Bancário,Concluído
TX_10048,2025-07-26 23:47:00,CLI_402,Cadeira Escritório,Casa,1947.13,2,Bom Despacho/MG/Brasil,Pix,Cancelado
TX_13297,2025-05-13 07:44:00,CLI_796,Smartwatch,Eletrônicos,3211.2,4,Salvador/BA/Brasil,Boleto Bancário,Concluído
TX_13953,2025-08-12 17:29:00,CLI_981,Smartphone,Eletrônicos,3029.92,1,Salvador/BA/Brasil,Cartão de Crédito,Em Processamento
TX_11008,2025-01-16 19:59:00,CLI_340,Luminária,Casa,1680.47,1,Bom Despacho/MG/Brasil,Cartão de Crédito,Concluído
TX_10665,2025-10-23 12:31:00,CLI_134,Cadeira Escritório,Casa,3424.14,5,Salvador/BA/Brasil,Pix,Concluído
TX_13829,2025-12-03 14:28:00,CLI_921,História,Livros,2681.77,3,Curitiba/PR/Brasil,Boleto Bancário,Cancelado
TX_12363,2025-05-22 17:33:00,CLI_895,Tênis,Vestuário,1815.71,5,Curitiba/PR/Brasil,Boleto Bancário,Em Processamento
TX_14846,2025-12-02 21:37:00,CLI_412,Biografia,Livros,2369.37,5,Bom Despacho/MG/Brasil,Cartão de Crédito,Cancelado
TX_13049,2025-09-25 04:08:00,CLI_841,Camiseta,Vestuário,2732.38,4,Curitiba/PR/Brasil,Cartão de Crédito,Cancelado
TX_11625,2025-05-21 15:33:00,CLI_382,Desenvolvimento Pessoal,Livros,704.27,5,São Paulo/SP/Brasil,Pix,Concluído
TX_15091,2025-04-24 22:26:00,CLI_228,Luminária,Casa,117.17,4,Rio de Janeiro/RJ/Brasil,Pix,Concluído
TX_10513,2025-05-22 07:43:00,CLI_720,Cafeteira,Casa,3371.25,4,Bom Despacho/MG/Brasil,Pix,Em Processamento
TX_13859,2025-01-22 18:48:00,CLI_675,Cafeteira,Casa,2311.58,3,Bom Despacho/MG/Brasil,Boleto Bancário,Em Processamento
TX_14816,2025-08-06 23:41:00,CLI_509,História,Livros,2641.12,5,Curitiba/PR/Brasil,Cartão de Crédito,Em Processamento
TX_13477,2025-11-02 12:25:00,CLI_147,Tênis,Vestuário,2703.99,1,Rio de Janeiro/RJ/Brasil,Cartão de Crédito,Concluído
TX_10854,2025-11-19 14:44:00,CLI_525,Luminária,Casa,2972.43,5,São Paulo/SP/Brasil,Boleto Bancário,Em Processamento
TX_14654,2025-11-28 21:42:00,CLI_992,Tênis,Vestuário,2745.25,4,Bom Despacho/MG/Brasil,Pix,Concluído
TX_11267,2025-07-30 21:13:00,CLI_597,Smartphone,Eletrônicos,990.05,2,Bom Despacho/MG/Brasil,Cartão de Crédito,Em Processamento
TX_14008,2025-08-18 16:10:00,CLI_494,História,Livros,118.29,2,São Paulo/SP/Brasil,Boleto Bancário,Concluído
TX_14958,2026-01-08 10:10:00,CLI_982,Biografia,Livros,2661.92,2,Curitiba/PR/Brasil,Cartão de Crédito,Concluído
TX_12205,2025-05-01 05:03:00,CLI_273,Cafeteira,Casa,540.46,4,Rio de Janeiro/RJ/Brasil,Cartão de Crédito,Em Processamento
TX_10238,2025-08-17 18:01:00,CLI_820,Camiseta,Vestuário,1275.82,5,Salvador/BA/Brasil,Cartão de Crédito,Concluído
TX_10992,2025-10-23 15:18:00,CLI_750,Tênis,Vestuário,716.88,4,Bom Despacho/MG/Brasil,Cartão de Crédito,Concluído
TX_10124,2025-08-21 12:39:00,CLI_786,Calça Jeans,Vestuário,3323.59,5,Curitiba/PR/Brasil,Pix,Em Processamento
